Transacao,Data de compra,ID Consumidor,ID Produto,Quantidade,Venda_unitaria,Faturamento
57,"terça-feira, 5 de janeiro de 2021",3533,14,4,"R$ 2,5",R$ 10
96,"terça-feira, 12 de janeiro de 2021",7702,14,4,"R$ 2,5",R$ 10
202,"sábado, 23 de janeiro de 2021",3776,14,4,"R$ 2,5",R$ 10
241,"quarta-feira, 27 de janeiro de 2021",10026,14,4,"R$ 2,5",R$ 10
293,"domingo, 31 de janeiro de 2021",3012,14,4,"R$ 2,5",R$ 10
294,"segunda-feira, 1 de fevereiro de 2021",6083,14,4,"R$ 2,5",R$ 10
305,"segunda-feira, 1 de fevereiro de 2021",6675,14,4,"R$ 2,5",R$ 10
566,"terça-feira, 23 de fevereiro de 2021",6949,14,4,"R$ 2,5",R$ 10
578,"quarta-feira, 24 de fevereiro de 2021",9977,14,4,"R$ 2,5",R$ 10
791,"quinta-feira, 11 de março de 2021",7149,14,4,"R$ 2,5",R$ 10
794,"quinta-feira, 11 de março de 2021",6551,14,4,"R$ 2,5",R$ 10
860,"segunda-feira, 15 de março de 2021",1392,14,4,"R$ 2,5",R$ 10
861,"terça-feira, 16 de março de 2021",9745,14,4,"R$ 2,5",R$ 10
866,"terça-feira, 16 de março de 2021",9703,14,4,"R$ 2,5",R$ 10
888,"quinta-feira, 18 de março de 2021",2389,14,4,"R$ 2,5",R$ 10
931,"sábado, 20 de março de 2021",5167,14,4,"R$ 2,5",R$ 10
951,"domingo, 21 de março de 2021",6841,14,4,"R$ 2,5",R$ 10
959,"segunda-feira, 22 de março de 2021",2756,14,4,"R$ 2,5",R$ 10
1074,"segunda-feira, 29 de março de 2021",7434,14,4,"R$ 2,5",R$ 10
1165,"segunda-feira, 5 de abril de 2021",5002,14,4,"R$ 2,5",R$ 10
1173,"segunda-feira, 5 de abril de 2021",4564,14,4,"R$ 2,5",R$ 10
1195,"quarta-feira, 7 de abril de 2021",6997,14,4,"R$ 2,5",R$ 10
1230,"sábado, 10 de abril de 2021",3977,14,4,"R$ 2,5",R$ 10
1242,"sábado, 10 de abril de 2021",9134,14,4,"R$ 2,5",R$ 10
1253,"domingo, 11 de abril de 2021",5396,14,4,"R$ 2,5",R$ 10
1321,"quinta-feira, 15 de abril de 2021",594,14,4,"R$ 2,5",R$ 10
1431,"sexta-feira, 23 de abril de 2021",1602,14,4,"R$ 2,5",R$ 10
1541,"domingo, 2 de maio de 2021",6739,14,4,"R$ 2,5",R$ 10
1543,"domingo, 2 de maio de 2021",1631,14,4,"R$ 2,5",R$ 10
1640,"sexta-feira, 7 de maio de 2021",8158,14,4,"R$ 2,5",R$ 10
1721,"sábado, 15 de maio de 2021",10120,14,4,"R$ 2,5",R$ 10
1726,"sábado, 15 de maio de 2021",4700,14,4,"R$ 2,5",R$ 10
1750,"segunda-feira, 17 de maio de 2021",5182,14,4,"R$ 2,5",R$ 10
1766,"quarta-feira, 19 de maio de 2021",6964,14,4,"R$ 2,5",R$ 10
1778,"quarta-feira, 19 de maio de 2021",4850,14,4,"R$ 2,5",R$ 10
1853,"terça-feira, 25 de maio de 2021",4490,14,4,"R$ 2,5",R$ 10
1857,"quarta-feira, 26 de maio de 2021",5867,14,4,"R$ 2,5",R$ 10
1867,"quarta-feira, 26 de maio de 2021",9931,14,4,"R$ 2,5",R$ 10
1926,"segunda-feira, 31 de maio de 2021",5855,14,4,"R$ 2,5",R$ 10
1956,"quarta-feira, 2 de junho de 2021",192,14,4,"R$ 2,5",R$ 10
2023,"terça-feira, 8 de junho de 2021",7362,14,4,"R$ 2,5",R$ 10
2031,"terça-feira, 8 de junho de 2021",1481,14,4,"R$ 2,5",R$ 10
2036,"quarta-feira, 9 de junho de 2021",6114,14,4,"R$ 2,5",R$ 10
2102,"quarta-feira, 16 de junho de 2021",4948,14,4,"R$ 2,5",R$ 10
2260,"segunda-feira, 28 de junho de 2021",2106,14,4,"R$ 2,5",R$ 10
2265,"segunda-feira, 28 de junho de 2021",1361,14,4,"R$ 2,5",R$ 10
2279,"terça-feira, 29 de junho de 2021",4315,14,4,"R$ 2,5",R$ 10
2374,"quinta-feira, 8 de julho de 2021",8577,14,4,"R$ 2,5",R$ 10
2385,"sábado, 10 de julho de 2021",4925,14,4,"R$ 2,5",R$ 10
2500,"sábado, 17 de julho de 2021",2961,14,4,"R$ 2,5",R$ 10
2566,"sexta-feira, 23 de julho de 2021",9225,14,4,"R$ 2,5",R$ 10
2575,"sábado, 24 de julho de 2021",3840,14,4,"R$ 2,5",R$ 10
2611,"terça-feira, 27 de julho de 2021",6607,14,4,"R$ 2,5",R$ 10
2678,"segunda-feira, 2 de agosto de 2021",5639,14,4,"R$ 2,5",R$ 10
2682,"segunda-feira, 2 de agosto de 2021",1282,14,4,"R$ 2,5",R$ 10
2781,"terça-feira, 10 de agosto de 2021",8187,14,4,"R$ 2,5",R$ 10
2795,"quarta-feira, 11 de agosto de 2021",2143,14,4,"R$ 2,5",R$ 10
2867,"terça-feira, 17 de agosto de 2021",9631,14,4,"R$ 2,5",R$ 10
2869,"terça-feira, 17 de agosto de 2021",2215,14,4,"R$ 2,5",R$ 10
2922,"sábado, 21 de agosto de 2021",2224,14,4,"R$ 2,5",R$ 10
3021,"segunda-feira, 30 de agosto de 2021",5587,14,4,"R$ 2,5",R$ 10
3062,"sexta-feira, 3 de setembro de 2021",5882,14,4,"R$ 2,5",R$ 10
3090,"domingo, 5 de setembro de 2021",6927,14,4,"R$ 2,5",R$ 10
3119,"terça-feira, 7 de setembro de 2021",7971,14,4,"R$ 2,5",R$ 10
3164,"sábado, 11 de setembro de 2021",997,14,4,"R$ 2,5",R$ 10
3325,"sábado, 25 de setembro de 2021",5656,14,4,"R$ 2,5",R$ 10
3491,"quinta-feira, 7 de outubro de 2021",6567,14,4,"R$ 2,5",R$ 10
3498,"sexta-feira, 8 de outubro de 2021",6966,14,4,"R$ 2,5",R$ 10
3550,"terça-feira, 12 de outubro de 2021",6570,14,4,"R$ 2,5",R$ 10
3553,"terça-feira, 12 de outubro de 2021",4545,14,4,"R$ 2,5",R$ 10
3563,"quarta-feira, 13 de outubro de 2021",847,14,4,"R$ 2,5",R$ 10
3580,"sexta-feira, 15 de outubro de 2021",4619,14,4,"R$ 2,5",R$ 10
3601,"sábado, 16 de outubro de 2021",4221,14,4,"R$ 2,5",R$ 10
3632,"terça-feira, 19 de outubro de 2021",4234,14,4,"R$ 2,5",R$ 10
3661,"sexta-feira, 22 de outubro de 2021",2876,14,4,"R$ 2,5",R$ 10
3739,"sexta-feira, 29 de outubro de 2021",8892,14,4,"R$ 2,5",R$ 10
3795,"terça-feira, 2 de novembro de 2021",4061,14,4,"R$ 2,5",R$ 10
3958,"domingo, 14 de novembro de 2021",1582,14,4,"R$ 2,5",R$ 10
4057,"domingo, 21 de novembro de 2021",9386,14,4,"R$ 2,5",R$ 10
4084,"terça-feira, 23 de novembro de 2021",9069,14,4,"R$ 2,5",R$ 10
4086,"terça-feira, 23 de novembro de 2021",8199,14,4,"R$ 2,5",R$ 10
4165,"segunda-feira, 29 de novembro de 2021",6079,14,4,"R$ 2,5",R$ 10
4254,"sábado, 4 de dezembro de 2021",4556,14,4,"R$ 2,5",R$ 10
4453,"sexta-feira, 17 de dezembro de 2021",769,14,4,"R$ 2,5",R$ 10
4460,"sexta-feira, 17 de dezembro de 2021",5376,14,4,"R$ 2,5",R$ 10
4550,"quarta-feira, 22 de dezembro de 2021",2106,14,4,"R$ 2,5",R$ 10
4606,"domingo, 26 de dezembro de 2021",8189,14,4,"R$ 2,5",R$ 10
4616,"domingo, 26 de dezembro de 2021",588,14,4,"R$ 2,5",R$ 10
4678,"quinta-feira, 30 de dezembro de 2021",4179,14,4,"R$ 2,5",R$ 10
4933,"domingo, 9 de janeiro de 2022",4026,14,4,"R$ 2,5",R$ 10
4978,"terça-feira, 11 de janeiro de 2022",6779,14,4,"R$ 2,5",R$ 10
4979,"terça-feira, 11 de janeiro de 2022",8245,14,4,"R$ 2,5",R$ 10
4998,"quarta-feira, 12 de janeiro de 2022",924,14,4,"R$ 2,5",R$ 10
5088,"sábado, 15 de janeiro de 2022",3396,14,4,"R$ 2,5",R$ 10
5109,"domingo, 16 de janeiro de 2022",5148,14,4,"R$ 2,5",R$ 10
5156,"terça-feira, 18 de janeiro de 2022",6677,14,4,"R$ 2,5",R$ 10
5200,"quinta-feira, 20 de janeiro de 2022",5481,14,4,"R$ 2,5",R$ 10
5209,"quinta-feira, 20 de janeiro de 2022",2832,14,4,"R$ 2,5",R$ 10
5227,"sexta-feira, 21 de janeiro de 2022",52,14,4,"R$ 2,5",R$ 10
5345,"quarta-feira, 26 de janeiro de 2022",919,14,4,"R$ 2,5",R$ 10
5401,"sexta-feira, 28 de janeiro de 2022",4742,14,4,"R$ 2,5",R$ 10
5457,"domingo, 30 de janeiro de 2022",4771,14,4,"R$ 2,5",R$ 10
5485,"segunda-feira, 31 de janeiro de 2022",6240,14,4,"R$ 2,5",R$ 10
5568,"quinta-feira, 3 de fevereiro de 2022",7245,14,4,"R$ 2,5",R$ 10
5584,"quinta-feira, 3 de fevereiro de 2022",3130,14,4,"R$ 2,5",R$ 10
5608,"sexta-feira, 4 de fevereiro de 2022",4584,14,4,"R$ 2,5",R$ 10
5677,"segunda-feira, 7 de fevereiro de 2022",243,14,4,"R$ 2,5",R$ 10
5818,"sábado, 12 de fevereiro de 2022",1259,14,4,"R$ 2,5",R$ 10
5827,"sábado, 12 de fevereiro de 2022",3859,14,4,"R$ 2,5",R$ 10
5886,"segunda-feira, 14 de fevereiro de 2022",453,14,4,"R$ 2,5",R$ 10
5920,"terça-feira, 15 de fevereiro de 2022",5226,14,4,"R$ 2,5",R$ 10
5946,"quarta-feira, 16 de fevereiro de 2022",7638,14,4,"R$ 2,5",R$ 10
5961,"quinta-feira, 17 de fevereiro de 2022",4419,14,4,"R$ 2,5",R$ 10
6021,"sábado, 19 de fevereiro de 2022",1693,14,4,"R$ 2,5",R$ 10
6036,"sábado, 19 de fevereiro de 2022",2329,14,4,"R$ 2,5",R$ 10
6073,"domingo, 20 de fevereiro de 2022",8745,14,4,"R$ 2,5",R$ 10
6359,"quarta-feira, 2 de março de 2022",569,14,4,"R$ 2,5",R$ 10
6366,"quinta-feira, 3 de março de 2022",6607,14,4,"R$ 2,5",R$ 10
6380,"quinta-feira, 3 de março de 2022",248,14,4,"R$ 2,5",R$ 10
6432,"sábado, 5 de março de 2022",3360,14,4,"R$ 2,5",R$ 10
6485,"segunda-feira, 7 de março de 2022",5921,14,4,"R$ 2,5",R$ 10
6550,"quinta-feira, 10 de março de 2022",7812,14,4,"R$ 2,5",R$ 10
6666,"segunda-feira, 14 de março de 2022",5851,14,4,"R$ 2,5",R$ 10
6672,"segunda-feira, 14 de março de 2022",7171,14,4,"R$ 2,5",R$ 10
6748,"quinta-feira, 17 de março de 2022",7630,14,4,"R$ 2,5",R$ 10
6856,"terça-feira, 22 de março de 2022",3016,14,4,"R$ 2,5",R$ 10
6908,"quinta-feira, 24 de março de 2022",1002,14,4,"R$ 2,5",R$ 10
6921,"sexta-feira, 25 de março de 2022",7576,14,4,"R$ 2,5",R$ 10
7194,"segunda-feira, 4 de abril de 2022",395,14,4,"R$ 2,5",R$ 10
7283,"quinta-feira, 7 de abril de 2022",9456,14,4,"R$ 2,5",R$ 10
7313,"sexta-feira, 8 de abril de 2022",340,14,4,"R$ 2,5",R$ 10
7334,"sábado, 9 de abril de 2022",4607,14,4,"R$ 2,5",R$ 10
7454,"quarta-feira, 13 de abril de 2022",1117,14,4,"R$ 2,5",R$ 10
7487,"sexta-feira, 15 de abril de 2022",7652,14,4,"R$ 2,5",R$ 10
7539,"domingo, 17 de abril de 2022",7282,14,4,"R$ 2,5",R$ 10
7541,"domingo, 17 de abril de 2022",8042,14,4,"R$ 2,5",R$ 10
7677,"sexta-feira, 22 de abril de 2022",7247,14,4,"R$ 2,5",R$ 10
7705,"sábado, 23 de abril de 2022",3598,14,4,"R$ 2,5",R$ 10
7709,"sábado, 23 de abril de 2022",3317,14,4,"R$ 2,5",R$ 10
7841,"quarta-feira, 27 de abril de 2022",1864,14,4,"R$ 2,5",R$ 10
7847,"quinta-feira, 28 de abril de 2022",1270,14,4,"R$ 2,5",R$ 10
7882,"sexta-feira, 29 de abril de 2022",8877,14,4,"R$ 2,5",R$ 10
7979,"terça-feira, 3 de maio de 2022",8511,14,4,"R$ 2,5",R$ 10
8003,"quarta-feira, 4 de maio de 2022",3397,14,4,"R$ 2,5",R$ 10
8008,"quarta-feira, 4 de maio de 2022",5050,14,4,"R$ 2,5",R$ 10
8053,"quinta-feira, 5 de maio de 2022",5909,14,4,"R$ 2,5",R$ 10
8378,"terça-feira, 17 de maio de 2022",5813,14,4,"R$ 2,5",R$ 10
8381,"terça-feira, 17 de maio de 2022",5588,14,4,"R$ 2,5",R$ 10
8464,"sexta-feira, 20 de maio de 2022",1755,14,4,"R$ 2,5",R$ 10
8475,"sábado, 21 de maio de 2022",1366,14,4,"R$ 2,5",R$ 10
8533,"segunda-feira, 23 de maio de 2022",6048,14,4,"R$ 2,5",R$ 10
8621,"quinta-feira, 26 de maio de 2022",1948,14,4,"R$ 2,5",R$ 10
8634,"quinta-feira, 26 de maio de 2022",1538,14,4,"R$ 2,5",R$ 10
8659,"sexta-feira, 27 de maio de 2022",3661,14,4,"R$ 2,5",R$ 10
8684,"sábado, 28 de maio de 2022",8285,14,4,"R$ 2,5",R$ 10
8770,"terça-feira, 31 de maio de 2022",5249,14,4,"R$ 2,5",R$ 10
8805,"quarta-feira, 1 de junho de 2022",2513,14,4,"R$ 2,5",R$ 10
8858,"sexta-feira, 3 de junho de 2022",71,14,4,"R$ 2,5",R$ 10
8922,"segunda-feira, 6 de junho de 2022",9016,14,4,"R$ 2,5",R$ 10
8973,"quarta-feira, 8 de junho de 2022",6093,14,4,"R$ 2,5",R$ 10
9009,"quinta-feira, 9 de junho de 2022",1171,14,4,"R$ 2,5",R$ 10
9058,"sábado, 11 de junho de 2022",1511,14,4,"R$ 2,5",R$ 10
9096,"domingo, 12 de junho de 2022",8592,14,4,"R$ 2,5",R$ 10
9190,"quinta-feira, 16 de junho de 2022",3408,14,4,"R$ 2,5",R$ 10
9196,"quinta-feira, 16 de junho de 2022",6581,14,4,"R$ 2,5",R$ 10
9226,"sexta-feira, 17 de junho de 2022",8777,14,4,"R$ 2,5",R$ 10
9274,"domingo, 19 de junho de 2022",1328,14,4,"R$ 2,5",R$ 10
9301,"segunda-feira, 20 de junho de 2022",9456,14,4,"R$ 2,5",R$ 10
9335,"terça-feira, 21 de junho de 2022",7729,14,4,"R$ 2,5",R$ 10
9388,"quinta-feira, 23 de junho de 2022",6774,14,4,"R$ 2,5",R$ 10
9394,"quinta-feira, 23 de junho de 2022",8061,14,4,"R$ 2,5",R$ 10
9408,"sexta-feira, 24 de junho de 2022",3056,14,4,"R$ 2,5",R$ 10
9436,"sábado, 25 de junho de 2022",9379,14,4,"R$ 2,5",R$ 10
9528,"terça-feira, 28 de junho de 2022",7444,14,4,"R$ 2,5",R$ 10
9592,"sexta-feira, 1 de julho de 2022",7355,14,4,"R$ 2,5",R$ 10
9614,"sábado, 2 de julho de 2022",7446,14,4,"R$ 2,5",R$ 10
9637,"sábado, 2 de julho de 2022",5429,14,4,"R$ 2,5",R$ 10
9659,"domingo, 3 de julho de 2022",7580,14,4,"R$ 2,5",R$ 10
9721,"quarta-feira, 6 de julho de 2022",1596,14,4,"R$ 2,5",R$ 10
9848,"domingo, 10 de julho de 2022",10000,14,4,"R$ 2,5",R$ 10
9851,"domingo, 10 de julho de 2022",1750,14,4,"R$ 2,5",R$ 10
10150,"quarta-feira, 20 de julho de 2022",6382,14,4,"R$ 2,5",R$ 10
10187,"quinta-feira, 21 de julho de 2022",2790,14,4,"R$ 2,5",R$ 10
10260,"segunda-feira, 25 de julho de 2022",2711,14,4,"R$ 2,5",R$ 10
10345,"quinta-feira, 28 de julho de 2022",6152,14,4,"R$ 2,5",R$ 10
10395,"sexta-feira, 29 de julho de 2022",6434,14,4,"R$ 2,5",R$ 10
10446,"segunda-feira, 1 de agosto de 2022",5167,14,4,"R$ 2,5",R$ 10
10697,"quarta-feira, 10 de agosto de 2022",8615,14,4,"R$ 2,5",R$ 10
10743,"sexta-feira, 12 de agosto de 2022",6414,14,4,"R$ 2,5",R$ 10
10870,"terça-feira, 16 de agosto de 2022",5723,14,4,"R$ 2,5",R$ 10
10887,"quarta-feira, 17 de agosto de 2022",5294,14,4,"R$ 2,5",R$ 10
10891,"quarta-feira, 17 de agosto de 2022",5616,14,4,"R$ 2,5",R$ 10
10945,"sábado, 20 de agosto de 2022",2115,14,4,"R$ 2,5",R$ 10
10958,"sábado, 20 de agosto de 2022",1466,14,4,"R$ 2,5",R$ 10
10961,"sábado, 20 de agosto de 2022",1402,14,4,"R$ 2,5",R$ 10
10974,"domingo, 21 de agosto de 2022",1003,14,4,"R$ 2,5",R$ 10
10993,"domingo, 21 de agosto de 2022",75,14,4,"R$ 2,5",R$ 10
11007,"segunda-feira, 22 de agosto de 2022",1690,14,4,"R$ 2,5",R$ 10
11069,"quarta-feira, 24 de agosto de 2022",7658,14,4,"R$ 2,5",R$ 10
11088,"quinta-feira, 25 de agosto de 2022",2371,14,4,"R$ 2,5",R$ 10
11117,"sexta-feira, 26 de agosto de 2022",55,14,4,"R$ 2,5",R$ 10
11221,"terça-feira, 30 de agosto de 2022",1550,14,4,"R$ 2,5",R$ 10
11239,"quarta-feira, 31 de agosto de 2022",9956,14,4,"R$ 2,5",R$ 10
11314,"sábado, 3 de setembro de 2022",9770,14,4,"R$ 2,5",R$ 10
11383,"segunda-feira, 5 de setembro de 2022",8228,14,4,"R$ 2,5",R$ 10
11425,"quarta-feira, 7 de setembro de 2022",7221,14,4,"R$ 2,5",R$ 10
11475,"sexta-feira, 9 de setembro de 2022",2973,14,4,"R$ 2,5",R$ 10
11477,"sexta-feira, 9 de setembro de 2022",3901,14,4,"R$ 2,5",R$ 10
11478,"sexta-feira, 9 de setembro de 2022",10095,14,4,"R$ 2,5",R$ 10
11538,"domingo, 11 de setembro de 2022",5348,14,4,"R$ 2,5",R$ 10
11542,"domingo, 11 de setembro de 2022",780,14,4,"R$ 2,5",R$ 10
11547,"segunda-feira, 12 de setembro de 2022",1551,14,4,"R$ 2,5",R$ 10
11619,"quarta-feira, 14 de setembro de 2022",6311,14,4,"R$ 2,5",R$ 10
11695,"sábado, 17 de setembro de 2022",6222,14,4,"R$ 2,5",R$ 10
11911,"sábado, 24 de setembro de 2022",2918,14,4,"R$ 2,5",R$ 10
11923,"domingo, 25 de setembro de 2022",2641,14,4,"R$ 2,5",R$ 10
11938,"domingo, 25 de setembro de 2022",8850,14,4,"R$ 2,5",R$ 10
12211,"quinta-feira, 6 de outubro de 2022",1097,14,4,"R$ 2,5",R$ 10
12220,"quinta-feira, 6 de outubro de 2022",3191,14,4,"R$ 2,5",R$ 10
12332,"segunda-feira, 10 de outubro de 2022",5129,14,4,"R$ 2,5",R$ 10
12434,"quinta-feira, 13 de outubro de 2022",7169,14,4,"R$ 2,5",R$ 10
12448,"sexta-feira, 14 de outubro de 2022",472,14,4,"R$ 2,5",R$ 10
12502,"domingo, 16 de outubro de 2022",7087,14,4,"R$ 2,5",R$ 10
12646,"sexta-feira, 21 de outubro de 2022",158,14,4,"R$ 2,5",R$ 10
12729,"segunda-feira, 24 de outubro de 2022",8734,14,4,"R$ 2,5",R$ 10
12759,"terça-feira, 25 de outubro de 2022",2176,14,4,"R$ 2,5",R$ 10
12769,"terça-feira, 25 de outubro de 2022",6923,14,4,"R$ 2,5",R$ 10
12794,"quarta-feira, 26 de outubro de 2022",8893,14,4,"R$ 2,5",R$ 10
12836,"sexta-feira, 28 de outubro de 2022",1770,14,4,"R$ 2,5",R$ 10
12851,"sexta-feira, 28 de outubro de 2022",571,14,4,"R$ 2,5",R$ 10
12856,"sexta-feira, 28 de outubro de 2022",1636,14,4,"R$ 2,5",R$ 10
12870,"sábado, 29 de outubro de 2022",197,14,4,"R$ 2,5",R$ 10
12871,"sábado, 29 de outubro de 2022",6523,14,4,"R$ 2,5",R$ 10
12900,"domingo, 30 de outubro de 2022",5301,14,4,"R$ 2,5",R$ 10
12989,"quarta-feira, 2 de novembro de 2022",5054,14,4,"R$ 2,5",R$ 10
13000,"quarta-feira, 2 de novembro de 2022",7685,14,4,"R$ 2,5",R$ 10
13010,"quinta-feira, 3 de novembro de 2022",2251,14,4,"R$ 2,5",R$ 10
13016,"quinta-feira, 3 de novembro de 2022",5349,14,4,"R$ 2,5",R$ 10
13069,"sábado, 5 de novembro de 2022",1394,14,4,"R$ 2,5",R$ 10
13079,"sábado, 5 de novembro de 2022",5538,14,4,"R$ 2,5",R$ 10
13157,"terça-feira, 8 de novembro de 2022",6934,14,4,"R$ 2,5",R$ 10
13189,"quarta-feira, 9 de novembro de 2022",1259,14,4,"R$ 2,5",R$ 10
13203,"quinta-feira, 10 de novembro de 2022",2057,14,4,"R$ 2,5",R$ 10
13304,"domingo, 13 de novembro de 2022",165,14,4,"R$ 2,5",R$ 10
13446,"sexta-feira, 18 de novembro de 2022",8522,14,4,"R$ 2,5",R$ 10
13736,"quarta-feira, 30 de novembro de 2022",919,14,4,"R$ 2,5",R$ 10
13784,"sábado, 3 de dezembro de 2022",1103,14,4,"R$ 2,5",R$ 10
13917,"segunda-feira, 12 de dezembro de 2022",2769,14,4,"R$ 2,5",R$ 10
13919,"segunda-feira, 12 de dezembro de 2022",7646,14,4,"R$ 2,5",R$ 10
13953,"quarta-feira, 14 de dezembro de 2022",8968,14,4,"R$ 2,5",R$ 10
14025,"sábado, 24 de dezembro de 2022",9040,14,4,"R$ 2,5",R$ 10
14041,"segunda-feira, 26 de dezembro de 2022",5050,14,4,"R$ 2,5",R$ 10
119,"sexta-feira, 15 de janeiro de 2021",10213,15,4,R$ 7,R$ 28
216,"segunda-feira, 25 de janeiro de 2021",8342,15,4,R$ 7,R$ 28
243,"quarta-feira, 27 de janeiro de 2021",5499,15,4,R$ 7,R$ 28
298,"segunda-feira, 1 de fevereiro de 2021",5686,15,4,R$ 7,R$ 28
312,"terça-feira, 2 de fevereiro de 2021",3020,15,4,R$ 7,R$ 28
365,"sexta-feira, 5 de fevereiro de 2021",7281,15,4,R$ 7,R$ 28
417,"quarta-feira, 10 de fevereiro de 2021",8116,15,4,R$ 7,R$ 28
520,"sexta-feira, 19 de fevereiro de 2021",8765,15,4,R$ 7,R$ 28
529,"sexta-feira, 19 de fevereiro de 2021",7109,15,4,R$ 7,R$ 28
536,"sábado, 20 de fevereiro de 2021",5026,15,4,R$ 7,R$ 28
549,"segunda-feira, 22 de fevereiro de 2021",6204,15,4,R$ 7,R$ 28
586,"quarta-feira, 24 de fevereiro de 2021",9310,15,4,R$ 7,R$ 28
638,"domingo, 28 de fevereiro de 2021",7206,15,4,R$ 7,R$ 28
657,"terça-feira, 2 de março de 2021",2775,15,4,R$ 7,R$ 28
715,"sexta-feira, 5 de março de 2021",2269,15,4,R$ 7,R$ 28
748,"segunda-feira, 8 de março de 2021",8098,15,4,R$ 7,R$ 28
751,"segunda-feira, 8 de março de 2021",9481,15,4,R$ 7,R$ 28
790,"quinta-feira, 11 de março de 2021",8777,15,4,R$ 7,R$ 28
836,"sábado, 13 de março de 2021",6319,15,4,R$ 7,R$ 28
856,"segunda-feira, 15 de março de 2021",8483,15,4,R$ 7,R$ 28
870,"terça-feira, 16 de março de 2021",5433,15,4,R$ 7,R$ 28
874,"quarta-feira, 17 de março de 2021",6087,15,4,R$ 7,R$ 28
891,"quinta-feira, 18 de março de 2021",5948,15,4,R$ 7,R$ 28
915,"sexta-feira, 19 de março de 2021",2921,15,4,R$ 7,R$ 28
918,"sexta-feira, 19 de março de 2021",5781,15,4,R$ 7,R$ 28
960,"segunda-feira, 22 de março de 2021",3019,15,4,R$ 7,R$ 28
1088,"terça-feira, 30 de março de 2021",9467,15,4,R$ 7,R$ 28
1106,"quinta-feira, 1 de abril de 2021",7569,15,4,R$ 7,R$ 28
1383,"segunda-feira, 19 de abril de 2021",4340,15,4,R$ 7,R$ 28
1420,"quinta-feira, 22 de abril de 2021",9581,15,4,R$ 7,R$ 28
1421,"quinta-feira, 22 de abril de 2021",7331,15,4,R$ 7,R$ 28
1427,"quinta-feira, 22 de abril de 2021",9760,15,4,R$ 7,R$ 28
1563,"segunda-feira, 3 de maio de 2021",3271,15,4,R$ 7,R$ 28
1736,"domingo, 16 de maio de 2021",4541,15,4,R$ 7,R$ 28
1858,"quarta-feira, 26 de maio de 2021",6194,15,4,R$ 7,R$ 28
1973,"quinta-feira, 3 de junho de 2021",5875,15,4,R$ 7,R$ 28
2002,"domingo, 6 de junho de 2021",2296,15,4,R$ 7,R$ 28
2096,"terça-feira, 15 de junho de 2021",5877,15,4,R$ 7,R$ 28
2098,"quarta-feira, 16 de junho de 2021",282,15,4,R$ 7,R$ 28
2121,"sexta-feira, 18 de junho de 2021",9306,15,4,R$ 7,R$ 28
2193,"terça-feira, 22 de junho de 2021",3196,15,4,R$ 7,R$ 28
2266,"terça-feira, 29 de junho de 2021",5060,15,4,R$ 7,R$ 28
2272,"terça-feira, 29 de junho de 2021",7241,15,4,R$ 7,R$ 28
2547,"quinta-feira, 22 de julho de 2021",3692,15,4,R$ 7,R$ 28
2593,"segunda-feira, 26 de julho de 2021",4479,15,4,R$ 7,R$ 28
2685,"segunda-feira, 2 de agosto de 2021",5547,15,4,R$ 7,R$ 28
2715,"quinta-feira, 5 de agosto de 2021",4401,15,4,R$ 7,R$ 28
2790,"terça-feira, 10 de agosto de 2021",2963,15,4,R$ 7,R$ 28
2893,"sexta-feira, 20 de agosto de 2021",1173,15,4,R$ 7,R$ 28
2955,"terça-feira, 24 de agosto de 2021",1468,15,4,R$ 7,R$ 28
3025,"segunda-feira, 30 de agosto de 2021",4471,15,4,R$ 7,R$ 28
3121,"terça-feira, 7 de setembro de 2021",993,15,4,R$ 7,R$ 28
3168,"sábado, 11 de setembro de 2021",4567,15,4,R$ 7,R$ 28
3186,"segunda-feira, 13 de setembro de 2021",5014,15,4,R$ 7,R$ 28
3219,"quarta-feira, 15 de setembro de 2021",4210,15,4,R$ 7,R$ 28
3247,"sábado, 18 de setembro de 2021",4998,15,4,R$ 7,R$ 28
3281,"segunda-feira, 20 de setembro de 2021",6574,15,4,R$ 7,R$ 28
3317,"sábado, 25 de setembro de 2021",378,15,4,R$ 7,R$ 28
3327,"sábado, 25 de setembro de 2021",6877,15,4,R$ 7,R$ 28
3372,"quarta-feira, 29 de setembro de 2021",9997,15,4,R$ 7,R$ 28
3440,"segunda-feira, 4 de outubro de 2021",1659,15,4,R$ 7,R$ 28
3595,"sexta-feira, 15 de outubro de 2021",7366,15,4,R$ 7,R$ 28
3685,"domingo, 24 de outubro de 2021",2751,15,4,R$ 7,R$ 28
3811,"quarta-feira, 3 de novembro de 2021",6760,15,4,R$ 7,R$ 28
3827,"quinta-feira, 4 de novembro de 2021",10176,15,4,R$ 7,R$ 28
3898,"quarta-feira, 10 de novembro de 2021",1798,15,4,R$ 7,R$ 28
3900,"quarta-feira, 10 de novembro de 2021",6271,15,4,R$ 7,R$ 28
3972,"segunda-feira, 15 de novembro de 2021",6560,15,4,R$ 7,R$ 28
3976,"terça-feira, 16 de novembro de 2021",601,15,4,R$ 7,R$ 28
3977,"terça-feira, 16 de novembro de 2021",2493,15,4,R$ 7,R$ 28
4073,"segunda-feira, 22 de novembro de 2021",1141,15,4,R$ 7,R$ 28
4139,"sábado, 27 de novembro de 2021",2756,15,4,R$ 7,R$ 28
4152,"domingo, 28 de novembro de 2021",1070,15,4,R$ 7,R$ 28
4189,"quarta-feira, 1 de dezembro de 2021",3198,15,4,R$ 7,R$ 28
4201,"quinta-feira, 2 de dezembro de 2021",6174,15,4,R$ 7,R$ 28
4244,"sábado, 4 de dezembro de 2021",5471,15,4,R$ 7,R$ 28
4347,"sexta-feira, 10 de dezembro de 2021",1987,15,4,R$ 7,R$ 28
4363,"sábado, 11 de dezembro de 2021",8550,15,4,R$ 7,R$ 28
4411,"quarta-feira, 15 de dezembro de 2021",8730,15,4,R$ 7,R$ 28
4472,"sábado, 18 de dezembro de 2021",1412,15,4,R$ 7,R$ 28
4486,"domingo, 19 de dezembro de 2021",5163,15,4,R$ 7,R$ 28
4525,"terça-feira, 21 de dezembro de 2021",2890,15,4,R$ 7,R$ 28
4644,"terça-feira, 28 de dezembro de 2021",6683,15,4,R$ 7,R$ 28
4687,"quinta-feira, 30 de dezembro de 2021",472,15,4,R$ 7,R$ 28
4737,"sábado, 1 de janeiro de 2022",7920,15,4,R$ 7,R$ 28
4808,"terça-feira, 4 de janeiro de 2022",3503,15,4,R$ 7,R$ 28
4836,"quarta-feira, 5 de janeiro de 2022",3727,15,4,R$ 7,R$ 28
4944,"segunda-feira, 10 de janeiro de 2022",7215,15,4,R$ 7,R$ 28
5091,"sábado, 15 de janeiro de 2022",6621,15,4,R$ 7,R$ 28
5097,"domingo, 16 de janeiro de 2022",9897,15,4,R$ 7,R$ 28
5139,"terça-feira, 18 de janeiro de 2022",2015,15,4,R$ 7,R$ 28
5186,"quinta-feira, 20 de janeiro de 2022",10273,15,4,R$ 7,R$ 28
5191,"quinta-feira, 20 de janeiro de 2022",2493,15,4,R$ 7,R$ 28
5202,"quinta-feira, 20 de janeiro de 2022",2769,15,4,R$ 7,R$ 28
5373,"quinta-feira, 27 de janeiro de 2022",1551,15,4,R$ 7,R$ 28
5396,"sexta-feira, 28 de janeiro de 2022",5432,15,4,R$ 7,R$ 28
5430,"sábado, 29 de janeiro de 2022",1328,15,4,R$ 7,R$ 28
5438,"domingo, 30 de janeiro de 2022",5508,15,4,R$ 7,R$ 28
5459,"domingo, 30 de janeiro de 2022",1720,15,4,R$ 7,R$ 28
5539,"quarta-feira, 2 de fevereiro de 2022",6779,15,4,R$ 7,R$ 28
5547,"quarta-feira, 2 de fevereiro de 2022",5617,15,4,R$ 7,R$ 28
5593,"sexta-feira, 4 de fevereiro de 2022",3302,15,4,R$ 7,R$ 28
5621,"sexta-feira, 4 de fevereiro de 2022",10274,15,4,R$ 7,R$ 28
5915,"terça-feira, 15 de fevereiro de 2022",4094,15,4,R$ 7,R$ 28
6004,"sexta-feira, 18 de fevereiro de 2022",571,15,4,R$ 7,R$ 28
6147,"quarta-feira, 23 de fevereiro de 2022",7893,15,4,R$ 7,R$ 28
6215,"sexta-feira, 25 de fevereiro de 2022",4028,15,4,R$ 7,R$ 28
6216,"sexta-feira, 25 de fevereiro de 2022",3278,15,4,R$ 7,R$ 28
6222,"sábado, 26 de fevereiro de 2022",2510,15,4,R$ 7,R$ 28
6310,"segunda-feira, 28 de fevereiro de 2022",9249,15,4,R$ 7,R$ 28
6329,"terça-feira, 1 de março de 2022",9354,15,4,R$ 7,R$ 28
6396,"sexta-feira, 4 de março de 2022",3730,15,4,R$ 7,R$ 28
6571,"quinta-feira, 10 de março de 2022",8212,15,4,R$ 7,R$ 28
6574,"quinta-feira, 10 de março de 2022",7828,15,4,R$ 7,R$ 28
6755,"sexta-feira, 18 de março de 2022",3950,15,4,R$ 7,R$ 28
6763,"sexta-feira, 18 de março de 2022",7448,15,4,R$ 7,R$ 28
6776,"sexta-feira, 18 de março de 2022",4003,15,4,R$ 7,R$ 28
6793,"sábado, 19 de março de 2022",2242,15,4,R$ 7,R$ 28
6861,"terça-feira, 22 de março de 2022",7149,15,4,R$ 7,R$ 28
6931,"sexta-feira, 25 de março de 2022",7595,15,4,R$ 7,R$ 28
6945,"sábado, 26 de março de 2022",5070,15,4,R$ 7,R$ 28
7039,"terça-feira, 29 de março de 2022",2118,15,4,R$ 7,R$ 28
7092,"quinta-feira, 31 de março de 2022",1430,15,4,R$ 7,R$ 28
7095,"quinta-feira, 31 de março de 2022",4892,15,4,R$ 7,R$ 28
7109,"quinta-feira, 31 de março de 2022",8704,15,4,R$ 7,R$ 28
7193,"domingo, 3 de abril de 2022",5235,15,4,R$ 7,R$ 28
7209,"segunda-feira, 4 de abril de 2022",7929,15,4,R$ 7,R$ 28
7296,"quinta-feira, 7 de abril de 2022",6677,15,4,R$ 7,R$ 28
7344,"sábado, 9 de abril de 2022",4391,15,4,R$ 7,R$ 28
7365,"domingo, 10 de abril de 2022",843,15,4,R$ 7,R$ 28
7446,"quarta-feira, 13 de abril de 2022",5341,15,4,R$ 7,R$ 28
7471,"quinta-feira, 14 de abril de 2022",7633,15,4,R$ 7,R$ 28
7799,"terça-feira, 26 de abril de 2022",5660,15,4,R$ 7,R$ 28
7817,"quarta-feira, 27 de abril de 2022",711,15,4,R$ 7,R$ 28
7994,"terça-feira, 3 de maio de 2022",6464,15,4,R$ 7,R$ 28
8006,"quarta-feira, 4 de maio de 2022",6372,15,4,R$ 7,R$ 28
8027,"quarta-feira, 4 de maio de 2022",3366,15,4,R$ 7,R$ 28
8145,"domingo, 8 de maio de 2022",5848,15,4,R$ 7,R$ 28
8305,"sábado, 14 de maio de 2022",9481,15,4,R$ 7,R$ 28
8343,"segunda-feira, 16 de maio de 2022",8471,15,4,R$ 7,R$ 28
8409,"quarta-feira, 18 de maio de 2022",8709,15,4,R$ 7,R$ 28
8434,"quinta-feira, 19 de maio de 2022",6111,15,4,R$ 7,R$ 28
8450,"sexta-feira, 20 de maio de 2022",4484,15,4,R$ 7,R$ 28
8500,"sábado, 21 de maio de 2022",8860,15,4,R$ 7,R$ 28
8505,"domingo, 22 de maio de 2022",2568,15,4,R$ 7,R$ 28
8575,"terça-feira, 24 de maio de 2022",893,15,4,R$ 7,R$ 28
8583,"terça-feira, 24 de maio de 2022",1174,15,4,R$ 7,R$ 28
8717,"domingo, 29 de maio de 2022",3234,15,4,R$ 7,R$ 28
8720,"domingo, 29 de maio de 2022",9984,15,4,R$ 7,R$ 28
8723,"domingo, 29 de maio de 2022",7131,15,4,R$ 7,R$ 28
8738,"segunda-feira, 30 de maio de 2022",3974,15,4,R$ 7,R$ 28
8782,"terça-feira, 31 de maio de 2022",5712,15,4,R$ 7,R$ 28
8835,"quinta-feira, 2 de junho de 2022",1050,15,4,R$ 7,R$ 28
8875,"sábado, 4 de junho de 2022",8564,15,4,R$ 7,R$ 28
8920,"segunda-feira, 6 de junho de 2022",5578,15,4,R$ 7,R$ 28
9019,"quinta-feira, 9 de junho de 2022",6855,15,4,R$ 7,R$ 28
9025,"quinta-feira, 9 de junho de 2022",4179,15,4,R$ 7,R$ 28
9221,"sexta-feira, 17 de junho de 2022",1295,15,4,R$ 7,R$ 28
9402,"quinta-feira, 23 de junho de 2022",1141,15,4,R$ 7,R$ 28
9432,"sábado, 25 de junho de 2022",8362,15,4,R$ 7,R$ 28
9545,"quarta-feira, 29 de junho de 2022",5584,15,4,R$ 7,R$ 28
9617,"sábado, 2 de julho de 2022",7632,15,4,R$ 7,R$ 28
9664,"domingo, 3 de julho de 2022",9777,15,4,R$ 7,R$ 28
9827,"sábado, 9 de julho de 2022",7072,15,4,R$ 7,R$ 28
9940,"quarta-feira, 13 de julho de 2022",4662,15,4,R$ 7,R$ 28
9985,"quinta-feira, 14 de julho de 2022",10181,15,4,R$ 7,R$ 28
10007,"sexta-feira, 15 de julho de 2022",2215,15,4,R$ 7,R$ 28
10065,"domingo, 17 de julho de 2022",1438,15,4,R$ 7,R$ 28
10177,"quinta-feira, 21 de julho de 2022",8239,15,4,R$ 7,R$ 28
10205,"sexta-feira, 22 de julho de 2022",8040,15,4,R$ 7,R$ 28
10252,"domingo, 24 de julho de 2022",1594,15,4,R$ 7,R$ 28
10332,"quarta-feira, 27 de julho de 2022",4732,15,4,R$ 7,R$ 28
10364,"quinta-feira, 28 de julho de 2022",4771,15,4,R$ 7,R$ 28
10557,"sexta-feira, 5 de agosto de 2022",4742,15,4,R$ 7,R$ 28
10606,"domingo, 7 de agosto de 2022",4586,15,4,R$ 7,R$ 28
10677,"terça-feira, 9 de agosto de 2022",1390,15,4,R$ 7,R$ 28
10684,"quarta-feira, 10 de agosto de 2022",8289,15,4,R$ 7,R$ 28
10706,"quinta-feira, 11 de agosto de 2022",8077,15,4,R$ 7,R$ 28
10734,"quinta-feira, 11 de agosto de 2022",10280,15,4,R$ 7,R$ 28
10855,"terça-feira, 16 de agosto de 2022",8336,15,4,R$ 7,R$ 28
10874,"quarta-feira, 17 de agosto de 2022",597,15,4,R$ 7,R$ 28
10886,"quarta-feira, 17 de agosto de 2022",4558,15,4,R$ 7,R$ 28
10895,"quarta-feira, 17 de agosto de 2022",337,15,4,R$ 7,R$ 28
10959,"sábado, 20 de agosto de 2022",4998,15,4,R$ 7,R$ 28
11013,"segunda-feira, 22 de agosto de 2022",305,15,4,R$ 7,R$ 28
11030,"terça-feira, 23 de agosto de 2022",7873,15,4,R$ 7,R$ 28
11041,"terça-feira, 23 de agosto de 2022",7764,15,4,R$ 7,R$ 28
11121,"sexta-feira, 26 de agosto de 2022",5766,15,4,R$ 7,R$ 28
11206,"terça-feira, 30 de agosto de 2022",8119,15,4,R$ 7,R$ 28
11225,"terça-feira, 30 de agosto de 2022",5572,15,4,R$ 7,R$ 28
11354,"domingo, 4 de setembro de 2022",8870,15,4,R$ 7,R$ 28
11357,"segunda-feira, 5 de setembro de 2022",1930,15,4,R$ 7,R$ 28
11359,"segunda-feira, 5 de setembro de 2022",8281,15,4,R$ 7,R$ 28
11437,"quinta-feira, 8 de setembro de 2022",10001,15,4,R$ 7,R$ 28
11445,"quinta-feira, 8 de setembro de 2022",850,15,4,R$ 7,R$ 28
11460,"sexta-feira, 9 de setembro de 2022",6052,15,4,R$ 7,R$ 28
11502,"sábado, 10 de setembro de 2022",8687,15,4,R$ 7,R$ 28
11539,"domingo, 11 de setembro de 2022",6652,15,4,R$ 7,R$ 28
11579,"terça-feira, 13 de setembro de 2022",4771,15,4,R$ 7,R$ 28
11604,"quarta-feira, 14 de setembro de 2022",4671,15,4,R$ 7,R$ 28
11624,"quarta-feira, 14 de setembro de 2022",524,15,4,R$ 7,R$ 28
11649,"quinta-feira, 15 de setembro de 2022",7392,15,4,R$ 7,R$ 28
11668,"sexta-feira, 16 de setembro de 2022",9016,15,4,R$ 7,R$ 28
11841,"quinta-feira, 22 de setembro de 2022",1567,15,4,R$ 7,R$ 28
11845,"quinta-feira, 22 de setembro de 2022",3571,15,4,R$ 7,R$ 28
12119,"domingo, 2 de outubro de 2022",2439,15,4,R$ 7,R$ 28
12141,"segunda-feira, 3 de outubro de 2022",8975,15,4,R$ 7,R$ 28
12174,"terça-feira, 4 de outubro de 2022",7634,15,4,R$ 7,R$ 28
12243,"sexta-feira, 7 de outubro de 2022",9790,15,4,R$ 7,R$ 28
12252,"sexta-feira, 7 de outubro de 2022",448,15,4,R$ 7,R$ 28
12341,"segunda-feira, 10 de outubro de 2022",5971,15,4,R$ 7,R$ 28
12398,"quarta-feira, 12 de outubro de 2022",4459,15,4,R$ 7,R$ 28
12404,"quinta-feira, 13 de outubro de 2022",5578,15,4,R$ 7,R$ 28
12432,"quinta-feira, 13 de outubro de 2022",9247,15,4,R$ 7,R$ 28
12543,"terça-feira, 18 de outubro de 2022",7782,15,4,R$ 7,R$ 28
12583,"quarta-feira, 19 de outubro de 2022",4225,15,4,R$ 7,R$ 28
12589,"quarta-feira, 19 de outubro de 2022",958,15,4,R$ 7,R$ 28
12607,"quinta-feira, 20 de outubro de 2022",4001,15,4,R$ 7,R$ 28
12665,"sábado, 22 de outubro de 2022",9099,15,4,R$ 7,R$ 28
12809,"quinta-feira, 27 de outubro de 2022",1145,15,4,R$ 7,R$ 28
12844,"sexta-feira, 28 de outubro de 2022",3209,15,4,R$ 7,R$ 28
12919,"segunda-feira, 31 de outubro de 2022",943,15,4,R$ 7,R$ 28
12935,"terça-feira, 1 de novembro de 2022",6100,15,4,R$ 7,R$ 28
12973,"terça-feira, 1 de novembro de 2022",8279,15,4,R$ 7,R$ 28
13007,"quarta-feira, 2 de novembro de 2022",3661,15,4,R$ 7,R$ 28
13037,"sexta-feira, 4 de novembro de 2022",7356,15,4,R$ 7,R$ 28
13083,"domingo, 6 de novembro de 2022",1930,15,4,R$ 7,R$ 28
13140,"terça-feira, 8 de novembro de 2022",1547,15,4,R$ 7,R$ 28
13151,"terça-feira, 8 de novembro de 2022",7794,15,4,R$ 7,R$ 28
13169,"quarta-feira, 9 de novembro de 2022",1444,15,4,R$ 7,R$ 28
13180,"quarta-feira, 9 de novembro de 2022",6729,15,4,R$ 7,R$ 28
13296,"domingo, 13 de novembro de 2022",4771,15,4,R$ 7,R$ 28
13391,"quarta-feira, 16 de novembro de 2022",5406,15,4,R$ 7,R$ 28
13418,"quinta-feira, 17 de novembro de 2022",5358,15,4,R$ 7,R$ 28
13527,"terça-feira, 22 de novembro de 2022",7348,15,4,R$ 7,R$ 28
13545,"quarta-feira, 23 de novembro de 2022",9649,15,4,R$ 7,R$ 28
13563,"quarta-feira, 23 de novembro de 2022",5977,15,4,R$ 7,R$ 28
13631,"sábado, 26 de novembro de 2022",788,15,4,R$ 7,R$ 28
13693,"terça-feira, 29 de novembro de 2022",644,15,4,R$ 7,R$ 28
13768,"sexta-feira, 2 de dezembro de 2022",9895,15,4,R$ 7,R$ 28
13813,"domingo, 4 de dezembro de 2022",8069,15,4,R$ 7,R$ 28
13827,"segunda-feira, 5 de dezembro de 2022",3370,15,4,R$ 7,R$ 28
13854,"quarta-feira, 7 de dezembro de 2022",4274,15,4,R$ 7,R$ 28
13930,"terça-feira, 13 de dezembro de 2022",8199,15,4,R$ 7,R$ 28
13939,"terça-feira, 13 de dezembro de 2022",7409,15,4,R$ 7,R$ 28
13989,"segunda-feira, 19 de dezembro de 2022",1773,15,4,R$ 7,R$ 28
14007,"quarta-feira, 21 de dezembro de 2022",7794,15,4,R$ 7,R$ 28
14020,"sábado, 24 de dezembro de 2022",5665,15,4,R$ 7,R$ 28
194,"sábado, 23 de janeiro de 2021",304,20,4,R$ 80,R$ 320
246,"quarta-feira, 27 de janeiro de 2021",8901,20,4,R$ 80,R$ 320
344,"quinta-feira, 4 de fevereiro de 2021",7619,20,4,R$ 80,R$ 320
371,"sábado, 6 de fevereiro de 2021",6960,20,4,R$ 80,R$ 320
422,"quinta-feira, 11 de fevereiro de 2021",4892,20,4,R$ 80,R$ 320
613,"sábado, 27 de fevereiro de 2021",4783,20,4,R$ 80,R$ 320
670,"terça-feira, 2 de março de 2021",5789,20,4,R$ 80,R$ 320
728,"sábado, 6 de março de 2021",6708,20,4,R$ 80,R$ 320
738,"domingo, 7 de março de 2021",8653,20,4,R$ 80,R$ 320
857,"segunda-feira, 15 de março de 2021",8746,20,4,R$ 80,R$ 320
877,"quarta-feira, 17 de março de 2021",7768,20,4,R$ 80,R$ 320
917,"sexta-feira, 19 de março de 2021",3052,20,4,R$ 80,R$ 320
1011,"sexta-feira, 26 de março de 2021",1628,20,4,R$ 80,R$ 320
1060,"segunda-feira, 29 de março de 2021",1415,20,4,R$ 80,R$ 320
1183,"terça-feira, 6 de abril de 2021",3113,20,4,R$ 80,R$ 320
1332,"sexta-feira, 16 de abril de 2021",3735,20,4,R$ 80,R$ 320
1393,"terça-feira, 20 de abril de 2021",4677,20,4,R$ 80,R$ 320
1468,"domingo, 25 de abril de 2021",6153,20,4,R$ 80,R$ 320
1514,"quinta-feira, 29 de abril de 2021",7914,20,4,R$ 80,R$ 320
1528,"sexta-feira, 30 de abril de 2021",8277,20,4,R$ 80,R$ 320
1625,"quinta-feira, 6 de maio de 2021",2035,20,4,R$ 80,R$ 320
1643,"sábado, 8 de maio de 2021",3011,20,4,R$ 80,R$ 320
1694,"quarta-feira, 12 de maio de 2021",10173,20,4,R$ 80,R$ 320
1892,"sexta-feira, 28 de maio de 2021",4391,20,4,R$ 80,R$ 320
1936,"terça-feira, 1 de junho de 2021",4255,20,4,R$ 80,R$ 320
1995,"sábado, 5 de junho de 2021",976,20,4,R$ 80,R$ 320
2097,"terça-feira, 15 de junho de 2021",6695,20,4,R$ 80,R$ 320
2119,"quinta-feira, 17 de junho de 2021",4007,20,4,R$ 80,R$ 320
2159,"domingo, 20 de junho de 2021",9263,20,4,R$ 80,R$ 320
2227,"sexta-feira, 25 de junho de 2021",4417,20,4,R$ 80,R$ 320
2342,"segunda-feira, 5 de julho de 2021",8159,20,4,R$ 80,R$ 320
2364,"quinta-feira, 8 de julho de 2021",8074,20,4,R$ 80,R$ 320
2375,"sexta-feira, 9 de julho de 2021",5543,20,4,R$ 80,R$ 320
2468,"sexta-feira, 16 de julho de 2021",463,20,4,R$ 80,R$ 320
2488,"sábado, 17 de julho de 2021",76,20,4,R$ 80,R$ 320
2567,"sábado, 24 de julho de 2021",5813,20,4,R$ 80,R$ 320
2588,"domingo, 25 de julho de 2021",9622,20,4,R$ 80,R$ 320
2759,"domingo, 8 de agosto de 2021",3124,20,4,R$ 80,R$ 320
2800,"quarta-feira, 11 de agosto de 2021",4582,20,4,R$ 80,R$ 320
2836,"domingo, 15 de agosto de 2021",190,20,4,R$ 80,R$ 320
3061,"sexta-feira, 3 de setembro de 2021",8930,20,4,R$ 80,R$ 320
3162,"sábado, 11 de setembro de 2021",3283,20,4,R$ 80,R$ 320
3163,"sábado, 11 de setembro de 2021",9029,20,4,R$ 80,R$ 320
3238,"sexta-feira, 17 de setembro de 2021",7696,20,4,R$ 80,R$ 320
3336,"domingo, 26 de setembro de 2021",3776,20,4,R$ 80,R$ 320
3426,"domingo, 3 de outubro de 2021",997,20,4,R$ 80,R$ 320
3473,"quarta-feira, 6 de outubro de 2021",2619,20,4,R$ 80,R$ 320
3487,"quarta-feira, 6 de outubro de 2021",3021,20,4,R$ 80,R$ 320
3519,"sábado, 9 de outubro de 2021",6816,20,4,R$ 80,R$ 320
3584,"sexta-feira, 15 de outubro de 2021",7769,20,4,R$ 80,R$ 320
3585,"sexta-feira, 15 de outubro de 2021",2981,20,4,R$ 80,R$ 320
3721,"quarta-feira, 27 de outubro de 2021",1297,20,4,R$ 80,R$ 320
3732,"quinta-feira, 28 de outubro de 2021",2368,20,4,R$ 80,R$ 320
3788,"segunda-feira, 1 de novembro de 2021",8159,20,4,R$ 80,R$ 320
3790,"terça-feira, 2 de novembro de 2021",817,20,4,R$ 80,R$ 320
3802,"terça-feira, 2 de novembro de 2021",8410,20,4,R$ 80,R$ 320
3895,"terça-feira, 9 de novembro de 2021",9027,20,4,R$ 80,R$ 320
3966,"segunda-feira, 15 de novembro de 2021",647,20,4,R$ 80,R$ 320
4096,"quarta-feira, 24 de novembro de 2021",4426,20,4,R$ 80,R$ 320
4125,"sexta-feira, 26 de novembro de 2021",9217,20,4,R$ 80,R$ 320
4172,"segunda-feira, 29 de novembro de 2021",3423,20,4,R$ 80,R$ 320
4240,"sábado, 4 de dezembro de 2021",7281,20,4,R$ 80,R$ 320
4259,"domingo, 5 de dezembro de 2021",7569,20,4,R$ 80,R$ 320
4300,"terça-feira, 7 de dezembro de 2021",9851,20,4,R$ 80,R$ 320
4329,"sexta-feira, 10 de dezembro de 2021",4075,20,4,R$ 80,R$ 320
4376,"domingo, 12 de dezembro de 2021",10050,20,4,R$ 80,R$ 320
4413,"quarta-feira, 15 de dezembro de 2021",2568,20,4,R$ 80,R$ 320
4443,"quinta-feira, 16 de dezembro de 2021",7176,20,4,R$ 80,R$ 320
4459,"sexta-feira, 17 de dezembro de 2021",9728,20,4,R$ 80,R$ 320
4519,"terça-feira, 21 de dezembro de 2021",1795,20,4,R$ 80,R$ 320
4684,"quinta-feira, 30 de dezembro de 2021",9236,20,4,R$ 80,R$ 320
4730,"sábado, 1 de janeiro de 2022",2217,20,4,R$ 80,R$ 320
4752,"domingo, 2 de janeiro de 2022",4614,20,4,R$ 80,R$ 320
4761,"domingo, 2 de janeiro de 2022",6111,20,4,R$ 80,R$ 320
4850,"quinta-feira, 6 de janeiro de 2022",9937,20,4,R$ 80,R$ 320
4852,"quinta-feira, 6 de janeiro de 2022",4029,20,4,R$ 80,R$ 320
4895,"sábado, 8 de janeiro de 2022",8618,20,4,R$ 80,R$ 320
4937,"domingo, 9 de janeiro de 2022",10231,20,4,R$ 80,R$ 320
4951,"segunda-feira, 10 de janeiro de 2022",3551,20,4,R$ 80,R$ 320
4972,"terça-feira, 11 de janeiro de 2022",4497,20,4,R$ 80,R$ 320
5002,"quarta-feira, 12 de janeiro de 2022",6957,20,4,R$ 80,R$ 320
5004,"quarta-feira, 12 de janeiro de 2022",9499,20,4,R$ 80,R$ 320
5012,"quarta-feira, 12 de janeiro de 2022",1212,20,4,R$ 80,R$ 320
5078,"sábado, 15 de janeiro de 2022",9249,20,4,R$ 80,R$ 320
5181,"quarta-feira, 19 de janeiro de 2022",5335,20,4,R$ 80,R$ 320
5268,"domingo, 23 de janeiro de 2022",9200,20,4,R$ 80,R$ 320
5338,"terça-feira, 25 de janeiro de 2022",2905,20,4,R$ 80,R$ 320
5399,"sexta-feira, 28 de janeiro de 2022",4175,20,4,R$ 80,R$ 320
5519,"terça-feira, 1 de fevereiro de 2022",8228,20,4,R$ 80,R$ 320
5526,"terça-feira, 1 de fevereiro de 2022",3124,20,4,R$ 80,R$ 320
5551,"quarta-feira, 2 de fevereiro de 2022",8928,20,4,R$ 80,R$ 320
5669,"domingo, 6 de fevereiro de 2022",2341,20,4,R$ 80,R$ 320
5860,"domingo, 13 de fevereiro de 2022",6629,20,4,R$ 80,R$ 320
5906,"terça-feira, 15 de fevereiro de 2022",9191,20,4,R$ 80,R$ 320
5907,"terça-feira, 15 de fevereiro de 2022",1787,20,4,R$ 80,R$ 320
5992,"sexta-feira, 18 de fevereiro de 2022",7704,20,4,R$ 80,R$ 320
6111,"terça-feira, 22 de fevereiro de 2022",1947,20,4,R$ 80,R$ 320
6165,"quarta-feira, 23 de fevereiro de 2022",924,20,4,R$ 80,R$ 320
6270,"domingo, 27 de fevereiro de 2022",4485,20,4,R$ 80,R$ 320
6297,"segunda-feira, 28 de fevereiro de 2022",3288,20,4,R$ 80,R$ 320
6309,"segunda-feira, 28 de fevereiro de 2022",3077,20,4,R$ 80,R$ 320
6367,"quinta-feira, 3 de março de 2022",9300,20,4,R$ 80,R$ 320
6378,"quinta-feira, 3 de março de 2022",9895,20,4,R$ 80,R$ 320
6413,"sábado, 5 de março de 2022",7689,20,4,R$ 80,R$ 320
6427,"sábado, 5 de março de 2022",3192,20,4,R$ 80,R$ 320
6456,"domingo, 6 de março de 2022",5951,20,4,R$ 80,R$ 320
6472,"segunda-feira, 7 de março de 2022",5970,20,4,R$ 80,R$ 320
6488,"segunda-feira, 7 de março de 2022",3729,20,4,R$ 80,R$ 320
6503,"terça-feira, 8 de março de 2022",10154,20,4,R$ 80,R$ 320
6510,"terça-feira, 8 de março de 2022",6260,20,4,R$ 80,R$ 320
6513,"terça-feira, 8 de março de 2022",2099,20,4,R$ 80,R$ 320
6659,"segunda-feira, 14 de março de 2022",8139,20,4,R$ 80,R$ 320
6798,"sábado, 19 de março de 2022",7633,20,4,R$ 80,R$ 320
6922,"sexta-feira, 25 de março de 2022",6730,20,4,R$ 80,R$ 320
6938,"sexta-feira, 25 de março de 2022",5820,20,4,R$ 80,R$ 320
6959,"sábado, 26 de março de 2022",1191,20,4,R$ 80,R$ 320
7025,"segunda-feira, 28 de março de 2022",1004,20,4,R$ 80,R$ 320
7043,"terça-feira, 29 de março de 2022",5740,20,4,R$ 80,R$ 320
7164,"sábado, 2 de abril de 2022",6681,20,4,R$ 80,R$ 320
7338,"sábado, 9 de abril de 2022",965,20,4,R$ 80,R$ 320
7477,"quinta-feira, 14 de abril de 2022",2686,20,4,R$ 80,R$ 320
7480,"quinta-feira, 14 de abril de 2022",4374,20,4,R$ 80,R$ 320
7521,"sábado, 16 de abril de 2022",2352,20,4,R$ 80,R$ 320
7524,"sábado, 16 de abril de 2022",3548,20,4,R$ 80,R$ 320
7534,"domingo, 17 de abril de 2022",7279,20,4,R$ 80,R$ 320
7537,"domingo, 17 de abril de 2022",4545,20,4,R$ 80,R$ 320
7572,"segunda-feira, 18 de abril de 2022",1237,20,4,R$ 80,R$ 320
7591,"terça-feira, 19 de abril de 2022",1124,20,4,R$ 80,R$ 320
7700,"sexta-feira, 22 de abril de 2022",3903,20,4,R$ 80,R$ 320
7759,"domingo, 24 de abril de 2022",630,20,4,R$ 80,R$ 320
7764,"segunda-feira, 25 de abril de 2022",9820,20,4,R$ 80,R$ 320
7801,"terça-feira, 26 de abril de 2022",5099,20,4,R$ 80,R$ 320
7861,"quinta-feira, 28 de abril de 2022",5387,20,4,R$ 80,R$ 320
7906,"sábado, 30 de abril de 2022",9564,20,4,R$ 80,R$ 320
7956,"segunda-feira, 2 de maio de 2022",3994,20,4,R$ 80,R$ 320
8046,"quinta-feira, 5 de maio de 2022",7190,20,4,R$ 80,R$ 320
8051,"quinta-feira, 5 de maio de 2022",9108,20,4,R$ 80,R$ 320
8147,"domingo, 8 de maio de 2022",568,20,4,R$ 80,R$ 320
8148,"domingo, 8 de maio de 2022",8875,20,4,R$ 80,R$ 320
8426,"quinta-feira, 19 de maio de 2022",7016,20,4,R$ 80,R$ 320
8516,"domingo, 22 de maio de 2022",4914,20,4,R$ 80,R$ 320
8536,"segunda-feira, 23 de maio de 2022",48,20,4,R$ 80,R$ 320
8539,"segunda-feira, 23 de maio de 2022",2705,20,4,R$ 80,R$ 320
8551,"segunda-feira, 23 de maio de 2022",5542,20,4,R$ 80,R$ 320
8657,"sexta-feira, 27 de maio de 2022",9776,20,4,R$ 80,R$ 320
8658,"sexta-feira, 27 de maio de 2022",1133,20,4,R$ 80,R$ 320
8675,"sábado, 28 de maio de 2022",5503,20,4,R$ 80,R$ 320
8691,"sábado, 28 de maio de 2022",8462,20,4,R$ 80,R$ 320
8724,"domingo, 29 de maio de 2022",6582,20,4,R$ 80,R$ 320
8830,"quinta-feira, 2 de junho de 2022",6681,20,4,R$ 80,R$ 320
8963,"terça-feira, 7 de junho de 2022",4374,20,4,R$ 80,R$ 320
9053,"sexta-feira, 10 de junho de 2022",1942,20,4,R$ 80,R$ 320
9231,"sexta-feira, 17 de junho de 2022",1044,20,4,R$ 80,R$ 320
9242,"sábado, 18 de junho de 2022",597,20,4,R$ 80,R$ 320
9310,"segunda-feira, 20 de junho de 2022",2852,20,4,R$ 80,R$ 320
9321,"segunda-feira, 20 de junho de 2022",1119,20,4,R$ 80,R$ 320
9329,"terça-feira, 21 de junho de 2022",8351,20,4,R$ 80,R$ 320
9345,"terça-feira, 21 de junho de 2022",4001,20,4,R$ 80,R$ 320
9527,"terça-feira, 28 de junho de 2022",625,20,4,R$ 80,R$ 320
9560,"quinta-feira, 30 de junho de 2022",9311,20,4,R$ 80,R$ 320
9590,"sexta-feira, 1 de julho de 2022",6466,20,4,R$ 80,R$ 320
9599,"sexta-feira, 1 de julho de 2022",2029,20,4,R$ 80,R$ 320
9625,"sábado, 2 de julho de 2022",511,20,4,R$ 80,R$ 320
9680,"segunda-feira, 4 de julho de 2022",10031,20,4,R$ 80,R$ 320
9753,"quinta-feira, 7 de julho de 2022",1533,20,4,R$ 80,R$ 320
9759,"quinta-feira, 7 de julho de 2022",5981,20,4,R$ 80,R$ 320
9894,"segunda-feira, 11 de julho de 2022",9883,20,4,R$ 80,R$ 320
9913,"terça-feira, 12 de julho de 2022",6882,20,4,R$ 80,R$ 320
9942,"quarta-feira, 13 de julho de 2022",3495,20,4,R$ 80,R$ 320
9995,"sexta-feira, 15 de julho de 2022",8009,20,4,R$ 80,R$ 320
10001,"sexta-feira, 15 de julho de 2022",9119,20,4,R$ 80,R$ 320
10063,"domingo, 17 de julho de 2022",3518,20,4,R$ 80,R$ 320
10185,"quinta-feira, 21 de julho de 2022",10119,20,4,R$ 80,R$ 320
10365,"sexta-feira, 29 de julho de 2022",7220,20,4,R$ 80,R$ 320
10394,"sexta-feira, 29 de julho de 2022",4325,20,4,R$ 80,R$ 320
10415,"domingo, 31 de julho de 2022",75,20,4,R$ 80,R$ 320
10455,"segunda-feira, 1 de agosto de 2022",1362,20,4,R$ 80,R$ 320
10624,"segunda-feira, 8 de agosto de 2022",8839,20,4,R$ 80,R$ 320
10740,"sexta-feira, 12 de agosto de 2022",5950,20,4,R$ 80,R$ 320
10746,"sexta-feira, 12 de agosto de 2022",1391,20,4,R$ 80,R$ 320
10775,"sábado, 13 de agosto de 2022",1606,20,4,R$ 80,R$ 320
10871,"terça-feira, 16 de agosto de 2022",3768,20,4,R$ 80,R$ 320
10894,"quarta-feira, 17 de agosto de 2022",336,20,4,R$ 80,R$ 320
10899,"quarta-feira, 17 de agosto de 2022",1402,20,4,R$ 80,R$ 320
11008,"segunda-feira, 22 de agosto de 2022",4727,20,4,R$ 80,R$ 320
11020,"terça-feira, 23 de agosto de 2022",1606,20,4,R$ 80,R$ 320
11029,"terça-feira, 23 de agosto de 2022",8947,20,4,R$ 80,R$ 320
11149,"sábado, 27 de agosto de 2022",7594,20,4,R$ 80,R$ 320
11207,"terça-feira, 30 de agosto de 2022",8768,20,4,R$ 80,R$ 320
11259,"quinta-feira, 1 de setembro de 2022",3335,20,4,R$ 80,R$ 320
11332,"domingo, 4 de setembro de 2022",1692,20,4,R$ 80,R$ 320
11347,"domingo, 4 de setembro de 2022",7890,20,4,R$ 80,R$ 320
11367,"segunda-feira, 5 de setembro de 2022",2088,20,4,R$ 80,R$ 320
11371,"segunda-feira, 5 de setembro de 2022",310,20,4,R$ 80,R$ 320
11402,"terça-feira, 6 de setembro de 2022",272,20,4,R$ 80,R$ 320
11535,"domingo, 11 de setembro de 2022",9770,20,4,R$ 80,R$ 320
11622,"quarta-feira, 14 de setembro de 2022",6406,20,4,R$ 80,R$ 320
11629,"quinta-feira, 15 de setembro de 2022",2379,20,4,R$ 80,R$ 320
11650,"quinta-feira, 15 de setembro de 2022",3140,20,4,R$ 80,R$ 320
11738,"segunda-feira, 19 de setembro de 2022",28,20,4,R$ 80,R$ 320
11815,"quarta-feira, 21 de setembro de 2022",322,20,4,R$ 80,R$ 320
11816,"quarta-feira, 21 de setembro de 2022",9487,20,4,R$ 80,R$ 320
11839,"quinta-feira, 22 de setembro de 2022",7134,20,4,R$ 80,R$ 320
11894,"sábado, 24 de setembro de 2022",683,20,4,R$ 80,R$ 320
11935,"domingo, 25 de setembro de 2022",457,20,4,R$ 80,R$ 320
11936,"domingo, 25 de setembro de 2022",3864,20,4,R$ 80,R$ 320
11960,"segunda-feira, 26 de setembro de 2022",4628,20,4,R$ 80,R$ 320
12024,"quarta-feira, 28 de setembro de 2022",9976,20,4,R$ 80,R$ 320
12094,"sábado, 1 de outubro de 2022",9928,20,4,R$ 80,R$ 320
12096,"sábado, 1 de outubro de 2022",1765,20,4,R$ 80,R$ 320
12169,"terça-feira, 4 de outubro de 2022",5053,20,4,R$ 80,R$ 320
12191,"quarta-feira, 5 de outubro de 2022",8388,20,4,R$ 80,R$ 320
12216,"quinta-feira, 6 de outubro de 2022",6406,20,4,R$ 80,R$ 320
12249,"sexta-feira, 7 de outubro de 2022",2168,20,4,R$ 80,R$ 320
12378,"quarta-feira, 12 de outubro de 2022",1495,20,4,R$ 80,R$ 320
12394,"quarta-feira, 12 de outubro de 2022",9263,20,4,R$ 80,R$ 320
12417,"quinta-feira, 13 de outubro de 2022",4618,20,4,R$ 80,R$ 320
12478,"sábado, 15 de outubro de 2022",8466,20,4,R$ 80,R$ 320
12510,"domingo, 16 de outubro de 2022",3518,20,4,R$ 80,R$ 320
12601,"quinta-feira, 20 de outubro de 2022",4377,20,4,R$ 80,R$ 320
12654,"sábado, 22 de outubro de 2022",8203,20,4,R$ 80,R$ 320
12658,"sábado, 22 de outubro de 2022",8039,20,4,R$ 80,R$ 320
12698,"domingo, 23 de outubro de 2022",4485,20,4,R$ 80,R$ 320
12752,"terça-feira, 25 de outubro de 2022",9271,20,4,R$ 80,R$ 320
12951,"terça-feira, 1 de novembro de 2022",5488,20,4,R$ 80,R$ 320
12952,"terça-feira, 1 de novembro de 2022",5799,20,4,R$ 80,R$ 320
13093,"domingo, 6 de novembro de 2022",8942,20,4,R$ 80,R$ 320
13161,"terça-feira, 8 de novembro de 2022",8746,20,4,R$ 80,R$ 320
13206,"quinta-feira, 10 de novembro de 2022",1871,20,4,R$ 80,R$ 320
13215,"quinta-feira, 10 de novembro de 2022",6937,20,4,R$ 80,R$ 320
13356,"terça-feira, 15 de novembro de 2022",1253,20,4,R$ 80,R$ 320
13502,"segunda-feira, 21 de novembro de 2022",3516,20,4,R$ 80,R$ 320
13598,"sexta-feira, 25 de novembro de 2022",1345,20,4,R$ 80,R$ 320
13602,"sexta-feira, 25 de novembro de 2022",3366,20,4,R$ 80,R$ 320
13628,"sábado, 26 de novembro de 2022",8639,20,4,R$ 80,R$ 320
13636,"sábado, 26 de novembro de 2022",4152,20,4,R$ 80,R$ 320
13730,"quarta-feira, 30 de novembro de 2022",9095,20,4,R$ 80,R$ 320
13825,"segunda-feira, 5 de dezembro de 2022",1812,20,4,R$ 80,R$ 320
13969,"sábado, 17 de dezembro de 2022",4670,20,4,R$ 80,R$ 320
14004,"quarta-feira, 21 de dezembro de 2022",4527,20,4,R$ 80,R$ 320
14019,"sexta-feira, 23 de dezembro de 2022",7696,20,4,R$ 80,R$ 320
14043,"segunda-feira, 26 de dezembro de 2022",1429,20,4,R$ 80,R$ 320
33,"quarta-feira, 20 de janeiro de 2021",8466,6,4,R$ 20,R$ 80
44,"sábado, 2 de janeiro de 2021",1634,6,4,R$ 20,R$ 80
74,"sexta-feira, 8 de janeiro de 2021",6460,6,4,R$ 20,R$ 80
107,"quinta-feira, 14 de janeiro de 2021",4564,6,4,R$ 20,R$ 80
159,"terça-feira, 19 de janeiro de 2021",1249,6,4,R$ 20,R$ 80
319,"terça-feira, 2 de fevereiro de 2021",7413,6,4,R$ 20,R$ 80
345,"quinta-feira, 4 de fevereiro de 2021",4995,6,4,R$ 20,R$ 80
346,"quinta-feira, 4 de fevereiro de 2021",3533,6,4,R$ 20,R$ 80
459,"domingo, 14 de fevereiro de 2021",9331,6,4,R$ 20,R$ 80
522,"sexta-feira, 19 de fevereiro de 2021",7171,6,4,R$ 20,R$ 80
615,"domingo, 28 de fevereiro de 2021",9881,6,4,R$ 20,R$ 80
619,"domingo, 28 de fevereiro de 2021",6655,6,4,R$ 20,R$ 80
645,"segunda-feira, 1 de março de 2021",2279,6,4,R$ 20,R$ 80
664,"terça-feira, 2 de março de 2021",7250,6,4,R$ 20,R$ 80
923,"sexta-feira, 19 de março de 2021",2168,6,4,R$ 20,R$ 80
927,"sábado, 20 de março de 2021",4357,6,4,R$ 20,R$ 80
978,"quarta-feira, 24 de março de 2021",8717,6,4,R$ 20,R$ 80
1058,"domingo, 28 de março de 2021",6162,6,4,R$ 20,R$ 80
1104,"quarta-feira, 31 de março de 2021",7708,6,4,R$ 20,R$ 80
1108,"quinta-feira, 1 de abril de 2021",4767,6,4,R$ 20,R$ 80
1119,"sexta-feira, 2 de abril de 2021",7462,6,4,R$ 20,R$ 80
1365,"domingo, 18 de abril de 2021",1556,6,4,R$ 20,R$ 80
1405,"quarta-feira, 21 de abril de 2021",4695,6,4,R$ 20,R$ 80
1418,"quinta-feira, 22 de abril de 2021",5556,6,4,R$ 20,R$ 80
1501,"quarta-feira, 28 de abril de 2021",448,6,4,R$ 20,R$ 80
1626,"sexta-feira, 7 de maio de 2021",9275,6,4,R$ 20,R$ 80
1627,"sexta-feira, 7 de maio de 2021",6628,6,4,R$ 20,R$ 80
1629,"sexta-feira, 7 de maio de 2021",1987,6,4,R$ 20,R$ 80
1780,"quarta-feira, 19 de maio de 2021",2035,6,4,R$ 20,R$ 80
1997,"sábado, 5 de junho de 2021",6348,6,4,R$ 20,R$ 80
2069,"sábado, 12 de junho de 2021",5405,6,4,R$ 20,R$ 80
2144,"domingo, 20 de junho de 2021",5210,6,4,R$ 20,R$ 80
2549,"quinta-feira, 22 de julho de 2021",4180,6,4,R$ 20,R$ 80
2789,"terça-feira, 10 de agosto de 2021",9638,6,4,R$ 20,R$ 80
2828,"sábado, 14 de agosto de 2021",9814,6,4,R$ 20,R$ 80
2864,"terça-feira, 17 de agosto de 2021",5592,6,4,R$ 20,R$ 80
2883,"quinta-feira, 19 de agosto de 2021",5095,6,4,R$ 20,R$ 80
2887,"quinta-feira, 19 de agosto de 2021",4498,6,4,R$ 20,R$ 80
2889,"quinta-feira, 19 de agosto de 2021",1684,6,4,R$ 20,R$ 80
2946,"segunda-feira, 23 de agosto de 2021",4417,6,4,R$ 20,R$ 80
2990,"sexta-feira, 27 de agosto de 2021",5537,6,4,R$ 20,R$ 80
3044,"quarta-feira, 1 de setembro de 2021",6832,6,4,R$ 20,R$ 80
3129,"quarta-feira, 8 de setembro de 2021",9300,6,4,R$ 20,R$ 80
3218,"quarta-feira, 15 de setembro de 2021",6683,6,4,R$ 20,R$ 80
3442,"segunda-feira, 4 de outubro de 2021",8992,6,4,R$ 20,R$ 80
3447,"segunda-feira, 4 de outubro de 2021",5405,6,4,R$ 20,R$ 80
3459,"terça-feira, 5 de outubro de 2021",5158,6,4,R$ 20,R$ 80
3471,"quarta-feira, 6 de outubro de 2021",8665,6,4,R$ 20,R$ 80
3527,"domingo, 10 de outubro de 2021",4460,6,4,R$ 20,R$ 80
3688,"domingo, 24 de outubro de 2021",3437,6,4,R$ 20,R$ 80
3707,"terça-feira, 26 de outubro de 2021",9797,6,4,R$ 20,R$ 80
3724,"quinta-feira, 28 de outubro de 2021",5847,6,4,R$ 20,R$ 80
3760,"sábado, 30 de outubro de 2021",3691,6,4,R$ 20,R$ 80
3852,"sábado, 6 de novembro de 2021",770,6,4,R$ 20,R$ 80
3867,"sábado, 6 de novembro de 2021",4610,6,4,R$ 20,R$ 80
4110,"quinta-feira, 25 de novembro de 2021",1647,6,4,R$ 20,R$ 80
4130,"sexta-feira, 26 de novembro de 2021",7215,6,4,R$ 20,R$ 80
4166,"segunda-feira, 29 de novembro de 2021",6355,6,4,R$ 20,R$ 80
4275,"segunda-feira, 6 de dezembro de 2021",10273,6,4,R$ 20,R$ 80
4289,"terça-feira, 7 de dezembro de 2021",2668,6,4,R$ 20,R$ 80
4380,"domingo, 12 de dezembro de 2021",7056,6,4,R$ 20,R$ 80
4404,"terça-feira, 14 de dezembro de 2021",4204,6,4,R$ 20,R$ 80
4408,"quarta-feira, 15 de dezembro de 2021",2694,6,4,R$ 20,R$ 80
4476,"sábado, 18 de dezembro de 2021",4592,6,4,R$ 20,R$ 80
4510,"terça-feira, 21 de dezembro de 2021",4892,6,4,R$ 20,R$ 80
4551,"quinta-feira, 23 de dezembro de 2021",2842,6,4,R$ 20,R$ 80
4563,"quinta-feira, 23 de dezembro de 2021",927,6,4,R$ 20,R$ 80
4585,"sábado, 25 de dezembro de 2021",9932,6,4,R$ 20,R$ 80
4588,"sábado, 25 de dezembro de 2021",1322,6,4,R$ 20,R$ 80
4625,"segunda-feira, 27 de dezembro de 2021",7963,6,4,R$ 20,R$ 80
4667,"quarta-feira, 29 de dezembro de 2021",9823,6,4,R$ 20,R$ 80
4795,"segunda-feira, 3 de janeiro de 2022",10095,6,4,R$ 20,R$ 80
4985,"terça-feira, 11 de janeiro de 2022",8937,6,4,R$ 20,R$ 80
4988,"terça-feira, 11 de janeiro de 2022",2770,6,4,R$ 20,R$ 80
5007,"quarta-feira, 12 de janeiro de 2022",3371,6,4,R$ 20,R$ 80
5062,"sábado, 15 de janeiro de 2022",6452,6,4,R$ 20,R$ 80
5115,"segunda-feira, 17 de janeiro de 2022",5125,6,4,R$ 20,R$ 80
5116,"segunda-feira, 17 de janeiro de 2022",7065,6,4,R$ 20,R$ 80
5281,"domingo, 23 de janeiro de 2022",7633,6,4,R$ 20,R$ 80
5318,"terça-feira, 25 de janeiro de 2022",4437,6,4,R$ 20,R$ 80
5328,"terça-feira, 25 de janeiro de 2022",6923,6,4,R$ 20,R$ 80
5443,"domingo, 30 de janeiro de 2022",9510,6,4,R$ 20,R$ 80
5488,"segunda-feira, 31 de janeiro de 2022",4707,6,4,R$ 20,R$ 80
5527,"terça-feira, 1 de fevereiro de 2022",8462,6,4,R$ 20,R$ 80
5606,"sexta-feira, 4 de fevereiro de 2022",6785,6,4,R$ 20,R$ 80
5614,"sexta-feira, 4 de fevereiro de 2022",5605,6,4,R$ 20,R$ 80
5628,"sábado, 5 de fevereiro de 2022",4766,6,4,R$ 20,R$ 80
5668,"domingo, 6 de fevereiro de 2022",8615,6,4,R$ 20,R$ 80
5712,"terça-feira, 8 de fevereiro de 2022",349,6,4,R$ 20,R$ 80
5862,"domingo, 13 de fevereiro de 2022",4175,6,4,R$ 20,R$ 80
5866,"domingo, 13 de fevereiro de 2022",7782,6,4,R$ 20,R$ 80
5899,"terça-feira, 15 de fevereiro de 2022",4868,6,4,R$ 20,R$ 80
5910,"terça-feira, 15 de fevereiro de 2022",4408,6,4,R$ 20,R$ 80
5998,"sexta-feira, 18 de fevereiro de 2022",1419,6,4,R$ 20,R$ 80
6102,"terça-feira, 22 de fevereiro de 2022",502,6,4,R$ 20,R$ 80
6137,"quarta-feira, 23 de fevereiro de 2022",4761,6,4,R$ 20,R$ 80
6226,"sábado, 26 de fevereiro de 2022",7155,6,4,R$ 20,R$ 80
6227,"sábado, 26 de fevereiro de 2022",2475,6,4,R$ 20,R$ 80
6229,"sábado, 26 de fevereiro de 2022",7969,6,4,R$ 20,R$ 80
6311,"segunda-feira, 28 de fevereiro de 2022",5207,6,4,R$ 20,R$ 80
6339,"terça-feira, 1 de março de 2022",9644,6,4,R$ 20,R$ 80
6352,"quarta-feira, 2 de março de 2022",3909,6,4,R$ 20,R$ 80
6364,"quinta-feira, 3 de março de 2022",5605,6,4,R$ 20,R$ 80
6439,"sábado, 5 de março de 2022",9443,6,4,R$ 20,R$ 80
6523,"quarta-feira, 9 de março de 2022",6750,6,4,R$ 20,R$ 80
6624,"sábado, 12 de março de 2022",1853,6,4,R$ 20,R$ 80
6640,"domingo, 13 de março de 2022",937,6,4,R$ 20,R$ 80
6656,"segunda-feira, 14 de março de 2022",1366,6,4,R$ 20,R$ 80
6708,"quarta-feira, 16 de março de 2022",8966,6,4,R$ 20,R$ 80
6775,"sexta-feira, 18 de março de 2022",3587,6,4,R$ 20,R$ 80
6778,"sábado, 19 de março de 2022",9868,6,4,R$ 20,R$ 80
6878,"quarta-feira, 23 de março de 2022",1050,6,4,R$ 20,R$ 80
6883,"quarta-feira, 23 de março de 2022",4983,6,4,R$ 20,R$ 80
6924,"sexta-feira, 25 de março de 2022",7410,6,4,R$ 20,R$ 80
6929,"sexta-feira, 25 de março de 2022",8294,6,4,R$ 20,R$ 80
6935,"sexta-feira, 25 de março de 2022",3285,6,4,R$ 20,R$ 80
6955,"sábado, 26 de março de 2022",6171,6,4,R$ 20,R$ 80
7060,"quarta-feira, 30 de março de 2022",9743,6,4,R$ 20,R$ 80
7180,"domingo, 3 de abril de 2022",8014,6,4,R$ 20,R$ 80
7189,"domingo, 3 de abril de 2022",875,6,4,R$ 20,R$ 80
7201,"segunda-feira, 4 de abril de 2022",4771,6,4,R$ 20,R$ 80
7350,"sábado, 9 de abril de 2022",1939,6,4,R$ 20,R$ 80
7412,"segunda-feira, 11 de abril de 2022",5660,6,4,R$ 20,R$ 80
7718,"sábado, 23 de abril de 2022",1425,6,4,R$ 20,R$ 80
7735,"sábado, 23 de abril de 2022",6807,6,4,R$ 20,R$ 80
7833,"quarta-feira, 27 de abril de 2022",467,6,4,R$ 20,R$ 80
7845,"quinta-feira, 28 de abril de 2022",1297,6,4,R$ 20,R$ 80
7904,"sexta-feira, 29 de abril de 2022",3864,6,4,R$ 20,R$ 80
7925,"sábado, 30 de abril de 2022",2176,6,4,R$ 20,R$ 80
7953,"segunda-feira, 2 de maio de 2022",1720,6,4,R$ 20,R$ 80
7962,"segunda-feira, 2 de maio de 2022",9881,6,4,R$ 20,R$ 80
7971,"segunda-feira, 2 de maio de 2022",76,6,4,R$ 20,R$ 80
8011,"quarta-feira, 4 de maio de 2022",3020,6,4,R$ 20,R$ 80
8066,"sexta-feira, 6 de maio de 2022",4618,6,4,R$ 20,R$ 80
8087,"sexta-feira, 6 de maio de 2022",8275,6,4,R$ 20,R$ 80
8115,"sábado, 7 de maio de 2022",7033,6,4,R$ 20,R$ 80
8149,"domingo, 8 de maio de 2022",630,6,4,R$ 20,R$ 80
8172,"segunda-feira, 9 de maio de 2022",482,6,4,R$ 20,R$ 80
8181,"segunda-feira, 9 de maio de 2022",8176,6,4,R$ 20,R$ 80
8194,"terça-feira, 10 de maio de 2022",9811,6,4,R$ 20,R$ 80
8294,"sábado, 14 de maio de 2022",8061,6,4,R$ 20,R$ 80
8417,"quinta-feira, 19 de maio de 2022",4947,6,4,R$ 20,R$ 80
8472,"sexta-feira, 20 de maio de 2022",1753,6,4,R$ 20,R$ 80
8485,"sábado, 21 de maio de 2022",3776,6,4,R$ 20,R$ 80
8555,"segunda-feira, 23 de maio de 2022",6825,6,4,R$ 20,R$ 80
8560,"segunda-feira, 23 de maio de 2022",399,6,4,R$ 20,R$ 80
8567,"terça-feira, 24 de maio de 2022",8857,6,4,R$ 20,R$ 80
8584,"terça-feira, 24 de maio de 2022",7496,6,4,R$ 20,R$ 80
8785,"terça-feira, 31 de maio de 2022",8775,6,4,R$ 20,R$ 80
8795,"quarta-feira, 1 de junho de 2022",133,6,4,R$ 20,R$ 80
8815,"quarta-feira, 1 de junho de 2022",3308,6,4,R$ 20,R$ 80
8832,"quinta-feira, 2 de junho de 2022",4271,6,4,R$ 20,R$ 80
8850,"sexta-feira, 3 de junho de 2022",4198,6,4,R$ 20,R$ 80
8882,"sábado, 4 de junho de 2022",1957,6,4,R$ 20,R$ 80
8892,"domingo, 5 de junho de 2022",7882,6,4,R$ 20,R$ 80
8923,"segunda-feira, 6 de junho de 2022",6780,6,4,R$ 20,R$ 80
8976,"quarta-feira, 8 de junho de 2022",8870,6,4,R$ 20,R$ 80
9164,"quarta-feira, 15 de junho de 2022",1550,6,4,R$ 20,R$ 80
9173,"quarta-feira, 15 de junho de 2022",827,6,4,R$ 20,R$ 80
9175,"quarta-feira, 15 de junho de 2022",399,6,4,R$ 20,R$ 80
9207,"quinta-feira, 16 de junho de 2022",9516,6,4,R$ 20,R$ 80
9339,"terça-feira, 21 de junho de 2022",5666,6,4,R$ 20,R$ 80
9379,"quarta-feira, 22 de junho de 2022",9866,6,4,R$ 20,R$ 80
9469,"domingo, 26 de junho de 2022",10016,6,4,R$ 20,R$ 80
9482,"segunda-feira, 27 de junho de 2022",9619,6,4,R$ 20,R$ 80
9496,"segunda-feira, 27 de junho de 2022",8914,6,4,R$ 20,R$ 80
9589,"sexta-feira, 1 de julho de 2022",5877,6,4,R$ 20,R$ 80
9591,"sexta-feira, 1 de julho de 2022",9039,6,4,R$ 20,R$ 80
9596,"sexta-feira, 1 de julho de 2022",1032,6,4,R$ 20,R$ 80
9604,"sexta-feira, 1 de julho de 2022",10008,6,4,R$ 20,R$ 80
9608,"sexta-feira, 1 de julho de 2022",4761,6,4,R$ 20,R$ 80
9652,"domingo, 3 de julho de 2022",443,6,4,R$ 20,R$ 80
9686,"segunda-feira, 4 de julho de 2022",8427,6,4,R$ 20,R$ 80
9707,"terça-feira, 5 de julho de 2022",5181,6,4,R$ 20,R$ 80
9746,"quarta-feira, 6 de julho de 2022",9777,6,4,R$ 20,R$ 80
9854,"domingo, 10 de julho de 2022",2777,6,4,R$ 20,R$ 80
10084,"segunda-feira, 18 de julho de 2022",3784,6,4,R$ 20,R$ 80
10138,"terça-feira, 19 de julho de 2022",1769,6,4,R$ 20,R$ 80
10144,"terça-feira, 19 de julho de 2022",9993,6,4,R$ 20,R$ 80
10172,"quinta-feira, 21 de julho de 2022",3753,6,4,R$ 20,R$ 80
10181,"quinta-feira, 21 de julho de 2022",972,6,4,R$ 20,R$ 80
10234,"sábado, 23 de julho de 2022",182,6,4,R$ 20,R$ 80
10276,"segunda-feira, 25 de julho de 2022",3366,6,4,R$ 20,R$ 80
10411,"sábado, 30 de julho de 2022",5481,6,4,R$ 20,R$ 80
10459,"segunda-feira, 1 de agosto de 2022",6228,6,4,R$ 20,R$ 80
10558,"sexta-feira, 5 de agosto de 2022",6464,6,4,R$ 20,R$ 80
10575,"sábado, 6 de agosto de 2022",3210,6,4,R$ 20,R$ 80
10850,"terça-feira, 16 de agosto de 2022",3864,6,4,R$ 20,R$ 80
10882,"quarta-feira, 17 de agosto de 2022",597,6,4,R$ 20,R$ 80
10969,"sábado, 20 de agosto de 2022",9318,6,4,R$ 20,R$ 80
11016,"segunda-feira, 22 de agosto de 2022",3077,6,4,R$ 20,R$ 80
11306,"sábado, 3 de setembro de 2022",6565,6,4,R$ 20,R$ 80
11337,"domingo, 4 de setembro de 2022",2448,6,4,R$ 20,R$ 80
11356,"segunda-feira, 5 de setembro de 2022",8797,6,4,R$ 20,R$ 80
11377,"segunda-feira, 5 de setembro de 2022",6334,6,4,R$ 20,R$ 80
11427,"quarta-feira, 7 de setembro de 2022",5102,6,4,R$ 20,R$ 80
11485,"sexta-feira, 9 de setembro de 2022",2769,6,4,R$ 20,R$ 80
11585,"terça-feira, 13 de setembro de 2022",979,6,4,R$ 20,R$ 80
11699,"sábado, 17 de setembro de 2022",1719,6,4,R$ 20,R$ 80
11711,"domingo, 18 de setembro de 2022",9294,6,4,R$ 20,R$ 80
11758,"segunda-feira, 19 de setembro de 2022",6465,6,4,R$ 20,R$ 80
11817,"quinta-feira, 22 de setembro de 2022",8697,6,4,R$ 20,R$ 80
11902,"sábado, 24 de setembro de 2022",4231,6,4,R$ 20,R$ 80
11919,"domingo, 25 de setembro de 2022",1663,6,4,R$ 20,R$ 80
11926,"domingo, 25 de setembro de 2022",3525,6,4,R$ 20,R$ 80
11948,"segunda-feira, 26 de setembro de 2022",2221,6,4,R$ 20,R$ 80
11980,"terça-feira, 27 de setembro de 2022",6120,6,4,R$ 20,R$ 80
12080,"sexta-feira, 30 de setembro de 2022",1070,6,4,R$ 20,R$ 80
12091,"sábado, 1 de outubro de 2022",2438,6,4,R$ 20,R$ 80
12105,"sábado, 1 de outubro de 2022",4009,6,4,R$ 20,R$ 80
12117,"domingo, 2 de outubro de 2022",9352,6,4,R$ 20,R$ 80
12248,"sexta-feira, 7 de outubro de 2022",3981,6,4,R$ 20,R$ 80
12315,"domingo, 9 de outubro de 2022",4094,6,4,R$ 20,R$ 80
12347,"terça-feira, 11 de outubro de 2022",4508,6,4,R$ 20,R$ 80
12390,"quarta-feira, 12 de outubro de 2022",8106,6,4,R$ 20,R$ 80
12440,"sexta-feira, 14 de outubro de 2022",571,6,4,R$ 20,R$ 80
12444,"sexta-feira, 14 de outubro de 2022",7231,6,4,R$ 20,R$ 80
12451,"sexta-feira, 14 de outubro de 2022",6964,6,4,R$ 20,R$ 80
12495,"domingo, 16 de outubro de 2022",9456,6,4,R$ 20,R$ 80
12600,"quinta-feira, 20 de outubro de 2022",9421,6,4,R$ 20,R$ 80
12603,"quinta-feira, 20 de outubro de 2022",2459,6,4,R$ 20,R$ 80
12803,"quinta-feira, 27 de outubro de 2022",4571,6,4,R$ 20,R$ 80
12866,"sábado, 29 de outubro de 2022",6598,6,4,R$ 20,R$ 80
12916,"segunda-feira, 31 de outubro de 2022",4094,6,4,R$ 20,R$ 80
12955,"terça-feira, 1 de novembro de 2022",2528,6,4,R$ 20,R$ 80
12966,"terça-feira, 1 de novembro de 2022",1128,6,4,R$ 20,R$ 80
13096,"domingo, 6 de novembro de 2022",2890,6,4,R$ 20,R$ 80
13199,"quinta-feira, 10 de novembro de 2022",8541,6,4,R$ 20,R$ 80
13233,"sexta-feira, 11 de novembro de 2022",7376,6,4,R$ 20,R$ 80
13303,"domingo, 13 de novembro de 2022",5321,6,4,R$ 20,R$ 80
13340,"segunda-feira, 14 de novembro de 2022",8817,6,4,R$ 20,R$ 80
13556,"quarta-feira, 23 de novembro de 2022",2762,6,4,R$ 20,R$ 80
13676,"segunda-feira, 28 de novembro de 2022",6203,6,4,R$ 20,R$ 80
13684,"terça-feira, 29 de novembro de 2022",3966,6,4,R$ 20,R$ 80
13847,"quarta-feira, 7 de dezembro de 2022",6687,6,4,R$ 20,R$ 80
13898,"sábado, 10 de dezembro de 2022",2177,6,4,R$ 20,R$ 80
13959,"quinta-feira, 15 de dezembro de 2022",1610,6,4,R$ 20,R$ 80
13981,"domingo, 18 de dezembro de 2022",5432,6,4,R$ 20,R$ 80
14027,"sábado, 24 de dezembro de 2022",6717,6,4,R$ 20,R$ 80
14035,"domingo, 25 de dezembro de 2022",6113,6,4,R$ 20,R$ 80
14050,"quarta-feira, 28 de dezembro de 2022",1394,6,4,R$ 20,R$ 80
69,"sexta-feira, 8 de janeiro de 2021",2327,3,4,R$ 27,R$ 108
109,"quinta-feira, 14 de janeiro de 2021",7569,3,4,R$ 27,R$ 108
128,"sábado, 16 de janeiro de 2021",1147,3,4,R$ 27,R$ 108
184,"sexta-feira, 22 de janeiro de 2021",5991,3,4,R$ 27,R$ 108
193,"sábado, 23 de janeiro de 2021",1313,3,4,R$ 27,R$ 108
236,"quarta-feira, 27 de janeiro de 2021",9175,3,4,R$ 27,R$ 108
273,"sábado, 30 de janeiro de 2021",8164,3,4,R$ 27,R$ 108
321,"terça-feira, 2 de fevereiro de 2021",7927,3,4,R$ 27,R$ 108
378,"domingo, 7 de fevereiro de 2021",1304,3,4,R$ 27,R$ 108
386,"domingo, 7 de fevereiro de 2021",5533,3,4,R$ 27,R$ 108
433,"sexta-feira, 12 de fevereiro de 2021",780,3,4,R$ 27,R$ 108
441,"sexta-feira, 12 de fevereiro de 2021",7276,3,4,R$ 27,R$ 108
583,"quarta-feira, 24 de fevereiro de 2021",9499,3,4,R$ 27,R$ 108
658,"terça-feira, 2 de março de 2021",6324,3,4,R$ 27,R$ 108
765,"terça-feira, 9 de março de 2021",8275,3,4,R$ 27,R$ 108
909,"sexta-feira, 19 de março de 2021",7391,3,4,R$ 27,R$ 108
983,"quarta-feira, 24 de março de 2021",7522,3,4,R$ 27,R$ 108
1021,"sábado, 27 de março de 2021",1750,3,4,R$ 27,R$ 108
1078,"terça-feira, 30 de março de 2021",3113,3,4,R$ 27,R$ 108
1138,"sábado, 3 de abril de 2021",1193,3,4,R$ 27,R$ 108
1145,"sábado, 3 de abril de 2021",1409,3,4,R$ 27,R$ 108
1264,"segunda-feira, 12 de abril de 2021",9788,3,4,R$ 27,R$ 108
1311,"quinta-feira, 15 de abril de 2021",1773,3,4,R$ 27,R$ 108
1325,"sexta-feira, 16 de abril de 2021",7274,3,4,R$ 27,R$ 108
1345,"sábado, 17 de abril de 2021",493,3,4,R$ 27,R$ 108
1397,"terça-feira, 20 de abril de 2021",8757,3,4,R$ 27,R$ 108
1422,"quinta-feira, 22 de abril de 2021",9908,3,4,R$ 27,R$ 108
1436,"sexta-feira, 23 de abril de 2021",3201,3,4,R$ 27,R$ 108
1471,"segunda-feira, 26 de abril de 2021",3321,3,4,R$ 27,R$ 108
1474,"segunda-feira, 26 de abril de 2021",2110,3,4,R$ 27,R$ 108
1489,"terça-feira, 27 de abril de 2021",6114,3,4,R$ 27,R$ 108
1587,"terça-feira, 4 de maio de 2021",921,3,4,R$ 27,R$ 108
1646,"sábado, 8 de maio de 2021",8594,3,4,R$ 27,R$ 108
1771,"quarta-feira, 19 de maio de 2021",4445,3,4,R$ 27,R$ 108
1814,"sábado, 22 de maio de 2021",5568,3,4,R$ 27,R$ 108
1836,"segunda-feira, 24 de maio de 2021",2471,3,4,R$ 27,R$ 108
1886,"sexta-feira, 28 de maio de 2021",5018,3,4,R$ 27,R$ 108
1934,"segunda-feira, 31 de maio de 2021",9421,3,4,R$ 27,R$ 108
1992,"sábado, 5 de junho de 2021",5374,3,4,R$ 27,R$ 108
2136,"sábado, 19 de junho de 2021",1991,3,4,R$ 27,R$ 108
2147,"domingo, 20 de junho de 2021",1675,3,4,R$ 27,R$ 108
2149,"domingo, 20 de junho de 2021",9075,3,4,R$ 27,R$ 108
2167,"segunda-feira, 21 de junho de 2021",7843,3,4,R$ 27,R$ 108
2256,"segunda-feira, 28 de junho de 2021",6736,3,4,R$ 27,R$ 108
2418,"segunda-feira, 12 de julho de 2021",1917,3,4,R$ 27,R$ 108
2435,"terça-feira, 13 de julho de 2021",3611,3,4,R$ 27,R$ 108
2457,"quinta-feira, 15 de julho de 2021",6930,3,4,R$ 27,R$ 108
2479,"sábado, 17 de julho de 2021",3099,3,4,R$ 27,R$ 108
2496,"sábado, 17 de julho de 2021",5614,3,4,R$ 27,R$ 108
2612,"terça-feira, 27 de julho de 2021",3548,3,4,R$ 27,R$ 108
2632,"quinta-feira, 29 de julho de 2021",8511,3,4,R$ 27,R$ 108
2637,"sexta-feira, 30 de julho de 2021",4315,3,4,R$ 27,R$ 108
2686,"segunda-feira, 2 de agosto de 2021",4259,3,4,R$ 27,R$ 108
2761,"domingo, 8 de agosto de 2021",6014,3,4,R$ 27,R$ 108
2898,"sexta-feira, 20 de agosto de 2021",4727,3,4,R$ 27,R$ 108
2938,"domingo, 22 de agosto de 2021",6218,3,4,R$ 27,R$ 108
2956,"terça-feira, 24 de agosto de 2021",3127,3,4,R$ 27,R$ 108
3023,"segunda-feira, 30 de agosto de 2021",4925,3,4,R$ 27,R$ 108
3073,"sábado, 4 de setembro de 2021",8263,3,4,R$ 27,R$ 108
3103,"segunda-feira, 6 de setembro de 2021",2355,3,4,R$ 27,R$ 108
3191,"segunda-feira, 13 de setembro de 2021",9469,3,4,R$ 27,R$ 108
3280,"segunda-feira, 20 de setembro de 2021",3738,3,4,R$ 27,R$ 108
3301,"quarta-feira, 22 de setembro de 2021",9715,3,4,R$ 27,R$ 108
3386,"sexta-feira, 1 de outubro de 2021",1617,3,4,R$ 27,R$ 108
3389,"sexta-feira, 1 de outubro de 2021",3139,3,4,R$ 27,R$ 108
3497,"quinta-feira, 7 de outubro de 2021",7704,3,4,R$ 27,R$ 108
3554,"terça-feira, 12 de outubro de 2021",6838,3,4,R$ 27,R$ 108
3611,"domingo, 17 de outubro de 2021",2925,3,4,R$ 27,R$ 108
3745,"sexta-feira, 29 de outubro de 2021",10032,3,4,R$ 27,R$ 108
3771,"domingo, 31 de outubro de 2021",2404,3,4,R$ 27,R$ 108
3787,"segunda-feira, 1 de novembro de 2021",3922,3,4,R$ 27,R$ 108
3870,"domingo, 7 de novembro de 2021",7124,3,4,R$ 27,R$ 108
3897,"terça-feira, 9 de novembro de 2021",6766,3,4,R$ 27,R$ 108
3974,"terça-feira, 16 de novembro de 2021",8597,3,4,R$ 27,R$ 108
4089,"terça-feira, 23 de novembro de 2021",5612,3,4,R$ 27,R$ 108
4163,"segunda-feira, 29 de novembro de 2021",5742,3,4,R$ 27,R$ 108
4164,"segunda-feira, 29 de novembro de 2021",3875,3,4,R$ 27,R$ 108
4229,"sexta-feira, 3 de dezembro de 2021",2547,3,4,R$ 27,R$ 108
4238,"sexta-feira, 3 de dezembro de 2021",5982,3,4,R$ 27,R$ 108
4293,"terça-feira, 7 de dezembro de 2021",447,3,4,R$ 27,R$ 108
4311,"quarta-feira, 8 de dezembro de 2021",1147,3,4,R$ 27,R$ 108
4362,"sábado, 11 de dezembro de 2021",4004,3,4,R$ 27,R$ 108
4365,"sábado, 11 de dezembro de 2021",8199,3,4,R$ 27,R$ 108
4648,"terça-feira, 28 de dezembro de 2021",1747,3,4,R$ 27,R$ 108
4875,"sexta-feira, 7 de janeiro de 2022",4825,3,4,R$ 27,R$ 108
4884,"sexta-feira, 7 de janeiro de 2022",4497,3,4,R$ 27,R$ 108
4997,"quarta-feira, 12 de janeiro de 2022",8916,3,4,R$ 27,R$ 108
5247,"sábado, 22 de janeiro de 2022",7282,3,4,R$ 27,R$ 108
5294,"segunda-feira, 24 de janeiro de 2022",1425,3,4,R$ 27,R$ 108
5482,"segunda-feira, 31 de janeiro de 2022",4436,3,4,R$ 27,R$ 108
5576,"quinta-feira, 3 de fevereiro de 2022",905,3,4,R$ 27,R$ 108
5691,"segunda-feira, 7 de fevereiro de 2022",1753,3,4,R$ 27,R$ 108
5727,"terça-feira, 8 de fevereiro de 2022",1871,3,4,R$ 27,R$ 108
5732,"quarta-feira, 9 de fevereiro de 2022",1942,3,4,R$ 27,R$ 108
5766,"quinta-feira, 10 de fevereiro de 2022",182,3,4,R$ 27,R$ 108
5786,"sexta-feira, 11 de fevereiro de 2022",6927,3,4,R$ 27,R$ 108
5790,"sexta-feira, 11 de fevereiro de 2022",1059,3,4,R$ 27,R$ 108
5810,"sexta-feira, 11 de fevereiro de 2022",2398,3,4,R$ 27,R$ 108
5822,"sábado, 12 de fevereiro de 2022",7552,3,4,R$ 27,R$ 108
5939,"quarta-feira, 16 de fevereiro de 2022",9398,3,4,R$ 27,R$ 108
5999,"sexta-feira, 18 de fevereiro de 2022",1282,3,4,R$ 27,R$ 108
6018,"sábado, 19 de fevereiro de 2022",4235,3,4,R$ 27,R$ 108
6080,"segunda-feira, 21 de fevereiro de 2022",7977,3,4,R$ 27,R$ 108
6279,"domingo, 27 de fevereiro de 2022",4392,3,4,R$ 27,R$ 108
6410,"sexta-feira, 4 de março de 2022",9625,3,4,R$ 27,R$ 108
6440,"sábado, 5 de março de 2022",3301,3,4,R$ 27,R$ 108
6511,"terça-feira, 8 de março de 2022",5310,3,4,R$ 27,R$ 108
6528,"quarta-feira, 9 de março de 2022",2381,3,4,R$ 27,R$ 108
6545,"quarta-feira, 9 de março de 2022",5159,3,4,R$ 27,R$ 108
6548,"quinta-feira, 10 de março de 2022",10000,3,4,R$ 27,R$ 108
6562,"quinta-feira, 10 de março de 2022",7522,3,4,R$ 27,R$ 108
6594,"sexta-feira, 11 de março de 2022",654,3,4,R$ 27,R$ 108
6737,"quinta-feira, 17 de março de 2022",6003,3,4,R$ 27,R$ 108
6875,"quarta-feira, 23 de março de 2022",430,3,4,R$ 27,R$ 108
6890,"quarta-feira, 23 de março de 2022",1785,3,4,R$ 27,R$ 108
6933,"sexta-feira, 25 de março de 2022",2341,3,4,R$ 27,R$ 108
6961,"sábado, 26 de março de 2022",9786,3,4,R$ 27,R$ 108
7048,"terça-feira, 29 de março de 2022",7594,3,4,R$ 27,R$ 108
7061,"quarta-feira, 30 de março de 2022",4846,3,4,R$ 27,R$ 108
7169,"sábado, 2 de abril de 2022",4120,3,4,R$ 27,R$ 108
7250,"quarta-feira, 6 de abril de 2022",3504,3,4,R$ 27,R$ 108
7347,"sábado, 9 de abril de 2022",1615,3,4,R$ 27,R$ 108
7448,"quarta-feira, 13 de abril de 2022",3941,3,4,R$ 27,R$ 108
7493,"sexta-feira, 15 de abril de 2022",3177,3,4,R$ 27,R$ 108
7620,"quarta-feira, 20 de abril de 2022",10167,3,4,R$ 27,R$ 108
7628,"quarta-feira, 20 de abril de 2022",10026,3,4,R$ 27,R$ 108
7637,"quarta-feira, 20 de abril de 2022",7016,3,4,R$ 27,R$ 108
7662,"quinta-feira, 21 de abril de 2022",491,3,4,R$ 27,R$ 108
7674,"sexta-feira, 22 de abril de 2022",681,3,4,R$ 27,R$ 108
7778,"segunda-feira, 25 de abril de 2022",4220,3,4,R$ 27,R$ 108
7786,"terça-feira, 26 de abril de 2022",3328,3,4,R$ 27,R$ 108
7837,"quarta-feira, 27 de abril de 2022",4571,3,4,R$ 27,R$ 108
7885,"sexta-feira, 29 de abril de 2022",3422,3,4,R$ 27,R$ 108
8088,"sexta-feira, 6 de maio de 2022",4391,3,4,R$ 27,R$ 108
8138,"domingo, 8 de maio de 2022",6886,3,4,R$ 27,R$ 108
8159,"domingo, 8 de maio de 2022",6791,3,4,R$ 27,R$ 108
8185,"segunda-feira, 9 de maio de 2022",415,3,4,R$ 27,R$ 108
8199,"terça-feira, 10 de maio de 2022",2175,3,4,R$ 27,R$ 108
8348,"segunda-feira, 16 de maio de 2022",1419,3,4,R$ 27,R$ 108
8351,"segunda-feira, 16 de maio de 2022",5071,3,4,R$ 27,R$ 108
8543,"segunda-feira, 23 de maio de 2022",1169,3,4,R$ 27,R$ 108
8563,"terça-feira, 24 de maio de 2022",3424,3,4,R$ 27,R$ 108
8626,"quinta-feira, 26 de maio de 2022",6870,3,4,R$ 27,R$ 108
8635,"quinta-feira, 26 de maio de 2022",1983,3,4,R$ 27,R$ 108
8694,"sábado, 28 de maio de 2022",5672,3,4,R$ 27,R$ 108
8716,"domingo, 29 de maio de 2022",568,3,4,R$ 27,R$ 108
8746,"segunda-feira, 30 de maio de 2022",9797,3,4,R$ 27,R$ 108
8844,"sexta-feira, 3 de junho de 2022",400,3,4,R$ 27,R$ 108
8856,"sexta-feira, 3 de junho de 2022",7693,3,4,R$ 27,R$ 108
8940,"segunda-feira, 6 de junho de 2022",179,3,4,R$ 27,R$ 108
8952,"terça-feira, 7 de junho de 2022",7882,3,4,R$ 27,R$ 108
9131,"terça-feira, 14 de junho de 2022",3608,3,4,R$ 27,R$ 108
9212,"sexta-feira, 17 de junho de 2022",1297,3,4,R$ 27,R$ 108
9243,"sábado, 18 de junho de 2022",3280,3,4,R$ 27,R$ 108
9272,"sábado, 18 de junho de 2022",8670,3,4,R$ 27,R$ 108
9288,"domingo, 19 de junho de 2022",6034,3,4,R$ 27,R$ 108
9341,"terça-feira, 21 de junho de 2022",7146,3,4,R$ 27,R$ 108
9371,"quarta-feira, 22 de junho de 2022",9464,3,4,R$ 27,R$ 108
9480,"segunda-feira, 27 de junho de 2022",1693,3,4,R$ 27,R$ 108
9483,"segunda-feira, 27 de junho de 2022",3601,3,4,R$ 27,R$ 108
9562,"quinta-feira, 30 de junho de 2022",4411,3,4,R$ 27,R$ 108
9588,"sexta-feira, 1 de julho de 2022",9006,3,4,R$ 27,R$ 108
9633,"sábado, 2 de julho de 2022",5712,3,4,R$ 27,R$ 108
9658,"domingo, 3 de julho de 2022",5757,3,4,R$ 27,R$ 108
9744,"quarta-feira, 6 de julho de 2022",3897,3,4,R$ 27,R$ 108
9900,"segunda-feira, 11 de julho de 2022",7171,3,4,R$ 27,R$ 108
9916,"terça-feira, 12 de julho de 2022",567,3,4,R$ 27,R$ 108
9976,"quinta-feira, 14 de julho de 2022",5742,3,4,R$ 27,R$ 108
10073,"domingo, 17 de julho de 2022",6762,3,4,R$ 27,R$ 108
10161,"quarta-feira, 20 de julho de 2022",4864,3,4,R$ 27,R$ 108
10227,"sábado, 23 de julho de 2022",994,3,4,R$ 27,R$ 108
10236,"domingo, 24 de julho de 2022",1702,3,4,R$ 27,R$ 108
10242,"domingo, 24 de julho de 2022",2139,3,4,R$ 27,R$ 108
10317,"quarta-feira, 27 de julho de 2022",1328,3,4,R$ 27,R$ 108
10338,"quarta-feira, 27 de julho de 2022",9097,3,4,R$ 27,R$ 108
10396,"sábado, 30 de julho de 2022",5174,3,4,R$ 27,R$ 108
10492,"terça-feira, 2 de agosto de 2022",1282,3,4,R$ 27,R$ 108
10563,"sexta-feira, 5 de agosto de 2022",321,3,4,R$ 27,R$ 108
10565,"sexta-feira, 5 de agosto de 2022",6009,3,4,R$ 27,R$ 108
10566,"sexta-feira, 5 de agosto de 2022",8405,3,4,R$ 27,R$ 108
10607,"domingo, 7 de agosto de 2022",3068,3,4,R$ 27,R$ 108
10630,"segunda-feira, 8 de agosto de 2022",4785,3,4,R$ 27,R$ 108
10682,"quarta-feira, 10 de agosto de 2022",2618,3,4,R$ 27,R$ 108
10700,"quarta-feira, 10 de agosto de 2022",4419,3,4,R$ 27,R$ 108
10991,"domingo, 21 de agosto de 2022",317,3,4,R$ 27,R$ 108
11043,"quarta-feira, 24 de agosto de 2022",6129,3,4,R$ 27,R$ 108
11062,"quarta-feira, 24 de agosto de 2022",2646,3,4,R$ 27,R$ 108
11110,"sexta-feira, 26 de agosto de 2022",6746,3,4,R$ 27,R$ 108
11112,"sexta-feira, 26 de agosto de 2022",9488,3,4,R$ 27,R$ 108
11124,"sexta-feira, 26 de agosto de 2022",2510,3,4,R$ 27,R$ 108
11141,"sábado, 27 de agosto de 2022",364,3,4,R$ 27,R$ 108
11218,"terça-feira, 30 de agosto de 2022",619,3,4,R$ 27,R$ 108
11260,"quinta-feira, 1 de setembro de 2022",823,3,4,R$ 27,R$ 108
11261,"quinta-feira, 1 de setembro de 2022",1508,3,4,R$ 27,R$ 108
11276,"quinta-feira, 1 de setembro de 2022",5580,3,4,R$ 27,R$ 108
11426,"quarta-feira, 7 de setembro de 2022",8087,3,4,R$ 27,R$ 108
11516,"sábado, 10 de setembro de 2022",2725,3,4,R$ 27,R$ 108
11526,"domingo, 11 de setembro de 2022",6306,3,4,R$ 27,R$ 108
11569,"segunda-feira, 12 de setembro de 2022",9668,3,4,R$ 27,R$ 108
11734,"segunda-feira, 19 de setembro de 2022",3271,3,4,R$ 27,R$ 108
11825,"quinta-feira, 22 de setembro de 2022",7849,3,4,R$ 27,R$ 108
11831,"quinta-feira, 22 de setembro de 2022",5572,3,4,R$ 27,R$ 108
12065,"quinta-feira, 29 de setembro de 2022",2221,3,4,R$ 27,R$ 108
12154,"segunda-feira, 3 de outubro de 2022",1185,3,4,R$ 27,R$ 108
12219,"quinta-feira, 6 de outubro de 2022",2034,3,4,R$ 27,R$ 108
12265,"sexta-feira, 7 de outubro de 2022",2123,3,4,R$ 27,R$ 108
12335,"segunda-feira, 10 de outubro de 2022",7376,3,4,R$ 27,R$ 108
12530,"segunda-feira, 17 de outubro de 2022",3966,3,4,R$ 27,R$ 108
12569,"quarta-feira, 19 de outubro de 2022",3648,3,4,R$ 27,R$ 108
12591,"quarta-feira, 19 de outubro de 2022",9252,3,4,R$ 27,R$ 108
12656,"sábado, 22 de outubro de 2022",9460,3,4,R$ 27,R$ 108
12660,"sábado, 22 de outubro de 2022",3692,3,4,R$ 27,R$ 108
12737,"segunda-feira, 24 de outubro de 2022",9190,3,4,R$ 27,R$ 108
12754,"terça-feira, 25 de outubro de 2022",4562,3,4,R$ 27,R$ 108
12767,"terça-feira, 25 de outubro de 2022",1972,3,4,R$ 27,R$ 108
12781,"quarta-feira, 26 de outubro de 2022",2075,3,4,R$ 27,R$ 108
12934,"terça-feira, 1 de novembro de 2022",5740,3,4,R$ 27,R$ 108
12954,"terça-feira, 1 de novembro de 2022",8901,3,4,R$ 27,R$ 108
12961,"terça-feira, 1 de novembro de 2022",10138,3,4,R$ 27,R$ 108
12997,"quarta-feira, 2 de novembro de 2022",7413,3,4,R$ 27,R$ 108
13090,"domingo, 6 de novembro de 2022",322,3,4,R$ 27,R$ 108
13359,"terça-feira, 15 de novembro de 2022",6187,3,4,R$ 27,R$ 108
13382,"quarta-feira, 16 de novembro de 2022",9687,3,4,R$ 27,R$ 108
13421,"quinta-feira, 17 de novembro de 2022",5715,3,4,R$ 27,R$ 108
13425,"quinta-feira, 17 de novembro de 2022",162,3,4,R$ 27,R$ 108
13486,"domingo, 20 de novembro de 2022",5172,3,4,R$ 27,R$ 108
13643,"sábado, 26 de novembro de 2022",9797,3,4,R$ 27,R$ 108
13680,"segunda-feira, 28 de novembro de 2022",4215,3,4,R$ 27,R$ 108
13743,"quinta-feira, 1 de dezembro de 2022",3291,3,4,R$ 27,R$ 108
13832,"segunda-feira, 5 de dezembro de 2022",4961,3,4,R$ 27,R$ 108
13869,"sexta-feira, 9 de dezembro de 2022",7836,3,4,R$ 27,R$ 108
13942,"terça-feira, 13 de dezembro de 2022",3302,3,4,R$ 27,R$ 108
13976,"domingo, 18 de dezembro de 2022",5301,3,4,R$ 27,R$ 108
150,"segunda-feira, 18 de janeiro de 2021",6957,11,4,R$ 42,R$ 168
151,"segunda-feira, 18 de janeiro de 2021",7075,11,4,R$ 42,R$ 168
269,"sábado, 30 de janeiro de 2021",7801,11,4,R$ 42,R$ 168
444,"sábado, 13 de fevereiro de 2021",7319,11,4,R$ 42,R$ 168
461,"domingo, 14 de fevereiro de 2021",4909,11,4,R$ 42,R$ 168
701,"sexta-feira, 5 de março de 2021",9417,11,4,R$ 42,R$ 168
707,"sexta-feira, 5 de março de 2021",3691,11,4,R$ 42,R$ 168
879,"quarta-feira, 17 de março de 2021",5313,11,4,R$ 42,R$ 168
1024,"sábado, 27 de março de 2021",2422,11,4,R$ 42,R$ 168
1084,"terça-feira, 30 de março de 2021",7855,11,4,R$ 42,R$ 168
1111,"quinta-feira, 1 de abril de 2021",3676,11,4,R$ 42,R$ 168
1156,"domingo, 4 de abril de 2021",617,11,4,R$ 42,R$ 168
1214,"quinta-feira, 8 de abril de 2021",9903,11,4,R$ 42,R$ 168
1228,"sexta-feira, 9 de abril de 2021",2662,11,4,R$ 42,R$ 168
1245,"domingo, 11 de abril de 2021",4659,11,4,R$ 42,R$ 168
1266,"segunda-feira, 12 de abril de 2021",1128,11,4,R$ 42,R$ 168
1298,"quarta-feira, 14 de abril de 2021",2405,11,4,R$ 42,R$ 168
1633,"sexta-feira, 7 de maio de 2021",4151,11,4,R$ 42,R$ 168
1728,"sábado, 15 de maio de 2021",7502,11,4,R$ 42,R$ 168
1749,"segunda-feira, 17 de maio de 2021",8451,11,4,R$ 42,R$ 168
1810,"sexta-feira, 21 de maio de 2021",1207,11,4,R$ 42,R$ 168
1846,"terça-feira, 25 de maio de 2021",6775,11,4,R$ 42,R$ 168
1862,"quarta-feira, 26 de maio de 2021",3302,11,4,R$ 42,R$ 168
1884,"quinta-feira, 27 de maio de 2021",8769,11,4,R$ 42,R$ 168
1890,"sexta-feira, 28 de maio de 2021",5748,11,4,R$ 42,R$ 168
1986,"sexta-feira, 4 de junho de 2021",8960,11,4,R$ 42,R$ 168
2172,"segunda-feira, 21 de junho de 2021",1310,11,4,R$ 42,R$ 168
2202,"quinta-feira, 24 de junho de 2021",7510,11,4,R$ 42,R$ 168
2249,"domingo, 27 de junho de 2021",4875,11,4,R$ 42,R$ 168
2321,"sábado, 3 de julho de 2021",7359,11,4,R$ 42,R$ 168
2544,"quinta-feira, 22 de julho de 2021",4094,11,4,R$ 42,R$ 168
2548,"quinta-feira, 22 de julho de 2021",1987,11,4,R$ 42,R$ 168
2590,"segunda-feira, 26 de julho de 2021",5731,11,4,R$ 42,R$ 168
2712,"quarta-feira, 4 de agosto de 2021",4844,11,4,R$ 42,R$ 168
2732,"sexta-feira, 6 de agosto de 2021",3681,11,4,R$ 42,R$ 168
2760,"domingo, 8 de agosto de 2021",1195,11,4,R$ 42,R$ 168
2838,"domingo, 15 de agosto de 2021",4562,11,4,R$ 42,R$ 168
2966,"quarta-feira, 25 de agosto de 2021",1822,11,4,R$ 42,R$ 168
2968,"quarta-feira, 25 de agosto de 2021",3513,11,4,R$ 42,R$ 168
3088,"sábado, 4 de setembro de 2021",5489,11,4,R$ 42,R$ 168
3126,"quarta-feira, 8 de setembro de 2021",3124,11,4,R$ 42,R$ 168
3130,"quarta-feira, 8 de setembro de 2021",1042,11,4,R$ 42,R$ 168
3167,"sábado, 11 de setembro de 2021",9871,11,4,R$ 42,R$ 168
3194,"segunda-feira, 13 de setembro de 2021",2709,11,4,R$ 42,R$ 168
3470,"terça-feira, 5 de outubro de 2021",4061,11,4,R$ 42,R$ 168
3552,"terça-feira, 12 de outubro de 2021",4105,11,4,R$ 42,R$ 168
3608,"domingo, 17 de outubro de 2021",4391,11,4,R$ 42,R$ 168
3644,"quarta-feira, 20 de outubro de 2021",9504,11,4,R$ 42,R$ 168
3646,"quinta-feira, 21 de outubro de 2021",5918,11,4,R$ 42,R$ 168
3764,"sábado, 30 de outubro de 2021",8159,11,4,R$ 42,R$ 168
3805,"quarta-feira, 3 de novembro de 2021",436,11,4,R$ 42,R$ 168
3806,"quarta-feira, 3 de novembro de 2021",3922,11,4,R$ 42,R$ 168
3835,"quinta-feira, 4 de novembro de 2021",8089,11,4,R$ 42,R$ 168
3862,"sábado, 6 de novembro de 2021",3559,11,4,R$ 42,R$ 168
3903,"quarta-feira, 10 de novembro de 2021",6123,11,4,R$ 42,R$ 168
3963,"segunda-feira, 15 de novembro de 2021",417,11,4,R$ 42,R$ 168
4043,"sábado, 20 de novembro de 2021",36,11,4,R$ 42,R$ 168
4060,"domingo, 21 de novembro de 2021",9447,11,4,R$ 42,R$ 168
4167,"segunda-feira, 29 de novembro de 2021",1055,11,4,R$ 42,R$ 168
4195,"quarta-feira, 1 de dezembro de 2021",1451,11,4,R$ 42,R$ 168
4232,"sexta-feira, 3 de dezembro de 2021",2224,11,4,R$ 42,R$ 168
4277,"segunda-feira, 6 de dezembro de 2021",7584,11,4,R$ 42,R$ 168
4820,"quarta-feira, 5 de janeiro de 2022",9999,11,4,R$ 42,R$ 168
4839,"quarta-feira, 5 de janeiro de 2022",9895,11,4,R$ 42,R$ 168
4853,"quinta-feira, 6 de janeiro de 2022",8199,11,4,R$ 42,R$ 168
4882,"sexta-feira, 7 de janeiro de 2022",1520,11,4,R$ 42,R$ 168
4892,"sexta-feira, 7 de janeiro de 2022",5944,11,4,R$ 42,R$ 168
4917,"sábado, 8 de janeiro de 2022",1617,11,4,R$ 42,R$ 168
4964,"terça-feira, 11 de janeiro de 2022",5733,11,4,R$ 42,R$ 168
4991,"terça-feira, 11 de janeiro de 2022",2302,11,4,R$ 42,R$ 168
4992,"terça-feira, 11 de janeiro de 2022",6461,11,4,R$ 42,R$ 168
5065,"sábado, 15 de janeiro de 2022",9564,11,4,R$ 42,R$ 168
5263,"domingo, 23 de janeiro de 2022",3267,11,4,R$ 42,R$ 168
5481,"segunda-feira, 31 de janeiro de 2022",4495,11,4,R$ 42,R$ 168
5507,"terça-feira, 1 de fevereiro de 2022",1415,11,4,R$ 42,R$ 168
5545,"quarta-feira, 2 de fevereiro de 2022",5065,11,4,R$ 42,R$ 168
5636,"sábado, 5 de fevereiro de 2022",10152,11,4,R$ 42,R$ 168
5648,"sábado, 5 de fevereiro de 2022",5078,11,4,R$ 42,R$ 168
5740,"quarta-feira, 9 de fevereiro de 2022",7384,11,4,R$ 42,R$ 168
5765,"quinta-feira, 10 de fevereiro de 2022",8943,11,4,R$ 42,R$ 168
5848,"domingo, 13 de fevereiro de 2022",7753,11,4,R$ 42,R$ 168
5851,"domingo, 13 de fevereiro de 2022",5129,11,4,R$ 42,R$ 168
6011,"sábado, 19 de fevereiro de 2022",5742,11,4,R$ 42,R$ 168
6047,"domingo, 20 de fevereiro de 2022",9602,11,4,R$ 42,R$ 168
6069,"domingo, 20 de fevereiro de 2022",1259,11,4,R$ 42,R$ 168
6174,"quinta-feira, 24 de fevereiro de 2022",7952,11,4,R$ 42,R$ 168
6208,"sexta-feira, 25 de fevereiro de 2022",6670,11,4,R$ 42,R$ 168
6293,"segunda-feira, 28 de fevereiro de 2022",5592,11,4,R$ 42,R$ 168
6463,"domingo, 6 de março de 2022",7836,11,4,R$ 42,R$ 168
6611,"sábado, 12 de março de 2022",7711,11,4,R$ 42,R$ 168
6645,"domingo, 13 de março de 2022",8533,11,4,R$ 42,R$ 168
6787,"sábado, 19 de março de 2022",1253,11,4,R$ 42,R$ 168
6837,"segunda-feira, 21 de março de 2022",3552,11,4,R$ 42,R$ 168
6966,"sábado, 26 de março de 2022",6025,11,4,R$ 42,R$ 168
6978,"domingo, 27 de março de 2022",8139,11,4,R$ 42,R$ 168
7082,"quarta-feira, 30 de março de 2022",6841,11,4,R$ 42,R$ 168
7145,"sexta-feira, 1 de abril de 2022",2139,11,4,R$ 42,R$ 168
7198,"segunda-feira, 4 de abril de 2022",5536,11,4,R$ 42,R$ 168
7320,"sexta-feira, 8 de abril de 2022",5155,11,4,R$ 42,R$ 168
7373,"domingo, 10 de abril de 2022",257,11,4,R$ 42,R$ 168
7385,"domingo, 10 de abril de 2022",5350,11,4,R$ 42,R$ 168
7394,"segunda-feira, 11 de abril de 2022",1282,11,4,R$ 42,R$ 168
7502,"sexta-feira, 15 de abril de 2022",498,11,4,R$ 42,R$ 168
7520,"sábado, 16 de abril de 2022",6304,11,4,R$ 42,R$ 168
7566,"segunda-feira, 18 de abril de 2022",1168,11,4,R$ 42,R$ 168
7574,"segunda-feira, 18 de abril de 2022",4803,11,4,R$ 42,R$ 168
7604,"terça-feira, 19 de abril de 2022",10001,11,4,R$ 42,R$ 168
7646,"quarta-feira, 20 de abril de 2022",4166,11,4,R$ 42,R$ 168
7647,"quarta-feira, 20 de abril de 2022",4349,11,4,R$ 42,R$ 168
7652,"quinta-feira, 21 de abril de 2022",8746,11,4,R$ 42,R$ 168
7659,"quinta-feira, 21 de abril de 2022",8663,11,4,R$ 42,R$ 168
7701,"sexta-feira, 22 de abril de 2022",4495,11,4,R$ 42,R$ 168
7830,"quarta-feira, 27 de abril de 2022",875,11,4,R$ 42,R$ 168
7842,"quarta-feira, 27 de abril de 2022",4531,11,4,R$ 42,R$ 168
7919,"sábado, 30 de abril de 2022",1769,11,4,R$ 42,R$ 168
7934,"domingo, 1 de maio de 2022",5900,11,4,R$ 42,R$ 168
7960,"segunda-feira, 2 de maio de 2022",9990,11,4,R$ 42,R$ 168
8099,"sábado, 7 de maio de 2022",906,11,4,R$ 42,R$ 168
8101,"sábado, 7 de maio de 2022",4360,11,4,R$ 42,R$ 168
8108,"sábado, 7 de maio de 2022",7726,11,4,R$ 42,R$ 168
8197,"terça-feira, 10 de maio de 2022",9444,11,4,R$ 42,R$ 168
8201,"terça-feira, 10 de maio de 2022",10000,11,4,R$ 42,R$ 168
8218,"quarta-feira, 11 de maio de 2022",2735,11,4,R$ 42,R$ 168
8340,"segunda-feira, 16 de maio de 2022",625,11,4,R$ 42,R$ 168
8427,"quinta-feira, 19 de maio de 2022",9139,11,4,R$ 42,R$ 168
8496,"sábado, 21 de maio de 2022",1996,11,4,R$ 42,R$ 168
8506,"domingo, 22 de maio de 2022",10048,11,4,R$ 42,R$ 168
8807,"quarta-feira, 1 de junho de 2022",5844,11,4,R$ 42,R$ 168
8913,"domingo, 5 de junho de 2022",5959,11,4,R$ 42,R$ 168
8959,"terça-feira, 7 de junho de 2022",1174,11,4,R$ 42,R$ 168
8997,"quarta-feira, 8 de junho de 2022",5478,11,4,R$ 42,R$ 168
9020,"quinta-feira, 9 de junho de 2022",5581,11,4,R$ 42,R$ 168
9093,"domingo, 12 de junho de 2022",7332,11,4,R$ 42,R$ 168
9110,"segunda-feira, 13 de junho de 2022",8364,11,4,R$ 42,R$ 168
9235,"sexta-feira, 17 de junho de 2022",911,11,4,R$ 42,R$ 168
9262,"sábado, 18 de junho de 2022",676,11,4,R$ 42,R$ 168
9314,"segunda-feira, 20 de junho de 2022",4419,11,4,R$ 42,R$ 168
9319,"segunda-feira, 20 de junho de 2022",3880,11,4,R$ 42,R$ 168
9400,"quinta-feira, 23 de junho de 2022",8427,11,4,R$ 42,R$ 168
9456,"sábado, 25 de junho de 2022",6367,11,4,R$ 42,R$ 168
9491,"segunda-feira, 27 de junho de 2022",6367,11,4,R$ 42,R$ 168
9565,"quinta-feira, 30 de junho de 2022",7337,11,4,R$ 42,R$ 168
9705,"terça-feira, 5 de julho de 2022",5655,11,4,R$ 42,R$ 168
9745,"quarta-feira, 6 de julho de 2022",7134,11,4,R$ 42,R$ 168
9748,"quarta-feira, 6 de julho de 2022",3243,11,4,R$ 42,R$ 168
9760,"quinta-feira, 7 de julho de 2022",6916,11,4,R$ 42,R$ 168
9800,"sexta-feira, 8 de julho de 2022",4878,11,4,R$ 42,R$ 168
9888,"segunda-feira, 11 de julho de 2022",3503,11,4,R$ 42,R$ 168
9956,"quarta-feira, 13 de julho de 2022",7782,11,4,R$ 42,R$ 168
10256,"domingo, 24 de julho de 2022",2478,11,4,R$ 42,R$ 168
10309,"terça-feira, 26 de julho de 2022",5499,11,4,R$ 42,R$ 168
10346,"quinta-feira, 28 de julho de 2022",5500,11,4,R$ 42,R$ 168
10397,"sábado, 30 de julho de 2022",663,11,4,R$ 42,R$ 168
10467,"terça-feira, 2 de agosto de 2022",6358,11,4,R$ 42,R$ 168
10518,"quarta-feira, 3 de agosto de 2022",8551,11,4,R$ 42,R$ 168
10639,"segunda-feira, 8 de agosto de 2022",5935,11,4,R$ 42,R$ 168
10739,"sexta-feira, 12 de agosto de 2022",9831,11,4,R$ 42,R$ 168
10794,"sábado, 13 de agosto de 2022",9112,11,4,R$ 42,R$ 168
10804,"domingo, 14 de agosto de 2022",9811,11,4,R$ 42,R$ 168
10813,"domingo, 14 de agosto de 2022",5114,11,4,R$ 42,R$ 168
10859,"terça-feira, 16 de agosto de 2022",8388,11,4,R$ 42,R$ 168
10907,"quinta-feira, 18 de agosto de 2022",2814,11,4,R$ 42,R$ 168
10916,"quinta-feira, 18 de agosto de 2022",2921,11,4,R$ 42,R$ 168
10982,"domingo, 21 de agosto de 2022",4620,11,4,R$ 42,R$ 168
10996,"segunda-feira, 22 de agosto de 2022",6162,11,4,R$ 42,R$ 168
11153,"domingo, 28 de agosto de 2022",9249,11,4,R$ 42,R$ 168
11211,"terça-feira, 30 de agosto de 2022",5374,11,4,R$ 42,R$ 168
11326,"sábado, 3 de setembro de 2022",5666,11,4,R$ 42,R$ 168
11352,"domingo, 4 de setembro de 2022",6047,11,4,R$ 42,R$ 168
11409,"quarta-feira, 7 de setembro de 2022",4766,11,4,R$ 42,R$ 168
11563,"segunda-feira, 12 de setembro de 2022",3695,11,4,R$ 42,R$ 168
11613,"quarta-feira, 14 de setembro de 2022",7418,11,4,R$ 42,R$ 168
11657,"sexta-feira, 16 de setembro de 2022",4111,11,4,R$ 42,R$ 168
11686,"sábado, 17 de setembro de 2022",7000,11,4,R$ 42,R$ 168
11688,"sábado, 17 de setembro de 2022",1853,11,4,R$ 42,R$ 168
11759,"segunda-feira, 19 de setembro de 2022",4325,11,4,R$ 42,R$ 168
11913,"sábado, 24 de setembro de 2022",3593,11,4,R$ 42,R$ 168
11970,"segunda-feira, 26 de setembro de 2022",4727,11,4,R$ 42,R$ 168
12032,"quarta-feira, 28 de setembro de 2022",2516,11,4,R$ 42,R$ 168
12039,"quinta-feira, 29 de setembro de 2022",3041,11,4,R$ 42,R$ 168
12097,"sábado, 1 de outubro de 2022",3683,11,4,R$ 42,R$ 168
12118,"domingo, 2 de outubro de 2022",5588,11,4,R$ 42,R$ 168
12163,"terça-feira, 4 de outubro de 2022",1119,11,4,R$ 42,R$ 168
12259,"sexta-feira, 7 de outubro de 2022",7472,11,4,R$ 42,R$ 168
12296,"domingo, 9 de outubro de 2022",5088,11,4,R$ 42,R$ 168
12366,"terça-feira, 11 de outubro de 2022",6665,11,4,R$ 42,R$ 168
12368,"terça-feira, 11 de outubro de 2022",1475,11,4,R$ 42,R$ 168
12382,"quarta-feira, 12 de outubro de 2022",4499,11,4,R$ 42,R$ 168
12393,"quarta-feira, 12 de outubro de 2022",8427,11,4,R$ 42,R$ 168
12498,"domingo, 16 de outubro de 2022",4698,11,4,R$ 42,R$ 168
12519,"segunda-feira, 17 de outubro de 2022",8364,11,4,R$ 42,R$ 168
12552,"terça-feira, 18 de outubro de 2022",3504,11,4,R$ 42,R$ 168
12554,"terça-feira, 18 de outubro de 2022",3588,11,4,R$ 42,R$ 168
12659,"sábado, 22 de outubro de 2022",48,11,4,R$ 42,R$ 168
12686,"domingo, 23 de outubro de 2022",1977,11,4,R$ 42,R$ 168
12715,"segunda-feira, 24 de outubro de 2022",2846,11,4,R$ 42,R$ 168
12837,"sexta-feira, 28 de outubro de 2022",4618,11,4,R$ 42,R$ 168
12849,"sexta-feira, 28 de outubro de 2022",7342,11,4,R$ 42,R$ 168
12863,"sábado, 29 de outubro de 2022",8803,11,4,R$ 42,R$ 168
12872,"sábado, 29 de outubro de 2022",3858,11,4,R$ 42,R$ 168
12984,"quarta-feira, 2 de novembro de 2022",6679,11,4,R$ 42,R$ 168
13031,"quinta-feira, 3 de novembro de 2022",339,11,4,R$ 42,R$ 168
13170,"quarta-feira, 9 de novembro de 2022",2677,11,4,R$ 42,R$ 168
13188,"quarta-feira, 9 de novembro de 2022",4080,11,4,R$ 42,R$ 168
13207,"quinta-feira, 10 de novembro de 2022",2352,11,4,R$ 42,R$ 168
13208,"quinta-feira, 10 de novembro de 2022",10214,11,4,R$ 42,R$ 168
13227,"sexta-feira, 11 de novembro de 2022",850,11,4,R$ 42,R$ 168
13279,"sábado, 12 de novembro de 2022",2657,11,4,R$ 42,R$ 168
13432,"sexta-feira, 18 de novembro de 2022",272,11,4,R$ 42,R$ 168
13457,"sábado, 19 de novembro de 2022",10277,11,4,R$ 42,R$ 168
13460,"sábado, 19 de novembro de 2022",2908,11,4,R$ 42,R$ 168
13554,"quarta-feira, 23 de novembro de 2022",2128,11,4,R$ 42,R$ 168
13609,"sexta-feira, 25 de novembro de 2022",1850,11,4,R$ 42,R$ 168
13699,"terça-feira, 29 de novembro de 2022",5715,11,4,R$ 42,R$ 168
13754,"quinta-feira, 1 de dezembro de 2022",162,11,4,R$ 42,R$ 168
13812,"domingo, 4 de dezembro de 2022",4374,11,4,R$ 42,R$ 168
13850,"quarta-feira, 7 de dezembro de 2022",7104,11,4,R$ 42,R$ 168
13862,"quinta-feira, 8 de dezembro de 2022",1232,11,4,R$ 42,R$ 168
13877,"sexta-feira, 9 de dezembro de 2022",8059,11,4,R$ 42,R$ 168
13879,"sexta-feira, 9 de dezembro de 2022",7646,11,4,R$ 42,R$ 168
13886,"sábado, 10 de dezembro de 2022",2090,11,4,R$ 42,R$ 168
13887,"sábado, 10 de dezembro de 2022",8077,11,4,R$ 42,R$ 168
13940,"terça-feira, 13 de dezembro de 2022",6957,11,4,R$ 42,R$ 168
13968,"sábado, 17 de dezembro de 2022",9944,11,4,R$ 42,R$ 168
13986,"segunda-feira, 19 de dezembro de 2022",2032,11,4,R$ 42,R$ 168
14009,"quinta-feira, 22 de dezembro de 2022",10016,11,4,R$ 42,R$ 168
21,"sexta-feira, 8 de janeiro de 2021",1906,7,4,R$ 60,R$ 240
84,"domingo, 10 de janeiro de 2021",7823,7,4,R$ 60,R$ 240
93,"terça-feira, 12 de janeiro de 2021",4315,7,4,R$ 60,R$ 240
103,"quarta-feira, 13 de janeiro de 2021",8862,7,4,R$ 60,R$ 240
135,"domingo, 17 de janeiro de 2021",7263,7,4,R$ 60,R$ 240
196,"sábado, 23 de janeiro de 2021",878,7,4,R$ 60,R$ 240
254,"quinta-feira, 28 de janeiro de 2021",3092,7,4,R$ 60,R$ 240
286,"domingo, 31 de janeiro de 2021",1005,7,4,R$ 60,R$ 240
307,"terça-feira, 2 de fevereiro de 2021",2376,7,4,R$ 60,R$ 240
404,"terça-feira, 9 de fevereiro de 2021",7493,7,4,R$ 60,R$ 240
430,"quinta-feira, 11 de fevereiro de 2021",287,7,4,R$ 60,R$ 240
455,"domingo, 14 de fevereiro de 2021",8351,7,4,R$ 60,R$ 240
465,"segunda-feira, 15 de fevereiro de 2021",2298,7,4,R$ 60,R$ 240
574,"quarta-feira, 24 de fevereiro de 2021",5163,7,4,R$ 60,R$ 240
604,"sexta-feira, 26 de fevereiro de 2021",7573,7,4,R$ 60,R$ 240
760,"terça-feira, 9 de março de 2021",625,7,4,R$ 60,R$ 240
762,"terça-feira, 9 de março de 2021",7287,7,4,R$ 60,R$ 240
774,"quarta-feira, 10 de março de 2021",8255,7,4,R$ 60,R$ 240
798,"quinta-feira, 11 de março de 2021",9697,7,4,R$ 60,R$ 240
889,"quinta-feira, 18 de março de 2021",6291,7,4,R$ 60,R$ 240
922,"sexta-feira, 19 de março de 2021",4518,7,4,R$ 60,R$ 240
1046,"domingo, 28 de março de 2021",1655,7,4,R$ 60,R$ 240
1215,"sexta-feira, 9 de abril de 2021",4556,7,4,R$ 60,R$ 240
1400,"quarta-feira, 21 de abril de 2021",4659,7,4,R$ 60,R$ 240
1426,"quinta-feira, 22 de abril de 2021",1549,7,4,R$ 60,R$ 240
1440,"sexta-feira, 23 de abril de 2021",638,7,4,R$ 60,R$ 240
1506,"quarta-feira, 28 de abril de 2021",2821,7,4,R$ 60,R$ 240
1556,"segunda-feira, 3 de maio de 2021",6266,7,4,R$ 60,R$ 240
1602,"quarta-feira, 5 de maio de 2021",6057,7,4,R$ 60,R$ 240
1732,"sábado, 15 de maio de 2021",3213,7,4,R$ 60,R$ 240
1782,"quarta-feira, 19 de maio de 2021",740,7,4,R$ 60,R$ 240
1790,"quinta-feira, 20 de maio de 2021",7873,7,4,R$ 60,R$ 240
1797,"quinta-feira, 20 de maio de 2021",8837,7,4,R$ 60,R$ 240
1883,"quinta-feira, 27 de maio de 2021",2848,7,4,R$ 60,R$ 240
1952,"quarta-feira, 2 de junho de 2021",4061,7,4,R$ 60,R$ 240
1985,"sexta-feira, 4 de junho de 2021",8435,7,4,R$ 60,R$ 240
2075,"domingo, 13 de junho de 2021",7190,7,4,R$ 60,R$ 240
2197,"quarta-feira, 23 de junho de 2021",2658,7,4,R$ 60,R$ 240
2228,"sexta-feira, 25 de junho de 2021",6061,7,4,R$ 60,R$ 240
2250,"segunda-feira, 28 de junho de 2021",726,7,4,R$ 60,R$ 240
2347,"terça-feira, 6 de julho de 2021",55,7,4,R$ 60,R$ 240
2351,"terça-feira, 6 de julho de 2021",3816,7,4,R$ 60,R$ 240
2455,"quinta-feira, 15 de julho de 2021",4282,7,4,R$ 60,R$ 240
2518,"segunda-feira, 19 de julho de 2021",7305,7,4,R$ 60,R$ 240
2571,"sábado, 24 de julho de 2021",5501,7,4,R$ 60,R$ 240
2668,"domingo, 1 de agosto de 2021",1162,7,4,R$ 60,R$ 240
2744,"sábado, 7 de agosto de 2021",6904,7,4,R$ 60,R$ 240
2803,"quinta-feira, 12 de agosto de 2021",9263,7,4,R$ 60,R$ 240
2817,"quinta-feira, 12 de agosto de 2021",4340,7,4,R$ 60,R$ 240
2853,"segunda-feira, 16 de agosto de 2021",9504,7,4,R$ 60,R$ 240
2885,"quinta-feira, 19 de agosto de 2021",6957,7,4,R$ 60,R$ 240
2903,"sexta-feira, 20 de agosto de 2021",2893,7,4,R$ 60,R$ 240
2915,"sábado, 21 de agosto de 2021",1415,7,4,R$ 60,R$ 240
2959,"terça-feira, 24 de agosto de 2021",9159,7,4,R$ 60,R$ 240
2971,"quarta-feira, 25 de agosto de 2021",8966,7,4,R$ 60,R$ 240
2972,"quarta-feira, 25 de agosto de 2021",5748,7,4,R$ 60,R$ 240
3012,"domingo, 29 de agosto de 2021",9631,7,4,R$ 60,R$ 240
3098,"domingo, 5 de setembro de 2021",9412,7,4,R$ 60,R$ 240
3108,"segunda-feira, 6 de setembro de 2021",7570,7,4,R$ 60,R$ 240
3134,"quinta-feira, 9 de setembro de 2021",6835,7,4,R$ 60,R$ 240
3166,"sábado, 11 de setembro de 2021",10091,7,4,R$ 60,R$ 240
3193,"segunda-feira, 13 de setembro de 2021",10067,7,4,R$ 60,R$ 240
3222,"quinta-feira, 16 de setembro de 2021",8373,7,4,R$ 60,R$ 240
3252,"sábado, 18 de setembro de 2021",3021,7,4,R$ 60,R$ 240
3258,"sábado, 18 de setembro de 2021",6800,7,4,R$ 60,R$ 240
3363,"terça-feira, 28 de setembro de 2021",7591,7,4,R$ 60,R$ 240
3461,"terça-feira, 5 de outubro de 2021",4257,7,4,R$ 60,R$ 240
3566,"quarta-feira, 13 de outubro de 2021",5038,7,4,R$ 60,R$ 240
3575,"quinta-feira, 14 de outubro de 2021",7689,7,4,R$ 60,R$ 240
3590,"sexta-feira, 15 de outubro de 2021",8439,7,4,R$ 60,R$ 240
3618,"segunda-feira, 18 de outubro de 2021",2689,7,4,R$ 60,R$ 240
3630,"terça-feira, 19 de outubro de 2021",417,7,4,R$ 60,R$ 240
3666,"sábado, 23 de outubro de 2021",128,7,4,R$ 60,R$ 240
3799,"terça-feira, 2 de novembro de 2021",7501,7,4,R$ 60,R$ 240
3824,"quinta-feira, 4 de novembro de 2021",4018,7,4,R$ 60,R$ 240
3868,"sábado, 6 de novembro de 2021",6717,7,4,R$ 60,R$ 240
3922,"sexta-feira, 12 de novembro de 2021",7283,7,4,R$ 60,R$ 240
3967,"segunda-feira, 15 de novembro de 2021",5206,7,4,R$ 60,R$ 240
4063,"segunda-feira, 22 de novembro de 2021",1170,7,4,R$ 60,R$ 240
4071,"segunda-feira, 22 de novembro de 2021",2918,7,4,R$ 60,R$ 240
4112,"quinta-feira, 25 de novembro de 2021",5690,7,4,R$ 60,R$ 240
4191,"quarta-feira, 1 de dezembro de 2021",9504,7,4,R$ 60,R$ 240
4272,"segunda-feira, 6 de dezembro de 2021",1676,7,4,R$ 60,R$ 240
4279,"segunda-feira, 6 de dezembro de 2021",1850,7,4,R$ 60,R$ 240
4356,"sábado, 11 de dezembro de 2021",1594,7,4,R$ 60,R$ 240
4399,"terça-feira, 14 de dezembro de 2021",819,7,4,R$ 60,R$ 240
4469,"sábado, 18 de dezembro de 2021",1131,7,4,R$ 60,R$ 240
4698,"quinta-feira, 30 de dezembro de 2021",389,7,4,R$ 60,R$ 240
4877,"sexta-feira, 7 de janeiro de 2022",6105,7,4,R$ 60,R$ 240
4906,"sábado, 8 de janeiro de 2022",4118,7,4,R$ 60,R$ 240
5032,"quinta-feira, 13 de janeiro de 2022",6654,7,4,R$ 60,R$ 240
5125,"segunda-feira, 17 de janeiro de 2022",3613,7,4,R$ 60,R$ 240
5220,"sexta-feira, 21 de janeiro de 2022",8074,7,4,R$ 60,R$ 240
5261,"sábado, 22 de janeiro de 2022",552,7,4,R$ 60,R$ 240
5306,"segunda-feira, 24 de janeiro de 2022",9543,7,4,R$ 60,R$ 240
5379,"quinta-feira, 27 de janeiro de 2022",6652,7,4,R$ 60,R$ 240
5417,"sábado, 29 de janeiro de 2022",8388,7,4,R$ 60,R$ 240
5607,"sexta-feira, 4 de fevereiro de 2022",2220,7,4,R$ 60,R$ 240
5619,"sexta-feira, 4 de fevereiro de 2022",9513,7,4,R$ 60,R$ 240
5664,"domingo, 6 de fevereiro de 2022",4323,7,4,R$ 60,R$ 240
5900,"terça-feira, 15 de fevereiro de 2022",5376,7,4,R$ 60,R$ 240
5962,"quinta-feira, 17 de fevereiro de 2022",3225,7,4,R$ 60,R$ 240
6171,"quarta-feira, 23 de fevereiro de 2022",7261,7,4,R$ 60,R$ 240
6177,"quinta-feira, 24 de fevereiro de 2022",552,7,4,R$ 60,R$ 240
6217,"sexta-feira, 25 de fevereiro de 2022",7308,7,4,R$ 60,R$ 240
6244,"sábado, 26 de fevereiro de 2022",7121,7,4,R$ 60,R$ 240
6402,"sexta-feira, 4 de março de 2022",3060,7,4,R$ 60,R$ 240
6475,"segunda-feira, 7 de março de 2022",7522,7,4,R$ 60,R$ 240
6499,"terça-feira, 8 de março de 2022",4913,7,4,R$ 60,R$ 240
6612,"sábado, 12 de março de 2022",9671,7,4,R$ 60,R$ 240
6728,"quarta-feira, 16 de março de 2022",3859,7,4,R$ 60,R$ 240
6751,"sexta-feira, 18 de março de 2022",8907,7,4,R$ 60,R$ 240
6799,"sábado, 19 de março de 2022",125,7,4,R$ 60,R$ 240
6964,"sábado, 26 de março de 2022",569,7,4,R$ 60,R$ 240
6990,"domingo, 27 de março de 2022",8315,7,4,R$ 60,R$ 240
7134,"sexta-feira, 1 de abril de 2022",4373,7,4,R$ 60,R$ 240
7156,"sábado, 2 de abril de 2022",487,7,4,R$ 60,R$ 240
7262,"quarta-feira, 6 de abril de 2022",5148,7,4,R$ 60,R$ 240
7272,"quinta-feira, 7 de abril de 2022",3819,7,4,R$ 60,R$ 240
7278,"quinta-feira, 7 de abril de 2022",7910,7,4,R$ 60,R$ 240
7368,"domingo, 10 de abril de 2022",7035,7,4,R$ 60,R$ 240
7375,"domingo, 10 de abril de 2022",8760,7,4,R$ 60,R$ 240
7423,"terça-feira, 12 de abril de 2022",4676,7,4,R$ 60,R$ 240
7522,"sábado, 16 de abril de 2022",3656,7,4,R$ 60,R$ 240
7554,"domingo, 17 de abril de 2022",8118,7,4,R$ 60,R$ 240
7605,"terça-feira, 19 de abril de 2022",3656,7,4,R$ 60,R$ 240
7622,"quarta-feira, 20 de abril de 2022",280,7,4,R$ 60,R$ 240
7642,"quarta-feira, 20 de abril de 2022",2973,7,4,R$ 60,R$ 240
7644,"quarta-feira, 20 de abril de 2022",8768,7,4,R$ 60,R$ 240
7813,"quarta-feira, 27 de abril de 2022",8228,7,4,R$ 60,R$ 240
7917,"sábado, 30 de abril de 2022",4295,7,4,R$ 60,R$ 240
8017,"quarta-feira, 4 de maio de 2022",8688,7,4,R$ 60,R$ 240
8090,"sábado, 7 de maio de 2022",2627,7,4,R$ 60,R$ 240
8132,"domingo, 8 de maio de 2022",8809,7,4,R$ 60,R$ 240
8209,"terça-feira, 10 de maio de 2022",5542,7,4,R$ 60,R$ 240
8234,"quarta-feira, 11 de maio de 2022",5712,7,4,R$ 60,R$ 240
8301,"sábado, 14 de maio de 2022",8344,7,4,R$ 60,R$ 240
8373,"terça-feira, 17 de maio de 2022",8199,7,4,R$ 60,R$ 240
8382,"terça-feira, 17 de maio de 2022",7946,7,4,R$ 60,R$ 240
8385,"terça-feira, 17 de maio de 2022",4826,7,4,R$ 60,R$ 240
8466,"sexta-feira, 20 de maio de 2022",9149,7,4,R$ 60,R$ 240
8895,"domingo, 5 de junho de 2022",3864,7,4,R$ 60,R$ 240
9048,"sexta-feira, 10 de junho de 2022",5148,7,4,R$ 60,R$ 240
9080,"domingo, 12 de junho de 2022",2649,7,4,R$ 60,R$ 240
9105,"segunda-feira, 13 de junho de 2022",3243,7,4,R$ 60,R$ 240
9263,"sábado, 18 de junho de 2022",3146,7,4,R$ 60,R$ 240
9266,"sábado, 18 de junho de 2022",3413,7,4,R$ 60,R$ 240
9318,"segunda-feira, 20 de junho de 2022",6510,7,4,R$ 60,R$ 240
9410,"sexta-feira, 24 de junho de 2022",1533,7,4,R$ 60,R$ 240
9455,"sábado, 25 de junho de 2022",9586,7,4,R$ 60,R$ 240
9538,"quarta-feira, 29 de junho de 2022",996,7,4,R$ 60,R$ 240
9640,"sábado, 2 de julho de 2022",8658,7,4,R$ 60,R$ 240
9752,"quarta-feira, 6 de julho de 2022",3075,7,4,R$ 60,R$ 240
9755,"quinta-feira, 7 de julho de 2022",8777,7,4,R$ 60,R$ 240
9789,"sexta-feira, 8 de julho de 2022",9564,7,4,R$ 60,R$ 240
9880,"segunda-feira, 11 de julho de 2022",6736,7,4,R$ 60,R$ 240
9905,"terça-feira, 12 de julho de 2022",6510,7,4,R$ 60,R$ 240
9952,"quarta-feira, 13 de julho de 2022",5738,7,4,R$ 60,R$ 240
10002,"sexta-feira, 15 de julho de 2022",6652,7,4,R$ 60,R$ 240
10142,"terça-feira, 19 de julho de 2022",4026,7,4,R$ 60,R$ 240
10170,"quinta-feira, 21 de julho de 2022",486,7,4,R$ 60,R$ 240
10267,"segunda-feira, 25 de julho de 2022",1590,7,4,R$ 60,R$ 240
10408,"sábado, 30 de julho de 2022",8578,7,4,R$ 60,R$ 240
10580,"sábado, 6 de agosto de 2022",4875,7,4,R$ 60,R$ 240
10597,"domingo, 7 de agosto de 2022",9831,7,4,R$ 60,R$ 240
10752,"sexta-feira, 12 de agosto de 2022",7298,7,4,R$ 60,R$ 240
10834,"segunda-feira, 15 de agosto de 2022",9123,7,4,R$ 60,R$ 240
10843,"terça-feira, 16 de agosto de 2022",1107,7,4,R$ 60,R$ 240
10862,"terça-feira, 16 de agosto de 2022",1942,7,4,R$ 60,R$ 240
10930,"sexta-feira, 19 de agosto de 2022",4256,7,4,R$ 60,R$ 240
11061,"quarta-feira, 24 de agosto de 2022",3898,7,4,R$ 60,R$ 240
11126,"sábado, 27 de agosto de 2022",2838,7,4,R$ 60,R$ 240
11128,"sábado, 27 de agosto de 2022",2260,7,4,R$ 60,R$ 240
11137,"sábado, 27 de agosto de 2022",3982,7,4,R$ 60,R$ 240
11310,"sábado, 3 de setembro de 2022",1917,7,4,R$ 60,R$ 240
11350,"domingo, 4 de setembro de 2022",8087,7,4,R$ 60,R$ 240
11351,"domingo, 4 de setembro de 2022",8204,7,4,R$ 60,R$ 240
11393,"terça-feira, 6 de setembro de 2022",10081,7,4,R$ 60,R$ 240
11406,"quarta-feira, 7 de setembro de 2022",1571,7,4,R$ 60,R$ 240
11483,"sexta-feira, 9 de setembro de 2022",8002,7,4,R$ 60,R$ 240
11495,"sábado, 10 de setembro de 2022",8952,7,4,R$ 60,R$ 240
11527,"domingo, 11 de setembro de 2022",4397,7,4,R$ 60,R$ 240
11628,"quarta-feira, 14 de setembro de 2022",1930,7,4,R$ 60,R$ 240
11636,"quinta-feira, 15 de setembro de 2022",10192,7,4,R$ 60,R$ 240
11658,"sexta-feira, 16 de setembro de 2022",4445,7,4,R$ 60,R$ 240
11660,"sexta-feira, 16 de setembro de 2022",9692,7,4,R$ 60,R$ 240
11670,"sexta-feira, 16 de setembro de 2022",5869,7,4,R$ 60,R$ 240
11701,"sábado, 17 de setembro de 2022",5092,7,4,R$ 60,R$ 240
11862,"sexta-feira, 23 de setembro de 2022",4731,7,4,R$ 60,R$ 240
11900,"sábado, 24 de setembro de 2022",473,7,4,R$ 60,R$ 240
12025,"quarta-feira, 28 de setembro de 2022",1841,7,4,R$ 60,R$ 240
12060,"quinta-feira, 29 de setembro de 2022",5542,7,4,R$ 60,R$ 240
12068,"quinta-feira, 29 de setembro de 2022",2575,7,4,R$ 60,R$ 240
12112,"sábado, 1 de outubro de 2022",4051,7,4,R$ 60,R$ 240
12156,"terça-feira, 4 de outubro de 2022",2426,7,4,R$ 60,R$ 240
12166,"terça-feira, 4 de outubro de 2022",9868,7,4,R$ 60,R$ 240
12360,"terça-feira, 11 de outubro de 2022",9116,7,4,R$ 60,R$ 240
12384,"quarta-feira, 12 de outubro de 2022",876,7,4,R$ 60,R$ 240
12418,"quinta-feira, 13 de outubro de 2022",2963,7,4,R$ 60,R$ 240
12503,"domingo, 16 de outubro de 2022",753,7,4,R$ 60,R$ 240
12567,"quarta-feira, 19 de outubro de 2022",5249,7,4,R$ 60,R$ 240
12678,"sábado, 22 de outubro de 2022",8528,7,4,R$ 60,R$ 240
12725,"segunda-feira, 24 de outubro de 2022",162,7,4,R$ 60,R$ 240
12805,"quinta-feira, 27 de outubro de 2022",2065,7,4,R$ 60,R$ 240
12923,"segunda-feira, 31 de outubro de 2022",1419,7,4,R$ 60,R$ 240
13104,"domingo, 6 de novembro de 2022",6230,7,4,R$ 60,R$ 240
13115,"domingo, 6 de novembro de 2022",8564,7,4,R$ 60,R$ 240
13243,"sexta-feira, 11 de novembro de 2022",5303,7,4,R$ 60,R$ 240
13386,"quarta-feira, 16 de novembro de 2022",9715,7,4,R$ 60,R$ 240
13393,"quarta-feira, 16 de novembro de 2022",8452,7,4,R$ 60,R$ 240
13416,"quinta-feira, 17 de novembro de 2022",7621,7,4,R$ 60,R$ 240
13436,"sexta-feira, 18 de novembro de 2022",3762,7,4,R$ 60,R$ 240
13439,"sexta-feira, 18 de novembro de 2022",8165,7,4,R$ 60,R$ 240
13443,"sexta-feira, 18 de novembro de 2022",8040,7,4,R$ 60,R$ 240
13544,"terça-feira, 22 de novembro de 2022",2269,7,4,R$ 60,R$ 240
13601,"sexta-feira, 25 de novembro de 2022",7357,7,4,R$ 60,R$ 240
13620,"sábado, 26 de novembro de 2022",3161,7,4,R$ 60,R$ 240
13629,"sábado, 26 de novembro de 2022",9812,7,4,R$ 60,R$ 240
13860,"quinta-feira, 8 de dezembro de 2022",9432,7,4,R$ 60,R$ 240
13901,"sábado, 10 de dezembro de 2022",4573,7,4,R$ 60,R$ 240
13911,"domingo, 11 de dezembro de 2022",9110,7,4,R$ 60,R$ 240
13923,"segunda-feira, 12 de dezembro de 2022",2019,7,4,R$ 60,R$ 240
46,"sábado, 2 de janeiro de 2021",4239,1,4,R$ 21,R$ 84
180,"quinta-feira, 21 de janeiro de 2021",6079,1,4,R$ 21,R$ 84
396,"segunda-feira, 8 de fevereiro de 2021",1196,1,4,R$ 21,R$ 84
426,"quinta-feira, 11 de fevereiro de 2021",1808,1,4,R$ 21,R$ 84
507,"quinta-feira, 18 de fevereiro de 2021",9929,1,4,R$ 21,R$ 84
575,"quarta-feira, 24 de fevereiro de 2021",1005,1,4,R$ 21,R$ 84
594,"quinta-feira, 25 de fevereiro de 2021",3491,1,4,R$ 21,R$ 84
750,"segunda-feira, 8 de março de 2021",2344,1,4,R$ 21,R$ 84
783,"quarta-feira, 10 de março de 2021",5410,1,4,R$ 21,R$ 84
793,"quinta-feira, 11 de março de 2021",6352,1,4,R$ 21,R$ 84
814,"sexta-feira, 12 de março de 2021",1594,1,4,R$ 21,R$ 84
858,"segunda-feira, 15 de março de 2021",9781,1,4,R$ 21,R$ 84
958,"segunda-feira, 22 de março de 2021",6522,1,4,R$ 21,R$ 84
985,"quarta-feira, 24 de março de 2021",4497,1,4,R$ 21,R$ 84
1031,"sábado, 27 de março de 2021",9744,1,4,R$ 21,R$ 84
1069,"segunda-feira, 29 de março de 2021",3070,1,4,R$ 21,R$ 84
1182,"terça-feira, 6 de abril de 2021",1991,1,4,R$ 21,R$ 84
1189,"terça-feira, 6 de abril de 2021",5625,1,4,R$ 21,R$ 84
1199,"quarta-feira, 7 de abril de 2021",4916,1,4,R$ 21,R$ 84
1316,"quinta-feira, 15 de abril de 2021",8406,1,4,R$ 21,R$ 84
1363,"domingo, 18 de abril de 2021",9851,1,4,R$ 21,R$ 84
1429,"sexta-feira, 23 de abril de 2021",5895,1,4,R$ 21,R$ 84
1456,"domingo, 25 de abril de 2021",5387,1,4,R$ 21,R$ 84
1590,"terça-feira, 4 de maio de 2021",1507,1,4,R$ 21,R$ 84
1641,"sábado, 8 de maio de 2021",5855,1,4,R$ 21,R$ 84
1703,"quinta-feira, 13 de maio de 2021",9703,1,4,R$ 21,R$ 84
1788,"quinta-feira, 20 de maio de 2021",8687,1,4,R$ 21,R$ 84
1834,"domingo, 23 de maio de 2021",9851,1,4,R$ 21,R$ 84
1887,"sexta-feira, 28 de maio de 2021",7446,1,4,R$ 21,R$ 84
1903,"sábado, 29 de maio de 2021",9900,1,4,R$ 21,R$ 84
1993,"sábado, 5 de junho de 2021",4307,1,4,R$ 21,R$ 84
2081,"segunda-feira, 14 de junho de 2021",1865,1,4,R$ 21,R$ 84
2190,"terça-feira, 22 de junho de 2021",1979,1,4,R$ 21,R$ 84
2200,"quinta-feira, 24 de junho de 2021",905,1,4,R$ 21,R$ 84
2317,"sábado, 3 de julho de 2021",4537,1,4,R$ 21,R$ 84
2369,"quinta-feira, 8 de julho de 2021",1313,1,4,R$ 21,R$ 84
2462,"quinta-feira, 15 de julho de 2021",8442,1,4,R$ 21,R$ 84
2478,"sábado, 17 de julho de 2021",2966,1,4,R$ 21,R$ 84
2539,"quarta-feira, 21 de julho de 2021",7103,1,4,R$ 21,R$ 84
2541,"quarta-feira, 21 de julho de 2021",4291,1,4,R$ 21,R$ 84
2574,"sábado, 24 de julho de 2021",10145,1,4,R$ 21,R$ 84
2579,"domingo, 25 de julho de 2021",170,1,4,R$ 21,R$ 84
2583,"domingo, 25 de julho de 2021",9162,1,4,R$ 21,R$ 84
2659,"sábado, 31 de julho de 2021",941,1,4,R$ 21,R$ 84
2681,"segunda-feira, 2 de agosto de 2021",7546,1,4,R$ 21,R$ 84
2728,"sexta-feira, 6 de agosto de 2021",3744,1,4,R$ 21,R$ 84
2793,"quarta-feira, 11 de agosto de 2021",4868,1,4,R$ 21,R$ 84
3174,"sábado, 11 de setembro de 2021",7182,1,4,R$ 21,R$ 84
3237,"sexta-feira, 17 de setembro de 2021",4133,1,4,R$ 21,R$ 84
3287,"segunda-feira, 20 de setembro de 2021",7752,1,4,R$ 21,R$ 84
3365,"quarta-feira, 29 de setembro de 2021",4589,1,4,R$ 21,R$ 84
3368,"quarta-feira, 29 de setembro de 2021",9668,1,4,R$ 21,R$ 84
3457,"terça-feira, 5 de outubro de 2021",5647,1,4,R$ 21,R$ 84
3509,"sexta-feira, 8 de outubro de 2021",473,1,4,R$ 21,R$ 84
3518,"sábado, 9 de outubro de 2021",7813,1,4,R$ 21,R$ 84
3577,"quinta-feira, 14 de outubro de 2021",2553,1,4,R$ 21,R$ 84
3643,"quarta-feira, 20 de outubro de 2021",7880,1,4,R$ 21,R$ 84
3676,"domingo, 24 de outubro de 2021",8254,1,4,R$ 21,R$ 84
3740,"sexta-feira, 29 de outubro de 2021",7704,1,4,R$ 21,R$ 84
3754,"sexta-feira, 29 de outubro de 2021",3361,1,4,R$ 21,R$ 84
3980,"terça-feira, 16 de novembro de 2021",126,1,4,R$ 21,R$ 84
4000,"quarta-feira, 17 de novembro de 2021",5958,1,4,R$ 21,R$ 84
4041,"sábado, 20 de novembro de 2021",9622,1,4,R$ 21,R$ 84
4117,"quinta-feira, 25 de novembro de 2021",4892,1,4,R$ 21,R$ 84
4283,"segunda-feira, 6 de dezembro de 2021",603,1,4,R$ 21,R$ 84
4367,"domingo, 12 de dezembro de 2021",1153,1,4,R$ 21,R$ 84
4579,"sexta-feira, 24 de dezembro de 2021",3661,1,4,R$ 21,R$ 84
4591,"sábado, 25 de dezembro de 2021",3401,1,4,R$ 21,R$ 84
4598,"sábado, 25 de dezembro de 2021",6287,1,4,R$ 21,R$ 84
4762,"domingo, 2 de janeiro de 2022",6982,1,4,R$ 21,R$ 84
4776,"segunda-feira, 3 de janeiro de 2022",3349,1,4,R$ 21,R$ 84
5045,"sexta-feira, 14 de janeiro de 2022",9433,1,4,R$ 21,R$ 84
5052,"sexta-feira, 14 de janeiro de 2022",6603,1,4,R$ 21,R$ 84
5218,"sexta-feira, 21 de janeiro de 2022",5639,1,4,R$ 21,R$ 84
5288,"segunda-feira, 24 de janeiro de 2022",8108,1,4,R$ 21,R$ 84
5307,"segunda-feira, 24 de janeiro de 2022",5102,1,4,R$ 21,R$ 84
5349,"quarta-feira, 26 de janeiro de 2022",1449,1,4,R$ 21,R$ 84
5406,"sexta-feira, 28 de janeiro de 2022",6957,1,4,R$ 21,R$ 84
5432,"sábado, 29 de janeiro de 2022",2329,1,4,R$ 21,R$ 84
5441,"domingo, 30 de janeiro de 2022",7282,1,4,R$ 21,R$ 84
5445,"domingo, 30 de janeiro de 2022",10271,1,4,R$ 21,R$ 84
5492,"terça-feira, 1 de fevereiro de 2022",2374,1,4,R$ 21,R$ 84
5495,"terça-feira, 1 de fevereiro de 2022",5644,1,4,R$ 21,R$ 84
5513,"terça-feira, 1 de fevereiro de 2022",2838,1,4,R$ 21,R$ 84
5590,"quinta-feira, 3 de fevereiro de 2022",10178,1,4,R$ 21,R$ 84
5609,"sexta-feira, 4 de fevereiro de 2022",5092,1,4,R$ 21,R$ 84
5622,"sábado, 5 de fevereiro de 2022",5102,1,4,R$ 21,R$ 84
5659,"domingo, 6 de fevereiro de 2022",9830,1,4,R$ 21,R$ 84
5705,"terça-feira, 8 de fevereiro de 2022",9995,1,4,R$ 21,R$ 84
5726,"terça-feira, 8 de fevereiro de 2022",8077,1,4,R$ 21,R$ 84
5758,"quinta-feira, 10 de fevereiro de 2022",7220,1,4,R$ 21,R$ 84
5777,"quinta-feira, 10 de fevereiro de 2022",10160,1,4,R$ 21,R$ 84
5812,"sábado, 12 de fevereiro de 2022",8667,1,4,R$ 21,R$ 84
5845,"domingo, 13 de fevereiro de 2022",5876,1,4,R$ 21,R$ 84
5873,"segunda-feira, 14 de fevereiro de 2022",2589,1,4,R$ 21,R$ 84
5928,"terça-feira, 15 de fevereiro de 2022",4508,1,4,R$ 21,R$ 84
5994,"sexta-feira, 18 de fevereiro de 2022",698,1,4,R$ 21,R$ 84
6007,"sexta-feira, 18 de fevereiro de 2022",1769,1,4,R$ 21,R$ 84
6212,"sexta-feira, 25 de fevereiro de 2022",5174,1,4,R$ 21,R$ 84
6235,"sábado, 26 de fevereiro de 2022",355,1,4,R$ 21,R$ 84
6313,"terça-feira, 1 de março de 2022",1681,1,4,R$ 21,R$ 84
6328,"terça-feira, 1 de março de 2022",1550,1,4,R$ 21,R$ 84
6419,"sábado, 5 de março de 2022",9625,1,4,R$ 21,R$ 84
6560,"quinta-feira, 10 de março de 2022",9775,1,4,R$ 21,R$ 84
6572,"quinta-feira, 10 de março de 2022",272,1,4,R$ 21,R$ 84
6632,"domingo, 13 de março de 2022",1958,1,4,R$ 21,R$ 84
6636,"domingo, 13 de março de 2022",7580,1,4,R$ 21,R$ 84
6702,"terça-feira, 15 de março de 2022",4958,1,4,R$ 21,R$ 84
6721,"quarta-feira, 16 de março de 2022",7862,1,4,R$ 21,R$ 84
6766,"sexta-feira, 18 de março de 2022",6299,1,4,R$ 21,R$ 84
6800,"sábado, 19 de março de 2022",9209,1,4,R$ 21,R$ 84
6858,"terça-feira, 22 de março de 2022",1117,1,4,R$ 21,R$ 84
6916,"sexta-feira, 25 de março de 2022",8638,1,4,R$ 21,R$ 84
7000,"domingo, 27 de março de 2022",2986,1,4,R$ 21,R$ 84
7143,"sexta-feira, 1 de abril de 2022",3681,1,4,R$ 21,R$ 84
7182,"domingo, 3 de abril de 2022",4914,1,4,R$ 21,R$ 84
7255,"quarta-feira, 6 de abril de 2022",8709,1,4,R$ 21,R$ 84
7282,"quinta-feira, 7 de abril de 2022",7977,1,4,R$ 21,R$ 84
7402,"segunda-feira, 11 de abril de 2022",7633,1,4,R$ 21,R$ 84
7545,"domingo, 17 de abril de 2022",4796,1,4,R$ 21,R$ 84
7582,"segunda-feira, 18 de abril de 2022",7526,1,4,R$ 21,R$ 84
7630,"quarta-feira, 20 de abril de 2022",9006,1,4,R$ 21,R$ 84
7640,"quarta-feira, 20 de abril de 2022",9076,1,4,R$ 21,R$ 84
7719,"sábado, 23 de abril de 2022",8239,1,4,R$ 21,R$ 84
7758,"domingo, 24 de abril de 2022",2961,1,4,R$ 21,R$ 84
7851,"quinta-feira, 28 de abril de 2022",4543,1,4,R$ 21,R$ 84
7907,"sábado, 30 de abril de 2022",5103,1,4,R$ 21,R$ 84
7940,"domingo, 1 de maio de 2022",7424,1,4,R$ 21,R$ 84
7943,"domingo, 1 de maio de 2022",629,1,4,R$ 21,R$ 84
8038,"quinta-feira, 5 de maio de 2022",6132,1,4,R$ 21,R$ 84
8067,"sexta-feira, 6 de maio de 2022",1612,1,4,R$ 21,R$ 84
8071,"sexta-feira, 6 de maio de 2022",1825,1,4,R$ 21,R$ 84
8241,"quinta-feira, 12 de maio de 2022",2496,1,4,R$ 21,R$ 84
8245,"quinta-feira, 12 de maio de 2022",8564,1,4,R$ 21,R$ 84
8286,"sábado, 14 de maio de 2022",10160,1,4,R$ 21,R$ 84
8439,"sexta-feira, 20 de maio de 2022",8118,1,4,R$ 21,R$ 84
8453,"sexta-feira, 20 de maio de 2022",48,1,4,R$ 21,R$ 84
8568,"terça-feira, 24 de maio de 2022",7970,1,4,R$ 21,R$ 84
8589,"quarta-feira, 25 de maio de 2022",3961,1,4,R$ 21,R$ 84
8620,"quinta-feira, 26 de maio de 2022",5226,1,4,R$ 21,R$ 84
8683,"sábado, 28 de maio de 2022",9069,1,4,R$ 21,R$ 84
8739,"segunda-feira, 30 de maio de 2022",6081,1,4,R$ 21,R$ 84
8797,"quarta-feira, 1 de junho de 2022",9134,1,4,R$ 21,R$ 84
8836,"quinta-feira, 2 de junho de 2022",8710,1,4,R$ 21,R$ 84
8838,"sexta-feira, 3 de junho de 2022",568,1,4,R$ 21,R$ 84
9138,"terça-feira, 14 de junho de 2022",5592,1,4,R$ 21,R$ 84
9142,"terça-feira, 14 de junho de 2022",244,1,4,R$ 21,R$ 84
9170,"quarta-feira, 15 de junho de 2022",7810,1,4,R$ 21,R$ 84
9195,"quinta-feira, 16 de junho de 2022",4069,1,4,R$ 21,R$ 84
9290,"domingo, 19 de junho de 2022",9869,1,4,R$ 21,R$ 84
9569,"quinta-feira, 30 de junho de 2022",3166,1,4,R$ 21,R$ 84
9570,"quinta-feira, 30 de junho de 2022",6957,1,4,R$ 21,R$ 84
9623,"sábado, 2 de julho de 2022",3855,1,4,R$ 21,R$ 84
9627,"sábado, 2 de julho de 2022",2273,1,4,R$ 21,R$ 84
9693,"segunda-feira, 4 de julho de 2022",6713,1,4,R$ 21,R$ 84
9727,"quarta-feira, 6 de julho de 2022",7324,1,4,R$ 21,R$ 84
9769,"quinta-feira, 7 de julho de 2022",7591,1,4,R$ 21,R$ 84
9846,"domingo, 10 de julho de 2022",6652,1,4,R$ 21,R$ 84
9951,"quarta-feira, 13 de julho de 2022",9966,1,4,R$ 21,R$ 84
10024,"sábado, 16 de julho de 2022",3308,1,4,R$ 21,R$ 84
10025,"sábado, 16 de julho de 2022",4731,1,4,R$ 21,R$ 84
10036,"sábado, 16 de julho de 2022",3787,1,4,R$ 21,R$ 84
10045,"sábado, 16 de julho de 2022",6075,1,4,R$ 21,R$ 84
10079,"segunda-feira, 18 de julho de 2022",2373,1,4,R$ 21,R$ 84
10089,"segunda-feira, 18 de julho de 2022",5466,1,4,R$ 21,R$ 84
10183,"quinta-feira, 21 de julho de 2022",7994,1,4,R$ 21,R$ 84
10188,"quinta-feira, 21 de julho de 2022",2191,1,4,R$ 21,R$ 84
10222,"sexta-feira, 22 de julho de 2022",6944,1,4,R$ 21,R$ 84
10334,"quarta-feira, 27 de julho de 2022",2968,1,4,R$ 21,R$ 84
10342,"quarta-feira, 27 de julho de 2022",7764,1,4,R$ 21,R$ 84
10353,"quinta-feira, 28 de julho de 2022",10002,1,4,R$ 21,R$ 84
10371,"sexta-feira, 29 de julho de 2022",9844,1,4,R$ 21,R$ 84
10416,"domingo, 31 de julho de 2022",8873,1,4,R$ 21,R$ 84
10453,"segunda-feira, 1 de agosto de 2022",5881,1,4,R$ 21,R$ 84
10487,"terça-feira, 2 de agosto de 2022",7869,1,4,R$ 21,R$ 84
10620,"segunda-feira, 8 de agosto de 2022",670,1,4,R$ 21,R$ 84
10725,"quinta-feira, 11 de agosto de 2022",1593,1,4,R$ 21,R$ 84
10785,"sábado, 13 de agosto de 2022",7134,1,4,R$ 21,R$ 84
10844,"terça-feira, 16 de agosto de 2022",2621,1,4,R$ 21,R$ 84
10881,"quarta-feira, 17 de agosto de 2022",7227,1,4,R$ 21,R$ 84
10897,"quarta-feira, 17 de agosto de 2022",7481,1,4,R$ 21,R$ 84
10937,"sexta-feira, 19 de agosto de 2022",1563,1,4,R$ 21,R$ 84
10977,"domingo, 21 de agosto de 2022",9820,1,4,R$ 21,R$ 84
11009,"segunda-feira, 22 de agosto de 2022",7234,1,4,R$ 21,R$ 84
11022,"terça-feira, 23 de agosto de 2022",789,1,4,R$ 21,R$ 84
11175,"segunda-feira, 29 de agosto de 2022",7541,1,4,R$ 21,R$ 84
11222,"terça-feira, 30 de agosto de 2022",2118,1,4,R$ 21,R$ 84
11373,"segunda-feira, 5 de setembro de 2022",6956,1,4,R$ 21,R$ 84
11496,"sábado, 10 de setembro de 2022",7281,1,4,R$ 21,R$ 84
11550,"segunda-feira, 12 de setembro de 2022",3440,1,4,R$ 21,R$ 84
11560,"segunda-feira, 12 de setembro de 2022",9004,1,4,R$ 21,R$ 84
11893,"sábado, 24 de setembro de 2022",5060,1,4,R$ 21,R$ 84
11976,"terça-feira, 27 de setembro de 2022",5208,1,4,R$ 21,R$ 84
12010,"quarta-feira, 28 de setembro de 2022",1074,1,4,R$ 21,R$ 84
12018,"quarta-feira, 28 de setembro de 2022",6033,1,4,R$ 21,R$ 84
12038,"quinta-feira, 29 de setembro de 2022",1311,1,4,R$ 21,R$ 84
12045,"quinta-feira, 29 de setembro de 2022",6505,1,4,R$ 21,R$ 84
12095,"sábado, 1 de outubro de 2022",9263,1,4,R$ 21,R$ 84
12297,"domingo, 9 de outubro de 2022",7534,1,4,R$ 21,R$ 84
12356,"terça-feira, 11 de outubro de 2022",4231,1,4,R$ 21,R$ 84
12555,"terça-feira, 18 de outubro de 2022",9973,1,4,R$ 21,R$ 84
12596,"quinta-feira, 20 de outubro de 2022",8870,1,4,R$ 21,R$ 84
12644,"sexta-feira, 21 de outubro de 2022",6358,1,4,R$ 21,R$ 84
12740,"segunda-feira, 24 de outubro de 2022",2451,1,4,R$ 21,R$ 84
12867,"sábado, 29 de outubro de 2022",7315,1,4,R$ 21,R$ 84
13082,"domingo, 6 de novembro de 2022",4647,1,4,R$ 21,R$ 84
13139,"segunda-feira, 7 de novembro de 2022",2434,1,4,R$ 21,R$ 84
13146,"terça-feira, 8 de novembro de 2022",6779,1,4,R$ 21,R$ 84
13193,"quarta-feira, 9 de novembro de 2022",9368,1,4,R$ 21,R$ 84
13238,"sexta-feira, 11 de novembro de 2022",8794,1,4,R$ 21,R$ 84
13284,"sábado, 12 de novembro de 2022",4075,1,4,R$ 21,R$ 84
13338,"segunda-feira, 14 de novembro de 2022",4807,1,4,R$ 21,R$ 84
13472,"domingo, 20 de novembro de 2022",1013,1,4,R$ 21,R$ 84
13503,"segunda-feira, 21 de novembro de 2022",9854,1,4,R$ 21,R$ 84
13528,"terça-feira, 22 de novembro de 2022",8522,1,4,R$ 21,R$ 84
13553,"quarta-feira, 23 de novembro de 2022",8528,1,4,R$ 21,R$ 84
13624,"sábado, 26 de novembro de 2022",1469,1,4,R$ 21,R$ 84
13723,"quarta-feira, 30 de novembro de 2022",972,1,4,R$ 21,R$ 84
13839,"terça-feira, 6 de dezembro de 2022",8165,1,4,R$ 21,R$ 84
13944,"quarta-feira, 14 de dezembro de 2022",9142,1,4,R$ 21,R$ 84
13994,"segunda-feira, 19 de dezembro de 2022",9318,1,4,R$ 21,R$ 84
14016,"sexta-feira, 23 de dezembro de 2022",7051,1,4,R$ 21,R$ 84
35,"sexta-feira, 22 de janeiro de 2021",7617,13,4,R$ 50,R$ 200
97,"terça-feira, 12 de janeiro de 2021",769,13,4,R$ 50,R$ 200
144,"segunda-feira, 18 de janeiro de 2021",4021,13,4,R$ 50,R$ 200
160,"terça-feira, 19 de janeiro de 2021",4552,13,4,R$ 50,R$ 200
197,"sábado, 23 de janeiro de 2021",2313,13,4,R$ 50,R$ 200
207,"sábado, 23 de janeiro de 2021",7149,13,4,R$ 50,R$ 200
214,"domingo, 24 de janeiro de 2021",9264,13,4,R$ 50,R$ 200
253,"quinta-feira, 28 de janeiro de 2021",7352,13,4,R$ 50,R$ 200
354,"sexta-feira, 5 de fevereiro de 2021",1023,13,4,R$ 50,R$ 200
475,"segunda-feira, 15 de fevereiro de 2021",1565,13,4,R$ 50,R$ 200
497,"quarta-feira, 17 de fevereiro de 2021",3976,13,4,R$ 50,R$ 200
639,"domingo, 28 de fevereiro de 2021",873,13,4,R$ 50,R$ 200
673,"quarta-feira, 3 de março de 2021",6712,13,4,R$ 50,R$ 200
688,"quarta-feira, 3 de março de 2021",6997,13,4,R$ 50,R$ 200
729,"sábado, 6 de março de 2021",3101,13,4,R$ 50,R$ 200
816,"sexta-feira, 12 de março de 2021",4623,13,4,R$ 50,R$ 200
820,"sábado, 13 de março de 2021",7573,13,4,R$ 50,R$ 200
908,"sexta-feira, 19 de março de 2021",970,13,4,R$ 50,R$ 200
946,"domingo, 21 de março de 2021",751,13,4,R$ 50,R$ 200
1061,"segunda-feira, 29 de março de 2021",9040,13,4,R$ 50,R$ 200
1137,"sábado, 3 de abril de 2021",7182,13,4,R$ 50,R$ 200
1198,"quarta-feira, 7 de abril de 2021",9528,13,4,R$ 50,R$ 200
1219,"sexta-feira, 9 de abril de 2021",5782,13,4,R$ 50,R$ 200
1238,"sábado, 10 de abril de 2021",3020,13,4,R$ 50,R$ 200
1251,"domingo, 11 de abril de 2021",5419,13,4,R$ 50,R$ 200
1337,"sexta-feira, 16 de abril de 2021",9275,13,4,R$ 50,R$ 200
1403,"quarta-feira, 21 de abril de 2021",8563,13,4,R$ 50,R$ 200
1475,"segunda-feira, 26 de abril de 2021",7357,13,4,R$ 50,R$ 200
1676,"terça-feira, 11 de maio de 2021",10161,13,4,R$ 50,R$ 200
1737,"domingo, 16 de maio de 2021",4188,13,4,R$ 50,R$ 200
1787,"quinta-feira, 20 de maio de 2021",10033,13,4,R$ 50,R$ 200
1874,"quinta-feira, 27 de maio de 2021",6511,13,4,R$ 50,R$ 200
2161,"segunda-feira, 21 de junho de 2021",4633,13,4,R$ 50,R$ 200
2162,"segunda-feira, 21 de junho de 2021",6754,13,4,R$ 50,R$ 200
2218,"quinta-feira, 24 de junho de 2021",9937,13,4,R$ 50,R$ 200
2304,"sexta-feira, 2 de julho de 2021",6262,13,4,R$ 50,R$ 200
2388,"sábado, 10 de julho de 2021",7791,13,4,R$ 50,R$ 200
2426,"segunda-feira, 12 de julho de 2021",3548,13,4,R$ 50,R$ 200
2537,"quarta-feira, 21 de julho de 2021",4730,13,4,R$ 50,R$ 200
2589,"segunda-feira, 26 de julho de 2021",6155,13,4,R$ 50,R$ 200
2711,"quarta-feira, 4 de agosto de 2021",9029,13,4,R$ 50,R$ 200
2762,"domingo, 8 de agosto de 2021",1309,13,4,R$ 50,R$ 200
2926,"domingo, 22 de agosto de 2021",1676,13,4,R$ 50,R$ 200
2980,"quinta-feira, 26 de agosto de 2021",4344,13,4,R$ 50,R$ 200
3014,"domingo, 29 de agosto de 2021",6169,13,4,R$ 50,R$ 200
3100,"domingo, 5 de setembro de 2021",8059,13,4,R$ 50,R$ 200
3477,"quarta-feira, 6 de outubro de 2021",2690,13,4,R$ 50,R$ 200
3542,"segunda-feira, 11 de outubro de 2021",198,13,4,R$ 50,R$ 200
3545,"segunda-feira, 11 de outubro de 2021",2981,13,4,R$ 50,R$ 200
3624,"terça-feira, 19 de outubro de 2021",2084,13,4,R$ 50,R$ 200
3625,"terça-feira, 19 de outubro de 2021",2078,13,4,R$ 50,R$ 200
3886,"segunda-feira, 8 de novembro de 2021",463,13,4,R$ 50,R$ 200
3893,"terça-feira, 9 de novembro de 2021",4497,13,4,R$ 50,R$ 200
3994,"quarta-feira, 17 de novembro de 2021",10015,13,4,R$ 50,R$ 200
4079,"terça-feira, 23 de novembro de 2021",8466,13,4,R$ 50,R$ 200
4147,"sábado, 27 de novembro de 2021",7664,13,4,R$ 50,R$ 200
4395,"terça-feira, 14 de dezembro de 2021",6888,13,4,R$ 50,R$ 200
4419,"quarta-feira, 15 de dezembro de 2021",4004,13,4,R$ 50,R$ 200
4481,"domingo, 19 de dezembro de 2021",1720,13,4,R$ 50,R$ 200
4649,"terça-feira, 28 de dezembro de 2021",9239,13,4,R$ 50,R$ 200
4651,"terça-feira, 28 de dezembro de 2021",10116,13,4,R$ 50,R$ 200
4655,"terça-feira, 28 de dezembro de 2021",4438,13,4,R$ 50,R$ 200
4686,"quinta-feira, 30 de dezembro de 2021",5013,13,4,R$ 50,R$ 200
4727,"sexta-feira, 31 de dezembro de 2021",7129,13,4,R$ 50,R$ 200
4769,"domingo, 2 de janeiro de 2022",260,13,4,R$ 50,R$ 200
4770,"domingo, 2 de janeiro de 2022",602,13,4,R$ 50,R$ 200
4825,"quarta-feira, 5 de janeiro de 2022",6666,13,4,R$ 50,R$ 200
4888,"sexta-feira, 7 de janeiro de 2022",4070,13,4,R$ 50,R$ 200
4890,"sexta-feira, 7 de janeiro de 2022",8087,13,4,R$ 50,R$ 200
4981,"terça-feira, 11 de janeiro de 2022",1052,13,4,R$ 50,R$ 200
5043,"sexta-feira, 14 de janeiro de 2022",5533,13,4,R$ 50,R$ 200
5055,"sexta-feira, 14 de janeiro de 2022",2986,13,4,R$ 50,R$ 200
5095,"domingo, 16 de janeiro de 2022",5672,13,4,R$ 50,R$ 200
5155,"terça-feira, 18 de janeiro de 2022",1235,13,4,R$ 50,R$ 200
5239,"sexta-feira, 21 de janeiro de 2022",4579,13,4,R$ 50,R$ 200
5267,"domingo, 23 de janeiro de 2022",6006,13,4,R$ 50,R$ 200
5367,"quinta-feira, 27 de janeiro de 2022",298,13,4,R$ 50,R$ 200
5404,"sexta-feira, 28 de janeiro de 2022",4761,13,4,R$ 50,R$ 200
5467,"segunda-feira, 31 de janeiro de 2022",972,13,4,R$ 50,R$ 200
5542,"quarta-feira, 2 de fevereiro de 2022",8321,13,4,R$ 50,R$ 200
5556,"quarta-feira, 2 de fevereiro de 2022",6563,13,4,R$ 50,R$ 200
5560,"quarta-feira, 2 de fevereiro de 2022",7051,13,4,R$ 50,R$ 200
5645,"sábado, 5 de fevereiro de 2022",9993,13,4,R$ 50,R$ 200
5646,"sábado, 5 de fevereiro de 2022",8544,13,4,R$ 50,R$ 200
5687,"segunda-feira, 7 de fevereiro de 2022",2769,13,4,R$ 50,R$ 200
5733,"quarta-feira, 9 de fevereiro de 2022",6541,13,4,R$ 50,R$ 200
5738,"quarta-feira, 9 de fevereiro de 2022",4618,13,4,R$ 50,R$ 200
5745,"quarta-feira, 9 de fevereiro de 2022",3716,13,4,R$ 50,R$ 200
5761,"quinta-feira, 10 de fevereiro de 2022",7315,13,4,R$ 50,R$ 200
5864,"domingo, 13 de fevereiro de 2022",7534,13,4,R$ 50,R$ 200
5867,"domingo, 13 de fevereiro de 2022",8105,13,4,R$ 50,R$ 200
6076,"domingo, 20 de fevereiro de 2022",3692,13,4,R$ 50,R$ 200
6084,"segunda-feira, 21 de fevereiro de 2022",7812,13,4,R$ 50,R$ 200
6085,"segunda-feira, 21 de fevereiro de 2022",9665,13,4,R$ 50,R$ 200
6181,"quinta-feira, 24 de fevereiro de 2022",376,13,4,R$ 50,R$ 200
6322,"terça-feira, 1 de março de 2022",1495,13,4,R$ 50,R$ 200
6536,"quarta-feira, 9 de março de 2022",1005,13,4,R$ 50,R$ 200
6568,"quinta-feira, 10 de março de 2022",2762,13,4,R$ 50,R$ 200
6613,"sábado, 12 de março de 2022",7476,13,4,R$ 50,R$ 200
6726,"quarta-feira, 16 de março de 2022",7522,13,4,R$ 50,R$ 200
6767,"sexta-feira, 18 de março de 2022",1829,13,4,R$ 50,R$ 200
6790,"sábado, 19 de março de 2022",10153,13,4,R$ 50,R$ 200
6792,"sábado, 19 de março de 2022",2201,13,4,R$ 50,R$ 200
6803,"sábado, 19 de março de 2022",322,13,4,R$ 50,R$ 200
6832,"segunda-feira, 21 de março de 2022",9256,13,4,R$ 50,R$ 200
6863,"terça-feira, 22 de março de 2022",1038,13,4,R$ 50,R$ 200
6905,"quinta-feira, 24 de março de 2022",5466,13,4,R$ 50,R$ 200
6928,"sexta-feira, 25 de março de 2022",5207,13,4,R$ 50,R$ 200
6951,"sábado, 26 de março de 2022",3390,13,4,R$ 50,R$ 200
6995,"domingo, 27 de março de 2022",7134,13,4,R$ 50,R$ 200
7074,"quarta-feira, 30 de março de 2022",4518,13,4,R$ 50,R$ 200
7075,"quarta-feira, 30 de março de 2022",2371,13,4,R$ 50,R$ 200
7124,"sexta-feira, 1 de abril de 2022",5913,13,4,R$ 50,R$ 200
7181,"domingo, 3 de abril de 2022",7370,13,4,R$ 50,R$ 200
7257,"quarta-feira, 6 de abril de 2022",9642,13,4,R$ 50,R$ 200
7420,"terça-feira, 12 de abril de 2022",7148,13,4,R$ 50,R$ 200
7438,"quarta-feira, 13 de abril de 2022",7149,13,4,R$ 50,R$ 200
7468,"quinta-feira, 14 de abril de 2022",4250,13,4,R$ 50,R$ 200
7690,"sexta-feira, 22 de abril de 2022",1676,13,4,R$ 50,R$ 200
7696,"sexta-feira, 22 de abril de 2022",10278,13,4,R$ 50,R$ 200
7750,"domingo, 24 de abril de 2022",1448,13,4,R$ 50,R$ 200
7752,"domingo, 24 de abril de 2022",1406,13,4,R$ 50,R$ 200
7793,"terça-feira, 26 de abril de 2022",2990,13,4,R$ 50,R$ 200
7924,"sábado, 30 de abril de 2022",4495,13,4,R$ 50,R$ 200
7970,"segunda-feira, 2 de maio de 2022",10225,13,4,R$ 50,R$ 200
8022,"quarta-feira, 4 de maio de 2022",7171,13,4,R$ 50,R$ 200
8211,"terça-feira, 10 de maio de 2022",4829,13,4,R$ 50,R$ 200
8291,"sábado, 14 de maio de 2022",7012,13,4,R$ 50,R$ 200
8395,"quarta-feira, 18 de maio de 2022",9064,13,4,R$ 50,R$ 200
8455,"sexta-feira, 20 de maio de 2022",5216,13,4,R$ 50,R$ 200
8468,"sexta-feira, 20 de maio de 2022",52,13,4,R$ 50,R$ 200
8509,"domingo, 22 de maio de 2022",8165,13,4,R$ 50,R$ 200
8517,"domingo, 22 de maio de 2022",6339,13,4,R$ 50,R$ 200
8593,"quarta-feira, 25 de maio de 2022",5537,13,4,R$ 50,R$ 200
8640,"quinta-feira, 26 de maio de 2022",3311,13,4,R$ 50,R$ 200
8651,"sexta-feira, 27 de maio de 2022",8647,13,4,R$ 50,R$ 200
8671,"sexta-feira, 27 de maio de 2022",4953,13,4,R$ 50,R$ 200
8688,"sábado, 28 de maio de 2022",272,13,4,R$ 50,R$ 200
8708,"domingo, 29 de maio de 2022",9919,13,4,R$ 50,R$ 200
8764,"terça-feira, 31 de maio de 2022",3661,13,4,R$ 50,R$ 200
8861,"sexta-feira, 3 de junho de 2022",6010,13,4,R$ 50,R$ 200
8933,"segunda-feira, 6 de junho de 2022",9391,13,4,R$ 50,R$ 200
8974,"quarta-feira, 8 de junho de 2022",6829,13,4,R$ 50,R$ 200
9119,"segunda-feira, 13 de junho de 2022",1612,13,4,R$ 50,R$ 200
9206,"quinta-feira, 16 de junho de 2022",4467,13,4,R$ 50,R$ 200
9374,"quarta-feira, 22 de junho de 2022",9850,13,4,R$ 50,R$ 200
9405,"quinta-feira, 23 de junho de 2022",10019,13,4,R$ 50,R$ 200
9564,"quinta-feira, 30 de junho de 2022",6311,13,4,R$ 50,R$ 200
9624,"sábado, 2 de julho de 2022",5745,13,4,R$ 50,R$ 200
9657,"domingo, 3 de julho de 2022",925,13,4,R$ 50,R$ 200
9684,"segunda-feira, 4 de julho de 2022",9642,13,4,R$ 50,R$ 200
9712,"terça-feira, 5 de julho de 2022",2500,13,4,R$ 50,R$ 200
9807,"sexta-feira, 8 de julho de 2022",2134,13,4,R$ 50,R$ 200
9918,"terça-feira, 12 de julho de 2022",822,13,4,R$ 50,R$ 200
10068,"domingo, 17 de julho de 2022",746,13,4,R$ 50,R$ 200
10175,"quinta-feira, 21 de julho de 2022",3706,13,4,R$ 50,R$ 200
10220,"sexta-feira, 22 de julho de 2022",622,13,4,R$ 50,R$ 200
10273,"segunda-feira, 25 de julho de 2022",5618,13,4,R$ 50,R$ 200
10473,"terça-feira, 2 de agosto de 2022",9323,13,4,R$ 50,R$ 200
10504,"quarta-feira, 3 de agosto de 2022",1614,13,4,R$ 50,R$ 200
10505,"quarta-feira, 3 de agosto de 2022",4633,13,4,R$ 50,R$ 200
10529,"quinta-feira, 4 de agosto de 2022",10049,13,4,R$ 50,R$ 200
10555,"sexta-feira, 5 de agosto de 2022",2441,13,4,R$ 50,R$ 200
10633,"segunda-feira, 8 de agosto de 2022",1424,13,4,R$ 50,R$ 200
10718,"quinta-feira, 11 de agosto de 2022",2918,13,4,R$ 50,R$ 200
10784,"sábado, 13 de agosto de 2022",3858,13,4,R$ 50,R$ 200
10898,"quarta-feira, 17 de agosto de 2022",8427,13,4,R$ 50,R$ 200
10917,"sexta-feira, 19 de agosto de 2022",8259,13,4,R$ 50,R$ 200
10941,"sexta-feira, 19 de agosto de 2022",7904,13,4,R$ 50,R$ 200
11026,"terça-feira, 23 de agosto de 2022",1614,13,4,R$ 50,R$ 200
11078,"quinta-feira, 25 de agosto de 2022",10033,13,4,R$ 50,R$ 200
11103,"sexta-feira, 26 de agosto de 2022",1038,13,4,R$ 50,R$ 200
11171,"domingo, 28 de agosto de 2022",6159,13,4,R$ 50,R$ 200
11177,"segunda-feira, 29 de agosto de 2022",7107,13,4,R$ 50,R$ 200
11249,"quarta-feira, 31 de agosto de 2022",5348,13,4,R$ 50,R$ 200
11263,"quinta-feira, 1 de setembro de 2022",5002,13,4,R$ 50,R$ 200
11340,"domingo, 4 de setembro de 2022",9569,13,4,R$ 50,R$ 200
11438,"quinta-feira, 8 de setembro de 2022",8652,13,4,R$ 50,R$ 200
11447,"quinta-feira, 8 de setembro de 2022",3468,13,4,R$ 50,R$ 200
11458,"sexta-feira, 9 de setembro de 2022",10033,13,4,R$ 50,R$ 200
11476,"sexta-feira, 9 de setembro de 2022",1533,13,4,R$ 50,R$ 200
11545,"domingo, 11 de setembro de 2022",2743,13,4,R$ 50,R$ 200
11584,"terça-feira, 13 de setembro de 2022",6469,13,4,R$ 50,R$ 200
11653,"quinta-feira, 15 de setembro de 2022",8079,13,4,R$ 50,R$ 200
11798,"quarta-feira, 21 de setembro de 2022",1036,13,4,R$ 50,R$ 200
11802,"quarta-feira, 21 de setembro de 2022",9328,13,4,R$ 50,R$ 200
11813,"quarta-feira, 21 de setembro de 2022",4003,13,4,R$ 50,R$ 200
11833,"quinta-feira, 22 de setembro de 2022",3644,13,4,R$ 50,R$ 200
11891,"sábado, 24 de setembro de 2022",8015,13,4,R$ 50,R$ 200
11899,"sábado, 24 de setembro de 2022",1235,13,4,R$ 50,R$ 200
11910,"sábado, 24 de setembro de 2022",7812,13,4,R$ 50,R$ 200
12071,"sexta-feira, 30 de setembro de 2022",8275,13,4,R$ 50,R$ 200
12408,"quinta-feira, 13 de outubro de 2022",9450,13,4,R$ 50,R$ 200
12476,"sábado, 15 de outubro de 2022",6087,13,4,R$ 50,R$ 200
12500,"domingo, 16 de outubro de 2022",5090,13,4,R$ 50,R$ 200
12512,"segunda-feira, 17 de outubro de 2022",1769,13,4,R$ 50,R$ 200
12630,"sexta-feira, 21 de outubro de 2022",924,13,4,R$ 50,R$ 200
12726,"segunda-feira, 24 de outubro de 2022",1174,13,4,R$ 50,R$ 200
12727,"segunda-feira, 24 de outubro de 2022",1745,13,4,R$ 50,R$ 200
12741,"segunda-feira, 24 de outubro de 2022",6818,13,4,R$ 50,R$ 200
12813,"quinta-feira, 27 de outubro de 2022",2175,13,4,R$ 50,R$ 200
12834,"sexta-feira, 28 de outubro de 2022",6151,13,4,R$ 50,R$ 200
12883,"domingo, 30 de outubro de 2022",1812,13,4,R$ 50,R$ 200
12886,"domingo, 30 de outubro de 2022",2952,13,4,R$ 50,R$ 200
12913,"segunda-feira, 31 de outubro de 2022",4486,13,4,R$ 50,R$ 200
13024,"quinta-feira, 3 de novembro de 2022",3065,13,4,R$ 50,R$ 200
13118,"segunda-feira, 7 de novembro de 2022",3111,13,4,R$ 50,R$ 200
13186,"quarta-feira, 9 de novembro de 2022",9509,13,4,R$ 50,R$ 200
13196,"quinta-feira, 10 de novembro de 2022",6358,13,4,R$ 50,R$ 200
13317,"domingo, 13 de novembro de 2022",5166,13,4,R$ 50,R$ 200
13354,"terça-feira, 15 de novembro de 2022",5419,13,4,R$ 50,R$ 200
13449,"sábado, 19 de novembro de 2022",4614,13,4,R$ 50,R$ 200
13491,"domingo, 20 de novembro de 2022",8821,13,4,R$ 50,R$ 200
13513,"segunda-feira, 21 de novembro de 2022",8428,13,4,R$ 50,R$ 200
13702,"terça-feira, 29 de novembro de 2022",1024,13,4,R$ 50,R$ 200
13750,"quinta-feira, 1 de dezembro de 2022",2563,13,4,R$ 50,R$ 200
13751,"quinta-feira, 1 de dezembro de 2022",6105,13,4,R$ 50,R$ 200
13756,"quinta-feira, 1 de dezembro de 2022",2905,13,4,R$ 50,R$ 200
13798,"sábado, 3 de dezembro de 2022",3295,13,4,R$ 50,R$ 200
13855,"quinta-feira, 8 de dezembro de 2022",400,13,4,R$ 50,R$ 200
13979,"domingo, 18 de dezembro de 2022",9061,13,4,R$ 50,R$ 200
49,"segunda-feira, 4 de janeiro de 2021",4279,8,4,R$ 45,R$ 180
124,"sexta-feira, 15 de janeiro de 2021",10240,8,4,R$ 45,R$ 180
187,"sexta-feira, 22 de janeiro de 2021",3001,8,4,R$ 45,R$ 180
203,"sábado, 23 de janeiro de 2021",9826,8,4,R$ 45,R$ 180
211,"domingo, 24 de janeiro de 2021",8606,8,4,R$ 45,R$ 180
231,"quarta-feira, 27 de janeiro de 2021",2878,8,4,R$ 45,R$ 180
287,"domingo, 31 de janeiro de 2021",2011,8,4,R$ 45,R$ 180
376,"sábado, 6 de fevereiro de 2021",5944,8,4,R$ 45,R$ 180
472,"segunda-feira, 15 de fevereiro de 2021",2818,8,4,R$ 45,R$ 180
621,"domingo, 28 de fevereiro de 2021",4682,8,4,R$ 45,R$ 180
623,"domingo, 28 de fevereiro de 2021",7268,8,4,R$ 45,R$ 180
626,"domingo, 28 de fevereiro de 2021",328,8,4,R$ 45,R$ 180
663,"terça-feira, 2 de março de 2021",9357,8,4,R$ 45,R$ 180
667,"terça-feira, 2 de março de 2021",8275,8,4,R$ 45,R$ 180
745,"segunda-feira, 8 de março de 2021",7190,8,4,R$ 45,R$ 180
754,"segunda-feira, 8 de março de 2021",1718,8,4,R$ 45,R$ 180
817,"sábado, 13 de março de 2021",454,8,4,R$ 45,R$ 180
875,"quarta-feira, 17 de março de 2021",6423,8,4,R$ 45,R$ 180
968,"terça-feira, 23 de março de 2021",7489,8,4,R$ 45,R$ 180
981,"quarta-feira, 24 de março de 2021",1979,8,4,R$ 45,R$ 180
992,"quinta-feira, 25 de março de 2021",3826,8,4,R$ 45,R$ 180
1100,"quarta-feira, 31 de março de 2021",4186,8,4,R$ 45,R$ 180
1151,"sábado, 3 de abril de 2021",4606,8,4,R$ 45,R$ 180
1240,"sábado, 10 de abril de 2021",2769,8,4,R$ 45,R$ 180
1256,"domingo, 11 de abril de 2021",190,8,4,R$ 45,R$ 180
1295,"quarta-feira, 14 de abril de 2021",6681,8,4,R$ 45,R$ 180
1329,"sexta-feira, 16 de abril de 2021",4938,8,4,R$ 45,R$ 180
1685,"quarta-feira, 12 de maio de 2021",9318,8,4,R$ 45,R$ 180
1755,"segunda-feira, 17 de maio de 2021",5203,8,4,R$ 45,R$ 180
1796,"quinta-feira, 20 de maio de 2021",8403,8,4,R$ 45,R$ 180
1908,"domingo, 30 de maio de 2021",9213,8,4,R$ 45,R$ 180
2100,"quarta-feira, 16 de junho de 2021",6429,8,4,R$ 45,R$ 180
2157,"domingo, 20 de junho de 2021",9256,8,4,R$ 45,R$ 180
2176,"segunda-feira, 21 de junho de 2021",7149,8,4,R$ 45,R$ 180
2245,"domingo, 27 de junho de 2021",5984,8,4,R$ 45,R$ 180
2274,"terça-feira, 29 de junho de 2021",9251,8,4,R$ 45,R$ 180
2523,"segunda-feira, 19 de julho de 2021",7570,8,4,R$ 45,R$ 180
2657,"sábado, 31 de julho de 2021",3404,8,4,R$ 45,R$ 180
2704,"quarta-feira, 4 de agosto de 2021",745,8,4,R$ 45,R$ 180
2818,"quinta-feira, 12 de agosto de 2021",3620,8,4,R$ 45,R$ 180
2832,"sábado, 14 de agosto de 2021",9324,8,4,R$ 45,R$ 180
2843,"domingo, 15 de agosto de 2021",6113,8,4,R$ 45,R$ 180
2844,"domingo, 15 de agosto de 2021",4497,8,4,R$ 45,R$ 180
2945,"segunda-feira, 23 de agosto de 2021",2690,8,4,R$ 45,R$ 180
2977,"quinta-feira, 26 de agosto de 2021",2556,8,4,R$ 45,R$ 180
3039,"terça-feira, 31 de agosto de 2021",5567,8,4,R$ 45,R$ 180
3102,"segunda-feira, 6 de setembro de 2021",484,8,4,R$ 45,R$ 180
3214,"quarta-feira, 15 de setembro de 2021",834,8,4,R$ 45,R$ 180
3261,"domingo, 19 de setembro de 2021",9187,8,4,R$ 45,R$ 180
3264,"domingo, 19 de setembro de 2021",5374,8,4,R$ 45,R$ 180
3295,"quarta-feira, 22 de setembro de 2021",2587,8,4,R$ 45,R$ 180
3455,"terça-feira, 5 de outubro de 2021",9495,8,4,R$ 45,R$ 180
3483,"quarta-feira, 6 de outubro de 2021",7354,8,4,R$ 45,R$ 180
3501,"sexta-feira, 8 de outubro de 2021",3725,8,4,R$ 45,R$ 180
3504,"sexta-feira, 8 de outubro de 2021",2587,8,4,R$ 45,R$ 180
3667,"sábado, 23 de outubro de 2021",6208,8,4,R$ 45,R$ 180
3887,"segunda-feira, 8 de novembro de 2021",5303,8,4,R$ 45,R$ 180
3918,"sexta-feira, 12 de novembro de 2021",9929,8,4,R$ 45,R$ 180
4004,"quarta-feira, 17 de novembro de 2021",5542,8,4,R$ 45,R$ 180
4015,"quinta-feira, 18 de novembro de 2021",7072,8,4,R$ 45,R$ 180
4036,"sábado, 20 de novembro de 2021",2021,8,4,R$ 45,R$ 180
4188,"quarta-feira, 1 de dezembro de 2021",8254,8,4,R$ 45,R$ 180
4270,"domingo, 5 de dezembro de 2021",3231,8,4,R$ 45,R$ 180
4318,"quinta-feira, 9 de dezembro de 2021",8159,8,4,R$ 45,R$ 180
4480,"domingo, 19 de dezembro de 2021",8351,8,4,R$ 45,R$ 180
4511,"terça-feira, 21 de dezembro de 2021",1795,8,4,R$ 45,R$ 180
4528,"terça-feira, 21 de dezembro de 2021",1352,8,4,R$ 45,R$ 180
4666,"quarta-feira, 29 de dezembro de 2021",8841,8,4,R$ 45,R$ 180
4723,"sexta-feira, 31 de dezembro de 2021",8351,8,4,R$ 45,R$ 180
4749,"sábado, 1 de janeiro de 2022",4579,8,4,R$ 45,R$ 180
5024,"quinta-feira, 13 de janeiro de 2022",1310,8,4,R$ 45,R$ 180
5110,"domingo, 16 de janeiro de 2022",615,8,4,R$ 45,R$ 180
5124,"segunda-feira, 17 de janeiro de 2022",3277,8,4,R$ 45,R$ 180
5129,"segunda-feira, 17 de janeiro de 2022",5129,8,4,R$ 45,R$ 180
5244,"sexta-feira, 21 de janeiro de 2022",7758,8,4,R$ 45,R$ 180
5251,"sábado, 22 de janeiro de 2022",9412,8,4,R$ 45,R$ 180
5369,"quinta-feira, 27 de janeiro de 2022",9715,8,4,R$ 45,R$ 180
5378,"quinta-feira, 27 de janeiro de 2022",5305,8,4,R$ 45,R$ 180
5474,"segunda-feira, 31 de janeiro de 2022",1754,8,4,R$ 45,R$ 180
5516,"terça-feira, 1 de fevereiro de 2022",9844,8,4,R$ 45,R$ 180
5682,"segunda-feira, 7 de fevereiro de 2022",1217,8,4,R$ 45,R$ 180
5809,"sexta-feira, 11 de fevereiro de 2022",1575,8,4,R$ 45,R$ 180
5922,"terça-feira, 15 de fevereiro de 2022",5374,8,4,R$ 45,R$ 180
6088,"segunda-feira, 21 de fevereiro de 2022",850,8,4,R$ 45,R$ 180
6121,"terça-feira, 22 de fevereiro de 2022",8756,8,4,R$ 45,R$ 180
6132,"quarta-feira, 23 de fevereiro de 2022",7055,8,4,R$ 45,R$ 180
6307,"segunda-feira, 28 de fevereiro de 2022",6075,8,4,R$ 45,R$ 180
6316,"terça-feira, 1 de março de 2022",2852,8,4,R$ 45,R$ 180
6361,"quinta-feira, 3 de março de 2022",5067,8,4,R$ 45,R$ 180
6386,"quinta-feira, 3 de março de 2022",7587,8,4,R$ 45,R$ 180
6460,"domingo, 6 de março de 2022",1424,8,4,R$ 45,R$ 180
6495,"terça-feira, 8 de março de 2022",9625,8,4,R$ 45,R$ 180
6544,"quarta-feira, 9 de março de 2022",10114,8,4,R$ 45,R$ 180
6581,"sexta-feira, 11 de março de 2022",8483,8,4,R$ 45,R$ 180
6620,"sábado, 12 de março de 2022",7782,8,4,R$ 45,R$ 180
6660,"segunda-feira, 14 de março de 2022",4198,8,4,R$ 45,R$ 180
6685,"terça-feira, 15 de março de 2022",3010,8,4,R$ 45,R$ 180
6795,"sábado, 19 de março de 2022",8115,8,4,R$ 45,R$ 180
6801,"sábado, 19 de março de 2022",9726,8,4,R$ 45,R$ 180
6829,"segunda-feira, 21 de março de 2022",9638,8,4,R$ 45,R$ 180
6881,"quarta-feira, 23 de março de 2022",9904,8,4,R$ 45,R$ 180
7007,"segunda-feira, 28 de março de 2022",4029,8,4,R$ 45,R$ 180
7160,"sábado, 2 de abril de 2022",5088,8,4,R$ 45,R$ 180
7208,"segunda-feira, 4 de abril de 2022",3601,8,4,R$ 45,R$ 180
7222,"terça-feira, 5 de abril de 2022",9271,8,4,R$ 45,R$ 180
7246,"terça-feira, 5 de abril de 2022",5465,8,4,R$ 45,R$ 180
7372,"domingo, 10 de abril de 2022",9953,8,4,R$ 45,R$ 180
7380,"domingo, 10 de abril de 2022",1468,8,4,R$ 45,R$ 180
7421,"terça-feira, 12 de abril de 2022",5398,8,4,R$ 45,R$ 180
7429,"terça-feira, 12 de abril de 2022",109,8,4,R$ 45,R$ 180
7451,"quarta-feira, 13 de abril de 2022",6415,8,4,R$ 45,R$ 180
7470,"quinta-feira, 14 de abril de 2022",8683,8,4,R$ 45,R$ 180
7479,"quinta-feira, 14 de abril de 2022",8466,8,4,R$ 45,R$ 180
7657,"quinta-feira, 21 de abril de 2022",1481,8,4,R$ 45,R$ 180
7791,"terça-feira, 26 de abril de 2022",4543,8,4,R$ 45,R$ 180
7854,"quinta-feira, 28 de abril de 2022",9610,8,4,R$ 45,R$ 180
7947,"domingo, 1 de maio de 2022",9703,8,4,R$ 45,R$ 180
8004,"quarta-feira, 4 de maio de 2022",3755,8,4,R$ 45,R$ 180
8036,"quinta-feira, 5 de maio de 2022",6461,8,4,R$ 45,R$ 180
8093,"sábado, 7 de maio de 2022",3174,8,4,R$ 45,R$ 180
8105,"sábado, 7 de maio de 2022",305,8,4,R$ 45,R$ 180
8118,"sábado, 7 de maio de 2022",7356,8,4,R$ 45,R$ 180
8182,"segunda-feira, 9 de maio de 2022",2526,8,4,R$ 45,R$ 180
8290,"sábado, 14 de maio de 2022",8101,8,4,R$ 45,R$ 180
8386,"terça-feira, 17 de maio de 2022",8405,8,4,R$ 45,R$ 180
8423,"quinta-feira, 19 de maio de 2022",3056,8,4,R$ 45,R$ 180
8520,"domingo, 22 de maio de 2022",7412,8,4,R$ 45,R$ 180
8780,"terça-feira, 31 de maio de 2022",789,8,4,R$ 45,R$ 180
8794,"quarta-feira, 1 de junho de 2022",6669,8,4,R$ 45,R$ 180
8803,"quarta-feira, 1 de junho de 2022",8380,8,4,R$ 45,R$ 180
8840,"sexta-feira, 3 de junho de 2022",3338,8,4,R$ 45,R$ 180
8931,"segunda-feira, 6 de junho de 2022",566,8,4,R$ 45,R$ 180
9022,"quinta-feira, 9 de junho de 2022",9040,8,4,R$ 45,R$ 180
9065,"sábado, 11 de junho de 2022",8202,8,4,R$ 45,R$ 180
9086,"domingo, 12 de junho de 2022",4049,8,4,R$ 45,R$ 180
9152,"terça-feira, 14 de junho de 2022",2118,8,4,R$ 45,R$ 180
9186,"quinta-feira, 16 de junho de 2022",1183,8,4,R$ 45,R$ 180
9219,"sexta-feira, 17 de junho de 2022",1325,8,4,R$ 45,R$ 180
9324,"segunda-feira, 20 de junho de 2022",3454,8,4,R$ 45,R$ 180
9369,"quarta-feira, 22 de junho de 2022",4595,8,4,R$ 45,R$ 180
9391,"quinta-feira, 23 de junho de 2022",2550,8,4,R$ 45,R$ 180
9444,"sábado, 25 de junho de 2022",683,8,4,R$ 45,R$ 180
9475,"domingo, 26 de junho de 2022",1524,8,4,R$ 45,R$ 180
9500,"segunda-feira, 27 de junho de 2022",4731,8,4,R$ 45,R$ 180
9558,"quarta-feira, 29 de junho de 2022",8115,8,4,R$ 45,R$ 180
9618,"sábado, 2 de julho de 2022",8070,8,4,R$ 45,R$ 180
9811,"sexta-feira, 8 de julho de 2022",1550,8,4,R$ 45,R$ 180
9818,"sábado, 9 de julho de 2022",4340,8,4,R$ 45,R$ 180
9891,"segunda-feira, 11 de julho de 2022",6132,8,4,R$ 45,R$ 180
9974,"quinta-feira, 14 de julho de 2022",9029,8,4,R$ 45,R$ 180
9993,"sexta-feira, 15 de julho de 2022",8333,8,4,R$ 45,R$ 180
10010,"sexta-feira, 15 de julho de 2022",2510,8,4,R$ 45,R$ 180
10200,"quinta-feira, 21 de julho de 2022",2829,8,4,R$ 45,R$ 180
10229,"sábado, 23 de julho de 2022",1620,8,4,R$ 45,R$ 180
10232,"sábado, 23 de julho de 2022",7977,8,4,R$ 45,R$ 180
10239,"domingo, 24 de julho de 2022",1693,8,4,R$ 45,R$ 180
10249,"domingo, 24 de julho de 2022",2175,8,4,R$ 45,R$ 180
10255,"domingo, 24 de julho de 2022",6563,8,4,R$ 45,R$ 180
10348,"quinta-feira, 28 de julho de 2022",8203,8,4,R$ 45,R$ 180
10361,"quinta-feira, 28 de julho de 2022",5530,8,4,R$ 45,R$ 180
10499,"quarta-feira, 3 de agosto de 2022",465,8,4,R$ 45,R$ 180
10626,"segunda-feira, 8 de agosto de 2022",2619,8,4,R$ 45,R$ 180
10736,"quinta-feira, 11 de agosto de 2022",5195,8,4,R$ 45,R$ 180
10793,"sábado, 13 de agosto de 2022",8454,8,4,R$ 45,R$ 180
10938,"sexta-feira, 19 de agosto de 2022",3174,8,4,R$ 45,R$ 180
11012,"segunda-feira, 22 de agosto de 2022",9891,8,4,R$ 45,R$ 180
11037,"terça-feira, 23 de agosto de 2022",1972,8,4,R$ 45,R$ 180
11079,"quinta-feira, 25 de agosto de 2022",7939,8,4,R$ 45,R$ 180
11105,"sexta-feira, 26 de agosto de 2022",5124,8,4,R$ 45,R$ 180
11194,"segunda-feira, 29 de agosto de 2022",3957,8,4,R$ 45,R$ 180
11299,"sexta-feira, 2 de setembro de 2022",5592,8,4,R$ 45,R$ 180
11333,"domingo, 4 de setembro de 2022",9993,8,4,R$ 45,R$ 180
11362,"segunda-feira, 5 de setembro de 2022",10173,8,4,R$ 45,R$ 180
11450,"quinta-feira, 8 de setembro de 2022",8704,8,4,R$ 45,R$ 180
11471,"sexta-feira, 9 de setembro de 2022",5318,8,4,R$ 45,R$ 180
11513,"sábado, 10 de setembro de 2022",1753,8,4,R$ 45,R$ 180
11598,"terça-feira, 13 de setembro de 2022",10173,8,4,R$ 45,R$ 180
11638,"quinta-feira, 15 de setembro de 2022",2703,8,4,R$ 45,R$ 180
11671,"sexta-feira, 16 de setembro de 2022",2919,8,4,R$ 45,R$ 180
11676,"sexta-feira, 16 de setembro de 2022",3864,8,4,R$ 45,R$ 180
11764,"terça-feira, 20 de setembro de 2022",8363,8,4,R$ 45,R$ 180
11812,"quarta-feira, 21 de setembro de 2022",7745,8,4,R$ 45,R$ 180
11963,"segunda-feira, 26 de setembro de 2022",2034,8,4,R$ 45,R$ 180
12066,"quinta-feira, 29 de setembro de 2022",7124,8,4,R$ 45,R$ 180
12109,"sábado, 1 de outubro de 2022",7301,8,4,R$ 45,R$ 180
12372,"terça-feira, 11 de outubro de 2022",2229,8,4,R$ 45,R$ 180
12391,"quarta-feira, 12 de outubro de 2022",9574,8,4,R$ 45,R$ 180
12442,"sexta-feira, 14 de outubro de 2022",1787,8,4,R$ 45,R$ 180
12450,"sexta-feira, 14 de outubro de 2022",3231,8,4,R$ 45,R$ 180
12461,"sábado, 15 de outubro de 2022",8837,8,4,R$ 45,R$ 180
12481,"domingo, 16 de outubro de 2022",7977,8,4,R$ 45,R$ 180
12535,"terça-feira, 18 de outubro de 2022",755,8,4,R$ 45,R$ 180
12645,"sexta-feira, 21 de outubro de 2022",9954,8,4,R$ 45,R$ 180
12657,"sábado, 22 de outubro de 2022",446,8,4,R$ 45,R$ 180
12675,"sábado, 22 de outubro de 2022",3121,8,4,R$ 45,R$ 180
12716,"segunda-feira, 24 de outubro de 2022",5665,8,4,R$ 45,R$ 180
12721,"segunda-feira, 24 de outubro de 2022",4397,8,4,R$ 45,R$ 180
12758,"terça-feira, 25 de outubro de 2022",1444,8,4,R$ 45,R$ 180
12807,"quinta-feira, 27 de outubro de 2022",2068,8,4,R$ 45,R$ 180
12838,"sexta-feira, 28 de outubro de 2022",4562,8,4,R$ 45,R$ 180
13074,"sábado, 5 de novembro de 2022",1633,8,4,R$ 45,R$ 180
13099,"domingo, 6 de novembro de 2022",5150,8,4,R$ 45,R$ 180
13103,"domingo, 6 de novembro de 2022",480,8,4,R$ 45,R$ 180
13117,"segunda-feira, 7 de novembro de 2022",8775,8,4,R$ 45,R$ 180
13137,"segunda-feira, 7 de novembro de 2022",3633,8,4,R$ 45,R$ 180
13178,"quarta-feira, 9 de novembro de 2022",6847,8,4,R$ 45,R$ 180
13216,"quinta-feira, 10 de novembro de 2022",2863,8,4,R$ 45,R$ 180
13244,"sexta-feira, 11 de novembro de 2022",4009,8,4,R$ 45,R$ 180
13331,"segunda-feira, 14 de novembro de 2022",5095,8,4,R$ 45,R$ 180
13488,"domingo, 20 de novembro de 2022",2139,8,4,R$ 45,R$ 180
13520,"terça-feira, 22 de novembro de 2022",2221,8,4,R$ 45,R$ 180
13588,"quinta-feira, 24 de novembro de 2022",734,8,4,R$ 45,R$ 180
13646,"domingo, 27 de novembro de 2022",3938,8,4,R$ 45,R$ 180
13831,"segunda-feira, 5 de dezembro de 2022",9391,8,4,R$ 45,R$ 180
13835,"terça-feira, 6 de dezembro de 2022",3125,8,4,R$ 45,R$ 180
13916,"domingo, 11 de dezembro de 2022",9631,8,4,R$ 45,R$ 180
14032,"domingo, 25 de dezembro de 2022",2791,8,4,R$ 45,R$ 180
66,"quinta-feira, 7 de janeiro de 2021",5590,17,4,R$ 60,R$ 240
91,"terça-feira, 12 de janeiro de 2021",1275,17,4,R$ 60,R$ 240
186,"sexta-feira, 22 de janeiro de 2021",2251,17,4,R$ 60,R$ 240
301,"segunda-feira, 1 de fevereiro de 2021",4763,17,4,R$ 60,R$ 240
602,"sexta-feira, 26 de fevereiro de 2021",1442,17,4,R$ 60,R$ 240
620,"domingo, 28 de fevereiro de 2021",2818,17,4,R$ 60,R$ 240
687,"quarta-feira, 3 de março de 2021",819,17,4,R$ 60,R$ 240
708,"sexta-feira, 5 de março de 2021",2570,17,4,R$ 60,R$ 240
733,"domingo, 7 de março de 2021",9826,17,4,R$ 60,R$ 240
796,"quinta-feira, 11 de março de 2021",652,17,4,R$ 60,R$ 240
813,"sexta-feira, 12 de março de 2021",5957,17,4,R$ 60,R$ 240
833,"sábado, 13 de março de 2021",8647,17,4,R$ 60,R$ 240
849,"domingo, 14 de março de 2021",504,17,4,R$ 60,R$ 240
882,"quarta-feira, 17 de março de 2021",4726,17,4,R$ 60,R$ 240
942,"domingo, 21 de março de 2021",376,17,4,R$ 60,R$ 240
961,"segunda-feira, 22 de março de 2021",6537,17,4,R$ 60,R$ 240
972,"terça-feira, 23 de março de 2021",591,17,4,R$ 60,R$ 240
976,"quarta-feira, 24 de março de 2021",1648,17,4,R$ 60,R$ 240
1073,"segunda-feira, 29 de março de 2021",6190,17,4,R$ 60,R$ 240
1128,"sexta-feira, 2 de abril de 2021",9867,17,4,R$ 60,R$ 240
1200,"quarta-feira, 7 de abril de 2021",3242,17,4,R$ 60,R$ 240
1263,"segunda-feira, 12 de abril de 2021",9098,17,4,R$ 60,R$ 240
1294,"quarta-feira, 14 de abril de 2021",7410,17,4,R$ 60,R$ 240
1315,"quinta-feira, 15 de abril de 2021",551,17,4,R$ 60,R$ 240
1374,"segunda-feira, 19 de abril de 2021",9061,17,4,R$ 60,R$ 240
1378,"segunda-feira, 19 de abril de 2021",2689,17,4,R$ 60,R$ 240
1452,"domingo, 25 de abril de 2021",6299,17,4,R$ 60,R$ 240
1498,"quarta-feira, 28 de abril de 2021",5038,17,4,R$ 60,R$ 240
1553,"domingo, 2 de maio de 2021",4700,17,4,R$ 60,R$ 240
1554,"domingo, 2 de maio de 2021",2775,17,4,R$ 60,R$ 240
1704,"quinta-feira, 13 de maio de 2021",8577,17,4,R$ 60,R$ 240
1826,"domingo, 23 de maio de 2021",2201,17,4,R$ 60,R$ 240
1959,"quarta-feira, 2 de junho de 2021",426,17,4,R$ 60,R$ 240
1977,"sexta-feira, 4 de junho de 2021",5233,17,4,R$ 60,R$ 240
2026,"terça-feira, 8 de junho de 2021",1167,17,4,R$ 60,R$ 240
2044,"quinta-feira, 10 de junho de 2021",3929,17,4,R$ 60,R$ 240
2094,"terça-feira, 15 de junho de 2021",6107,17,4,R$ 60,R$ 240
2298,"quinta-feira, 1 de julho de 2021",3719,17,4,R$ 60,R$ 240
2336,"segunda-feira, 5 de julho de 2021",7521,17,4,R$ 60,R$ 240
2349,"terça-feira, 6 de julho de 2021",4925,17,4,R$ 60,R$ 240
2382,"sexta-feira, 9 de julho de 2021",1468,17,4,R$ 60,R$ 240
2427,"segunda-feira, 12 de julho de 2021",5790,17,4,R$ 60,R$ 240
2733,"sexta-feira, 6 de agosto de 2021",169,17,4,R$ 60,R$ 240
2792,"quarta-feira, 11 de agosto de 2021",170,17,4,R$ 60,R$ 240
2890,"quinta-feira, 19 de agosto de 2021",3552,17,4,R$ 60,R$ 240
2912,"sábado, 21 de agosto de 2021",3728,17,4,R$ 60,R$ 240
3145,"quinta-feira, 9 de setembro de 2021",1485,17,4,R$ 60,R$ 240
3245,"sábado, 18 de setembro de 2021",1289,17,4,R$ 60,R$ 240
3271,"domingo, 19 de setembro de 2021",3310,17,4,R$ 60,R$ 240
3353,"terça-feira, 28 de setembro de 2021",8253,17,4,R$ 60,R$ 240
3376,"quinta-feira, 30 de setembro de 2021",5394,17,4,R$ 60,R$ 240
3396,"sexta-feira, 1 de outubro de 2021",7065,17,4,R$ 60,R$ 240
3508,"sexta-feira, 8 de outubro de 2021",2201,17,4,R$ 60,R$ 240
3531,"domingo, 10 de outubro de 2021",905,17,4,R$ 60,R$ 240
3603,"sábado, 16 de outubro de 2021",3208,17,4,R$ 60,R$ 240
3614,"domingo, 17 de outubro de 2021",7051,17,4,R$ 60,R$ 240
3718,"quarta-feira, 27 de outubro de 2021",2656,17,4,R$ 60,R$ 240
3751,"sexta-feira, 29 de outubro de 2021",8793,17,4,R$ 60,R$ 240
3755,"sexta-feira, 29 de outubro de 2021",9176,17,4,R$ 60,R$ 240
3779,"domingo, 31 de outubro de 2021",4082,17,4,R$ 60,R$ 240
3911,"quinta-feira, 11 de novembro de 2021",133,17,4,R$ 60,R$ 240
3950,"domingo, 14 de novembro de 2021",5958,17,4,R$ 60,R$ 240
4042,"sábado, 20 de novembro de 2021",8056,17,4,R$ 60,R$ 240
4088,"terça-feira, 23 de novembro de 2021",9234,17,4,R$ 60,R$ 240
4094,"terça-feira, 23 de novembro de 2021",5944,17,4,R$ 60,R$ 240
4104,"quarta-feira, 24 de novembro de 2021",355,17,4,R$ 60,R$ 240
4124,"sexta-feira, 26 de novembro de 2021",8554,17,4,R$ 60,R$ 240
4213,"quinta-feira, 2 de dezembro de 2021",4436,17,4,R$ 60,R$ 240
4390,"segunda-feira, 13 de dezembro de 2021",3928,17,4,R$ 60,R$ 240
4393,"segunda-feira, 13 de dezembro de 2021",3538,17,4,R$ 60,R$ 240
4430,"quinta-feira, 16 de dezembro de 2021",621,17,4,R$ 60,R$ 240
4464,"sábado, 18 de dezembro de 2021",4973,17,4,R$ 60,R$ 240
4468,"sábado, 18 de dezembro de 2021",7823,17,4,R$ 60,R$ 240
4556,"quinta-feira, 23 de dezembro de 2021",9813,17,4,R$ 60,R$ 240
4573,"sexta-feira, 24 de dezembro de 2021",2448,17,4,R$ 60,R$ 240
4594,"sábado, 25 de dezembro de 2021",4061,17,4,R$ 60,R$ 240
4708,"sexta-feira, 31 de dezembro de 2021",1850,17,4,R$ 60,R$ 240
4748,"sábado, 1 de janeiro de 2022",1222,17,4,R$ 60,R$ 240
4758,"domingo, 2 de janeiro de 2022",4756,17,4,R$ 60,R$ 240
4759,"domingo, 2 de janeiro de 2022",4855,17,4,R$ 60,R$ 240
4824,"quarta-feira, 5 de janeiro de 2022",3416,17,4,R$ 60,R$ 240
5041,"sexta-feira, 14 de janeiro de 2022",789,17,4,R$ 60,R$ 240
5046,"sexta-feira, 14 de janeiro de 2022",79,17,4,R$ 60,R$ 240
5084,"sábado, 15 de janeiro de 2022",3615,17,4,R$ 60,R$ 240
5511,"terça-feira, 1 de fevereiro de 2022",2112,17,4,R$ 60,R$ 240
5575,"quinta-feira, 3 de fevereiro de 2022",6886,17,4,R$ 60,R$ 240
5605,"sexta-feira, 4 de fevereiro de 2022",7970,17,4,R$ 60,R$ 240
5618,"sexta-feira, 4 de fevereiro de 2022",2445,17,4,R$ 60,R$ 240
5763,"quinta-feira, 10 de fevereiro de 2022",1277,17,4,R$ 60,R$ 240
5775,"quinta-feira, 10 de fevereiro de 2022",1780,17,4,R$ 60,R$ 240
5793,"sexta-feira, 11 de fevereiro de 2022",1693,17,4,R$ 60,R$ 240
5843,"domingo, 13 de fevereiro de 2022",389,17,4,R$ 60,R$ 240
6006,"sexta-feira, 18 de fevereiro de 2022",3125,17,4,R$ 60,R$ 240
6318,"terça-feira, 1 de março de 2022",9830,17,4,R$ 60,R$ 240
6412,"sexta-feira, 4 de março de 2022",8097,17,4,R$ 60,R$ 240
6558,"quinta-feira, 10 de março de 2022",6709,17,4,R$ 60,R$ 240
6578,"sexta-feira, 11 de março de 2022",341,17,4,R$ 60,R$ 240
6608,"sábado, 12 de março de 2022",1003,17,4,R$ 60,R$ 240
6616,"sábado, 12 de março de 2022",5294,17,4,R$ 60,R$ 240
6717,"quarta-feira, 16 de março de 2022",6394,17,4,R$ 60,R$ 240
6740,"quinta-feira, 17 de março de 2022",922,17,4,R$ 60,R$ 240
6781,"sábado, 19 de março de 2022",6055,17,4,R$ 60,R$ 240
7029,"segunda-feira, 28 de março de 2022",5605,17,4,R$ 60,R$ 240
7035,"terça-feira, 29 de março de 2022",8414,17,4,R$ 60,R$ 240
7120,"quinta-feira, 31 de março de 2022",6262,17,4,R$ 60,R$ 240
7140,"sexta-feira, 1 de abril de 2022",7917,17,4,R$ 60,R$ 240
7307,"sexta-feira, 8 de abril de 2022",6318,17,4,R$ 60,R$ 240
7389,"domingo, 10 de abril de 2022",564,17,4,R$ 60,R$ 240
7419,"terça-feira, 12 de abril de 2022",3311,17,4,R$ 60,R$ 240
7469,"quinta-feira, 14 de abril de 2022",2139,17,4,R$ 60,R$ 240
7546,"domingo, 17 de abril de 2022",5847,17,4,R$ 60,R$ 240
7651,"quinta-feira, 21 de abril de 2022",9238,17,4,R$ 60,R$ 240
7725,"sábado, 23 de abril de 2022",6304,17,4,R$ 60,R$ 240
7789,"terça-feira, 26 de abril de 2022",2510,17,4,R$ 60,R$ 240
7814,"quarta-feira, 27 de abril de 2022",5295,17,4,R$ 60,R$ 240
7846,"quinta-feira, 28 de abril de 2022",2756,17,4,R$ 60,R$ 240
7863,"quinta-feira, 28 de abril de 2022",7220,17,4,R$ 60,R$ 240
7897,"sexta-feira, 29 de abril de 2022",1079,17,4,R$ 60,R$ 240
7944,"domingo, 1 de maio de 2022",8352,17,4,R$ 60,R$ 240
7945,"domingo, 1 de maio de 2022",7433,17,4,R$ 60,R$ 240
7973,"segunda-feira, 2 de maio de 2022",7072,17,4,R$ 60,R$ 240
7984,"terça-feira, 3 de maio de 2022",4642,17,4,R$ 60,R$ 240
7989,"terça-feira, 3 de maio de 2022",4584,17,4,R$ 60,R$ 240
8039,"quinta-feira, 5 de maio de 2022",3904,17,4,R$ 60,R$ 240
8128,"domingo, 8 de maio de 2022",7337,17,4,R$ 60,R$ 240
8210,"terça-feira, 10 de maio de 2022",8080,17,4,R$ 60,R$ 240
8308,"domingo, 15 de maio de 2022",8457,17,4,R$ 60,R$ 240
8324,"domingo, 15 de maio de 2022",6367,17,4,R$ 60,R$ 240
8462,"sexta-feira, 20 de maio de 2022",597,17,4,R$ 60,R$ 240
8519,"domingo, 22 de maio de 2022",2587,17,4,R$ 60,R$ 240
8793,"quarta-feira, 1 de junho de 2022",9037,17,4,R$ 60,R$ 240
8837,"sexta-feira, 3 de junho de 2022",6494,17,4,R$ 60,R$ 240
8864,"sábado, 4 de junho de 2022",5877,17,4,R$ 60,R$ 240
8906,"domingo, 5 de junho de 2022",6968,17,4,R$ 60,R$ 240
8918,"segunda-feira, 6 de junho de 2022",8919,17,4,R$ 60,R$ 240
8937,"segunda-feira, 6 de junho de 2022",9366,17,4,R$ 60,R$ 240
8950,"terça-feira, 7 de junho de 2022",896,17,4,R$ 60,R$ 240
8994,"quarta-feira, 8 de junho de 2022",7134,17,4,R$ 60,R$ 240
9147,"terça-feira, 14 de junho de 2022",1872,17,4,R$ 60,R$ 240
9163,"quarta-feira, 15 de junho de 2022",9480,17,4,R$ 60,R$ 240
9181,"quarta-feira, 15 de junho de 2022",6604,17,4,R$ 60,R$ 240
9269,"sábado, 18 de junho de 2022",1744,17,4,R$ 60,R$ 240
9286,"domingo, 19 de junho de 2022",9709,17,4,R$ 60,R$ 240
9375,"quarta-feira, 22 de junho de 2022",1451,17,4,R$ 60,R$ 240
9710,"terça-feira, 5 de julho de 2022",5134,17,4,R$ 60,R$ 240
9737,"quarta-feira, 6 de julho de 2022",2178,17,4,R$ 60,R$ 240
10009,"sexta-feira, 15 de julho de 2022",2115,17,4,R$ 60,R$ 240
10121,"terça-feira, 19 de julho de 2022",4325,17,4,R$ 60,R$ 240
10165,"quarta-feira, 20 de julho de 2022",7978,17,4,R$ 60,R$ 240
10216,"sexta-feira, 22 de julho de 2022",6604,17,4,R$ 60,R$ 240
10248,"domingo, 24 de julho de 2022",9561,17,4,R$ 60,R$ 240
10330,"quarta-feira, 27 de julho de 2022",3377,17,4,R$ 60,R$ 240
10335,"quarta-feira, 27 de julho de 2022",3243,17,4,R$ 60,R$ 240
10448,"segunda-feira, 1 de agosto de 2022",9116,17,4,R$ 60,R$ 240
10531,"quinta-feira, 4 de agosto de 2022",8486,17,4,R$ 60,R$ 240
10573,"sábado, 6 de agosto de 2022",2423,17,4,R$ 60,R$ 240
10671,"terça-feira, 9 de agosto de 2022",4048,17,4,R$ 60,R$ 240
10696,"quarta-feira, 10 de agosto de 2022",1622,17,4,R$ 60,R$ 240
10723,"quinta-feira, 11 de agosto de 2022",8870,17,4,R$ 60,R$ 240
10790,"sábado, 13 de agosto de 2022",2918,17,4,R$ 60,R$ 240
10840,"segunda-feira, 15 de agosto de 2022",9460,17,4,R$ 60,R$ 240
10851,"terça-feira, 16 de agosto de 2022",4226,17,4,R$ 60,R$ 240
10864,"terça-feira, 16 de agosto de 2022",4731,17,4,R$ 60,R$ 240
10873,"terça-feira, 16 de agosto de 2022",1763,17,4,R$ 60,R$ 240
10900,"quarta-feira, 17 de agosto de 2022",5008,17,4,R$ 60,R$ 240
10951,"sábado, 20 de agosto de 2022",3410,17,4,R$ 60,R$ 240
11017,"terça-feira, 23 de agosto de 2022",3174,17,4,R$ 60,R$ 240
11021,"terça-feira, 23 de agosto de 2022",3925,17,4,R$ 60,R$ 240
11253,"quarta-feira, 31 de agosto de 2022",7231,17,4,R$ 60,R$ 240
11270,"quinta-feira, 1 de setembro de 2022",9093,17,4,R$ 60,R$ 240
11320,"sábado, 3 de setembro de 2022",4547,17,4,R$ 60,R$ 240
11394,"terça-feira, 6 de setembro de 2022",1366,17,4,R$ 60,R$ 240
11473,"sexta-feira, 9 de setembro de 2022",1663,17,4,R$ 60,R$ 240
11522,"sábado, 10 de setembro de 2022",5956,17,4,R$ 60,R$ 240
11557,"segunda-feira, 12 de setembro de 2022",4250,17,4,R$ 60,R$ 240
11593,"terça-feira, 13 de setembro de 2022",3345,17,4,R$ 60,R$ 240
11603,"quarta-feira, 14 de setembro de 2022",6679,17,4,R$ 60,R$ 240
11740,"segunda-feira, 19 de setembro de 2022",5114,17,4,R$ 60,R$ 240
11765,"terça-feira, 20 de setembro de 2022",4250,17,4,R$ 60,R$ 240
11797,"quarta-feira, 21 de setembro de 2022",6127,17,4,R$ 60,R$ 240
11799,"quarta-feira, 21 de setembro de 2022",3761,17,4,R$ 60,R$ 240
11898,"sábado, 24 de setembro de 2022",5406,17,4,R$ 60,R$ 240
11928,"domingo, 25 de setembro de 2022",1495,17,4,R$ 60,R$ 240
12027,"quarta-feira, 28 de setembro de 2022",1449,17,4,R$ 60,R$ 240
12037,"quarta-feira, 28 de setembro de 2022",2219,17,4,R$ 60,R$ 240
12089,"sábado, 1 de outubro de 2022",6030,17,4,R$ 60,R$ 240
12149,"segunda-feira, 3 de outubro de 2022",8500,17,4,R$ 60,R$ 240
12205,"quarta-feira, 5 de outubro de 2022",8491,17,4,R$ 60,R$ 240
12280,"sábado, 8 de outubro de 2022",9176,17,4,R$ 60,R$ 240
12290,"sábado, 8 de outubro de 2022",7617,17,4,R$ 60,R$ 240
12303,"domingo, 9 de outubro de 2022",7977,17,4,R$ 60,R$ 240
12327,"segunda-feira, 10 de outubro de 2022",4334,17,4,R$ 60,R$ 240
12330,"segunda-feira, 10 de outubro de 2022",9304,17,4,R$ 60,R$ 240
12462,"sábado, 15 de outubro de 2022",8482,17,4,R$ 60,R$ 240
12602,"quinta-feira, 20 de outubro de 2022",9734,17,4,R$ 60,R$ 240
12647,"sexta-feira, 21 de outubro de 2022",2896,17,4,R$ 60,R$ 240
12714,"segunda-feira, 24 de outubro de 2022",5872,17,4,R$ 60,R$ 240
12853,"sexta-feira, 28 de outubro de 2022",8773,17,4,R$ 60,R$ 240
13048,"sexta-feira, 4 de novembro de 2022",2077,17,4,R$ 60,R$ 240
13052,"sexta-feira, 4 de novembro de 2022",2984,17,4,R$ 60,R$ 240
13055,"sexta-feira, 4 de novembro de 2022",2678,17,4,R$ 60,R$ 240
13057,"sexta-feira, 4 de novembro de 2022",6394,17,4,R$ 60,R$ 240
13114,"domingo, 6 de novembro de 2022",6909,17,4,R$ 60,R$ 240
13184,"quarta-feira, 9 de novembro de 2022",4106,17,4,R$ 60,R$ 240
13264,"sábado, 12 de novembro de 2022",7614,17,4,R$ 60,R$ 240
13306,"domingo, 13 de novembro de 2022",6937,17,4,R$ 60,R$ 240
13316,"domingo, 13 de novembro de 2022",6394,17,4,R$ 60,R$ 240
13494,"domingo, 20 de novembro de 2022",9484,17,4,R$ 60,R$ 240
13533,"terça-feira, 22 de novembro de 2022",7337,17,4,R$ 60,R$ 240
13570,"quarta-feira, 23 de novembro de 2022",1310,17,4,R$ 60,R$ 240
13572,"quarta-feira, 23 de novembro de 2022",4676,17,4,R$ 60,R$ 240
13728,"quarta-feira, 30 de novembro de 2022",6631,17,4,R$ 60,R$ 240
13760,"sexta-feira, 2 de dezembro de 2022",178,17,4,R$ 60,R$ 240
13868,"sexta-feira, 9 de dezembro de 2022",6204,17,4,R$ 60,R$ 240
13908,"domingo, 11 de dezembro de 2022",2530,17,4,R$ 60,R$ 240
4,"terça-feira, 22 de dezembro de 2020",9619,19,4,R$ 40,R$ 160
219,"segunda-feira, 25 de janeiro de 2021",9014,19,4,R$ 40,R$ 160
238,"quarta-feira, 27 de janeiro de 2021",1748,19,4,R$ 40,R$ 160
335,"quarta-feira, 3 de fevereiro de 2021",9785,19,4,R$ 40,R$ 160
410,"terça-feira, 9 de fevereiro de 2021",10186,19,4,R$ 40,R$ 160
439,"sexta-feira, 12 de fevereiro de 2021",1159,19,4,R$ 40,R$ 160
467,"segunda-feira, 15 de fevereiro de 2021",5954,19,4,R$ 40,R$ 160
489,"terça-feira, 16 de fevereiro de 2021",9752,19,4,R$ 40,R$ 160
509,"quinta-feira, 18 de fevereiro de 2021",8853,19,4,R$ 40,R$ 160
628,"domingo, 28 de fevereiro de 2021",5887,19,4,R$ 40,R$ 160
655,"segunda-feira, 1 de março de 2021",4205,19,4,R$ 40,R$ 160
862,"terça-feira, 16 de março de 2021",924,19,4,R$ 40,R$ 160
865,"terça-feira, 16 de março de 2021",6106,19,4,R$ 40,R$ 160
1091,"terça-feira, 30 de março de 2021",1490,19,4,R$ 40,R$ 160
1143,"sábado, 3 de abril de 2021",3552,19,4,R$ 40,R$ 160
1166,"segunda-feira, 5 de abril de 2021",9014,19,4,R$ 40,R$ 160
1212,"quinta-feira, 8 de abril de 2021",6692,19,4,R$ 40,R$ 160
1286,"terça-feira, 13 de abril de 2021",6348,19,4,R$ 40,R$ 160
1305,"quarta-feira, 14 de abril de 2021",8003,19,4,R$ 40,R$ 160
1478,"segunda-feira, 26 de abril de 2021",3218,19,4,R$ 40,R$ 160
1505,"quarta-feira, 28 de abril de 2021",5118,19,4,R$ 40,R$ 160
1522,"sexta-feira, 30 de abril de 2021",3288,19,4,R$ 40,R$ 160
1565,"segunda-feira, 3 de maio de 2021",7780,19,4,R$ 40,R$ 160
1684,"quarta-feira, 12 de maio de 2021",4253,19,4,R$ 40,R$ 160
1752,"segunda-feira, 17 de maio de 2021",2682,19,4,R$ 40,R$ 160
1770,"quarta-feira, 19 de maio de 2021",10068,19,4,R$ 40,R$ 160
1812,"sexta-feira, 21 de maio de 2021",417,19,4,R$ 40,R$ 160
1864,"quarta-feira, 26 de maio de 2021",9814,19,4,R$ 40,R$ 160
1938,"terça-feira, 1 de junho de 2021",8181,19,4,R$ 40,R$ 160
2186,"terça-feira, 22 de junho de 2021",4587,19,4,R$ 40,R$ 160
2377,"sexta-feira, 9 de julho de 2021",1310,19,4,R$ 40,R$ 160
2416,"segunda-feira, 12 de julho de 2021",8859,19,4,R$ 40,R$ 160
2458,"quinta-feira, 15 de julho de 2021",819,19,4,R$ 40,R$ 160
2485,"sábado, 17 de julho de 2021",1802,19,4,R$ 40,R$ 160
2570,"sábado, 24 de julho de 2021",7896,19,4,R$ 40,R$ 160
2584,"domingo, 25 de julho de 2021",2688,19,4,R$ 40,R$ 160
2613,"terça-feira, 27 de julho de 2021",5374,19,4,R$ 40,R$ 160
2720,"quinta-feira, 5 de agosto de 2021",3838,19,4,R$ 40,R$ 160
2751,"domingo, 8 de agosto de 2021",7646,19,4,R$ 40,R$ 160
2895,"sexta-feira, 20 de agosto de 2021",4211,19,4,R$ 40,R$ 160
2997,"sexta-feira, 27 de agosto de 2021",1140,19,4,R$ 40,R$ 160
3005,"sábado, 28 de agosto de 2021",994,19,4,R$ 40,R$ 160
3080,"sábado, 4 de setembro de 2021",4491,19,4,R$ 40,R$ 160
3146,"sexta-feira, 10 de setembro de 2021",3719,19,4,R$ 40,R$ 160
3187,"segunda-feira, 13 de setembro de 2021",5858,19,4,R$ 40,R$ 160
3283,"segunda-feira, 20 de setembro de 2021",8467,19,4,R$ 40,R$ 160
3323,"sábado, 25 de setembro de 2021",571,19,4,R$ 40,R$ 160
3416,"domingo, 3 de outubro de 2021",4466,19,4,R$ 40,R$ 160
3465,"terça-feira, 5 de outubro de 2021",770,19,4,R$ 40,R$ 160
3801,"terça-feira, 2 de novembro de 2021",3921,19,4,R$ 40,R$ 160
3809,"quarta-feira, 3 de novembro de 2021",8281,19,4,R$ 40,R$ 160
3842,"sexta-feira, 5 de novembro de 2021",2952,19,4,R$ 40,R$ 160
4025,"sexta-feira, 19 de novembro de 2021",511,19,4,R$ 40,R$ 160
4187,"quarta-feira, 1 de dezembro de 2021",5331,19,4,R$ 40,R$ 160
4230,"sexta-feira, 3 de dezembro de 2021",7051,19,4,R$ 40,R$ 160
4255,"sábado, 4 de dezembro de 2021",6916,19,4,R$ 40,R$ 160
4296,"terça-feira, 7 de dezembro de 2021",5782,19,4,R$ 40,R$ 160
4302,"quarta-feira, 8 de dezembro de 2021",5358,19,4,R$ 40,R$ 160
4305,"quarta-feira, 8 de dezembro de 2021",6469,19,4,R$ 40,R$ 160
4338,"sexta-feira, 10 de dezembro de 2021",4088,19,4,R$ 40,R$ 160
4436,"quinta-feira, 16 de dezembro de 2021",4070,19,4,R$ 40,R$ 160
4470,"sábado, 18 de dezembro de 2021",6065,19,4,R$ 40,R$ 160
4490,"domingo, 19 de dezembro de 2021",423,19,4,R$ 40,R$ 160
4504,"segunda-feira, 20 de dezembro de 2021",8742,19,4,R$ 40,R$ 160
4568,"sexta-feira, 24 de dezembro de 2021",9622,19,4,R$ 40,R$ 160
4572,"sexta-feira, 24 de dezembro de 2021",4498,19,4,R$ 40,R$ 160
4669,"quarta-feira, 29 de dezembro de 2021",5895,19,4,R$ 40,R$ 160
4726,"sexta-feira, 31 de dezembro de 2021",6669,19,4,R$ 40,R$ 160
4849,"quinta-feira, 6 de janeiro de 2022",9006,19,4,R$ 40,R$ 160
4851,"quinta-feira, 6 de janeiro de 2022",1241,19,4,R$ 40,R$ 160
4898,"sábado, 8 de janeiro de 2022",7695,19,4,R$ 40,R$ 160
4931,"domingo, 9 de janeiro de 2022",9321,19,4,R$ 40,R$ 160
4941,"domingo, 9 de janeiro de 2022",7849,19,4,R$ 40,R$ 160
4980,"terça-feira, 11 de janeiro de 2022",7588,19,4,R$ 40,R$ 160
5094,"domingo, 16 de janeiro de 2022",5981,19,4,R$ 40,R$ 160
5141,"terça-feira, 18 de janeiro de 2022",7977,19,4,R$ 40,R$ 160
5216,"quinta-feira, 20 de janeiro de 2022",4029,19,4,R$ 40,R$ 160
5280,"domingo, 23 de janeiro de 2022",8867,19,4,R$ 40,R$ 160
5303,"segunda-feira, 24 de janeiro de 2022",7485,19,4,R$ 40,R$ 160
5348,"quarta-feira, 26 de janeiro de 2022",1050,19,4,R$ 40,R$ 160
5416,"sábado, 29 de janeiro de 2022",9573,19,4,R$ 40,R$ 160
5541,"quarta-feira, 2 de fevereiro de 2022",878,19,4,R$ 40,R$ 160
5563,"quarta-feira, 2 de fevereiro de 2022",6566,19,4,R$ 40,R$ 160
5591,"sexta-feira, 4 de fevereiro de 2022",6690,19,4,R$ 40,R$ 160
5741,"quarta-feira, 9 de fevereiro de 2022",6472,19,4,R$ 40,R$ 160
5744,"quarta-feira, 9 de fevereiro de 2022",6999,19,4,R$ 40,R$ 160
5833,"sábado, 12 de fevereiro de 2022",9269,19,4,R$ 40,R$ 160
5842,"sábado, 12 de fevereiro de 2022",8364,19,4,R$ 40,R$ 160
5871,"segunda-feira, 14 de fevereiro de 2022",8118,19,4,R$ 40,R$ 160
5881,"segunda-feira, 14 de fevereiro de 2022",1444,19,4,R$ 40,R$ 160
5912,"terça-feira, 15 de fevereiro de 2022",5926,19,4,R$ 40,R$ 160
5978,"quinta-feira, 17 de fevereiro de 2022",5294,19,4,R$ 40,R$ 160
5986,"quinta-feira, 17 de fevereiro de 2022",4948,19,4,R$ 40,R$ 160
6022,"sábado, 19 de fevereiro de 2022",4608,19,4,R$ 40,R$ 160
6151,"quarta-feira, 23 de fevereiro de 2022",10101,19,4,R$ 40,R$ 160
6287,"segunda-feira, 28 de fevereiro de 2022",8231,19,4,R$ 40,R$ 160
6295,"segunda-feira, 28 de fevereiro de 2022",1282,19,4,R$ 40,R$ 160
6300,"segunda-feira, 28 de fevereiro de 2022",5466,19,4,R$ 40,R$ 160
6344,"quarta-feira, 2 de março de 2022",2397,19,4,R$ 40,R$ 160
6374,"quinta-feira, 3 de março de 2022",4642,19,4,R$ 40,R$ 160
6411,"sexta-feira, 4 de março de 2022",7060,19,4,R$ 40,R$ 160
6415,"sábado, 5 de março de 2022",2130,19,4,R$ 40,R$ 160
6422,"sábado, 5 de março de 2022",3586,19,4,R$ 40,R$ 160
6429,"sábado, 5 de março de 2022",7286,19,4,R$ 40,R$ 160
6601,"sexta-feira, 11 de março de 2022",7793,19,4,R$ 40,R$ 160
6831,"segunda-feira, 21 de março de 2022",6559,19,4,R$ 40,R$ 160
6986,"domingo, 27 de março de 2022",4541,19,4,R$ 40,R$ 160
7349,"sábado, 9 de abril de 2022",8087,19,4,R$ 40,R$ 160
7535,"domingo, 17 de abril de 2022",6230,19,4,R$ 40,R$ 160
7619,"quarta-feira, 20 de abril de 2022",8435,19,4,R$ 40,R$ 160
7675,"sexta-feira, 22 de abril de 2022",4732,19,4,R$ 40,R$ 160
7807,"terça-feira, 26 de abril de 2022",5025,19,4,R$ 40,R$ 160
7811,"terça-feira, 26 de abril de 2022",5494,19,4,R$ 40,R$ 160
7914,"sábado, 30 de abril de 2022",975,19,4,R$ 40,R$ 160
7988,"terça-feira, 3 de maio de 2022",4524,19,4,R$ 40,R$ 160
8030,"quinta-feira, 5 de maio de 2022",8114,19,4,R$ 40,R$ 160
8058,"quinta-feira, 5 de maio de 2022",9596,19,4,R$ 40,R$ 160
8165,"segunda-feira, 9 de maio de 2022",10174,19,4,R$ 40,R$ 160
8193,"terça-feira, 10 de maio de 2022",4686,19,4,R$ 40,R$ 160
8206,"terça-feira, 10 de maio de 2022",1286,19,4,R$ 40,R$ 160
8236,"quarta-feira, 11 de maio de 2022",8989,19,4,R$ 40,R$ 160
8325,"domingo, 15 de maio de 2022",9811,19,4,R$ 40,R$ 160
8368,"terça-feira, 17 de maio de 2022",303,19,4,R$ 40,R$ 160
8421,"quinta-feira, 19 de maio de 2022",2156,19,4,R$ 40,R$ 160
8430,"quinta-feira, 19 de maio de 2022",4408,19,4,R$ 40,R$ 160
8480,"sábado, 21 de maio de 2022",9383,19,4,R$ 40,R$ 160
8523,"domingo, 22 de maio de 2022",6968,19,4,R$ 40,R$ 160
8545,"segunda-feira, 23 de maio de 2022",7152,19,4,R$ 40,R$ 160
8674,"sexta-feira, 27 de maio de 2022",8188,19,4,R$ 40,R$ 160
8748,"segunda-feira, 30 de maio de 2022",2507,19,4,R$ 40,R$ 160
8784,"terça-feira, 31 de maio de 2022",8204,19,4,R$ 40,R$ 160
8787,"terça-feira, 31 de maio de 2022",4731,19,4,R$ 40,R$ 160
8806,"quarta-feira, 1 de junho de 2022",1556,19,4,R$ 40,R$ 160
8820,"quinta-feira, 2 de junho de 2022",3903,19,4,R$ 40,R$ 160
8897,"domingo, 5 de junho de 2022",4727,19,4,R$ 40,R$ 160
8980,"quarta-feira, 8 de junho de 2022",2826,19,4,R$ 40,R$ 160
9150,"terça-feira, 14 de junho de 2022",5851,19,4,R$ 40,R$ 160
9241,"sábado, 18 de junho de 2022",6647,19,4,R$ 40,R$ 160
9261,"sábado, 18 de junho de 2022",87,19,4,R$ 40,R$ 160
9293,"domingo, 19 de junho de 2022",2566,19,4,R$ 40,R$ 160
9302,"segunda-feira, 20 de junho de 2022",1720,19,4,R$ 40,R$ 160
9433,"sábado, 25 de junho de 2022",2790,19,4,R$ 40,R$ 160
9451,"sábado, 25 de junho de 2022",2587,19,4,R$ 40,R$ 160
9526,"terça-feira, 28 de junho de 2022",9037,19,4,R$ 40,R$ 160
9683,"segunda-feira, 4 de julho de 2022",4858,19,4,R$ 40,R$ 160
9739,"quarta-feira, 6 de julho de 2022",1312,19,4,R$ 40,R$ 160
9762,"quinta-feira, 7 de julho de 2022",1541,19,4,R$ 40,R$ 160
9765,"quinta-feira, 7 de julho de 2022",7220,19,4,R$ 40,R$ 160
9849,"domingo, 10 de julho de 2022",2316,19,4,R$ 40,R$ 160
9874,"segunda-feira, 11 de julho de 2022",9901,19,4,R$ 40,R$ 160
9932,"quarta-feira, 13 de julho de 2022",9067,19,4,R$ 40,R$ 160
10125,"terça-feira, 19 de julho de 2022",6810,19,4,R$ 40,R$ 160
10158,"quarta-feira, 20 de julho de 2022",5645,19,4,R$ 40,R$ 160
10160,"quarta-feira, 20 de julho de 2022",5958,19,4,R$ 40,R$ 160
10186,"quinta-feira, 21 de julho de 2022",7555,19,4,R$ 40,R$ 160
10195,"quinta-feira, 21 de julho de 2022",4204,19,4,R$ 40,R$ 160
10204,"sexta-feira, 22 de julho de 2022",1844,19,4,R$ 40,R$ 160
10214,"sexta-feira, 22 de julho de 2022",9761,19,4,R$ 40,R$ 160
10259,"segunda-feira, 25 de julho de 2022",3817,19,4,R$ 40,R$ 160
10478,"terça-feira, 2 de agosto de 2022",4913,19,4,R$ 40,R$ 160
10577,"sábado, 6 de agosto de 2022",7110,19,4,R$ 40,R$ 160
10667,"terça-feira, 9 de agosto de 2022",6399,19,4,R$ 40,R$ 160
10708,"quinta-feira, 11 de agosto de 2022",6030,19,4,R$ 40,R$ 160
10710,"quinta-feira, 11 de agosto de 2022",8557,19,4,R$ 40,R$ 160
10732,"quinta-feira, 11 de agosto de 2022",192,19,4,R$ 40,R$ 160
10789,"sábado, 13 de agosto de 2022",2295,19,4,R$ 40,R$ 160
10796,"domingo, 14 de agosto de 2022",10220,19,4,R$ 40,R$ 160
10853,"terça-feira, 16 de agosto de 2022",8169,19,4,R$ 40,R$ 160
11068,"quarta-feira, 24 de agosto de 2022",6659,19,4,R$ 40,R$ 160
11108,"sexta-feira, 26 de agosto de 2022",3244,19,4,R$ 40,R$ 160
11159,"domingo, 28 de agosto de 2022",7660,19,4,R$ 40,R$ 160
11176,"segunda-feira, 29 de agosto de 2022",6324,19,4,R$ 40,R$ 160
11262,"quinta-feira, 1 de setembro de 2022",2832,19,4,R$ 40,R$ 160
11300,"sexta-feira, 2 de setembro de 2022",1636,19,4,R$ 40,R$ 160
11331,"sábado, 3 de setembro de 2022",7643,19,4,R$ 40,R$ 160
11403,"terça-feira, 6 de setembro de 2022",7890,19,4,R$ 40,R$ 160
11497,"sábado, 10 de setembro de 2022",9599,19,4,R$ 40,R$ 160
11546,"domingo, 11 de setembro de 2022",8326,19,4,R$ 40,R$ 160
11635,"quinta-feira, 15 de setembro de 2022",9037,19,4,R$ 40,R$ 160
11698,"sábado, 17 de setembro de 2022",2273,19,4,R$ 40,R$ 160
11717,"domingo, 18 de setembro de 2022",8275,19,4,R$ 40,R$ 160
11838,"quinta-feira, 22 de setembro de 2022",7321,19,4,R$ 40,R$ 160
11903,"sábado, 24 de setembro de 2022",1612,19,4,R$ 40,R$ 160
11981,"terça-feira, 27 de setembro de 2022",5927,19,4,R$ 40,R$ 160
12070,"sexta-feira, 30 de setembro de 2022",9134,19,4,R$ 40,R$ 160
12221,"quinta-feira, 6 de outubro de 2022",5279,19,4,R$ 40,R$ 160
12245,"sexta-feira, 7 de outubro de 2022",5466,19,4,R$ 40,R$ 160
12294,"domingo, 9 de outubro de 2022",2286,19,4,R$ 40,R$ 160
12305,"domingo, 9 de outubro de 2022",1140,19,4,R$ 40,R$ 160
12412,"quinta-feira, 13 de outubro de 2022",48,19,4,R$ 40,R$ 160
12436,"sexta-feira, 14 de outubro de 2022",4277,19,4,R$ 40,R$ 160
12437,"sexta-feira, 14 de outubro de 2022",4582,19,4,R$ 40,R$ 160
12452,"sexta-feira, 14 de outubro de 2022",4727,19,4,R$ 40,R$ 160
12475,"sábado, 15 de outubro de 2022",2886,19,4,R$ 40,R$ 160
12480,"sábado, 15 de outubro de 2022",2966,19,4,R$ 40,R$ 160
12541,"terça-feira, 18 de outubro de 2022",3584,19,4,R$ 40,R$ 160
12565,"quarta-feira, 19 de outubro de 2022",1281,19,4,R$ 40,R$ 160
12581,"quarta-feira, 19 de outubro de 2022",1665,19,4,R$ 40,R$ 160
12587,"quarta-feira, 19 de outubro de 2022",8710,19,4,R$ 40,R$ 160
12590,"quarta-feira, 19 de outubro de 2022",1328,19,4,R$ 40,R$ 160
12628,"sexta-feira, 21 de outubro de 2022",8355,19,4,R$ 40,R$ 160
12722,"segunda-feira, 24 de outubro de 2022",5343,19,4,R$ 40,R$ 160
12792,"quarta-feira, 26 de outubro de 2022",3463,19,4,R$ 40,R$ 160
13101,"domingo, 6 de novembro de 2022",8793,19,4,R$ 40,R$ 160
13224,"quinta-feira, 10 de novembro de 2022",8659,19,4,R$ 40,R$ 160
13333,"segunda-feira, 14 de novembro de 2022",9760,19,4,R$ 40,R$ 160
13399,"quarta-feira, 16 de novembro de 2022",4138,19,4,R$ 40,R$ 160
13469,"sábado, 19 de novembro de 2022",472,19,4,R$ 40,R$ 160
13493,"domingo, 20 de novembro de 2022",5406,19,4,R$ 40,R$ 160
13522,"terça-feira, 22 de novembro de 2022",4907,19,4,R$ 40,R$ 160
13611,"sexta-feira, 25 de novembro de 2022",4987,19,4,R$ 40,R$ 160
13776,"sexta-feira, 2 de dezembro de 2022",1836,19,4,R$ 40,R$ 160
13961,"sexta-feira, 16 de dezembro de 2022",8627,19,4,R$ 40,R$ 160
229,"terça-feira, 26 de janeiro de 2021",7617,10,4,R$ 70,R$ 280
288,"domingo, 31 de janeiro de 2021",4217,10,4,R$ 70,R$ 280
292,"domingo, 31 de janeiro de 2021",7178,10,4,R$ 70,R$ 280
364,"sexta-feira, 5 de fevereiro de 2021",2523,10,4,R$ 70,R$ 280
411,"terça-feira, 9 de fevereiro de 2021",9752,10,4,R$ 70,R$ 280
480,"terça-feira, 16 de fevereiro de 2021",283,10,4,R$ 70,R$ 280
637,"domingo, 28 de fevereiro de 2021",4670,10,4,R$ 70,R$ 280
662,"terça-feira, 2 de março de 2021",4743,10,4,R$ 70,R$ 280
734,"domingo, 7 de março de 2021",1551,10,4,R$ 70,R$ 280
899,"quinta-feira, 18 de março de 2021",1145,10,4,R$ 70,R$ 280
1076,"terça-feira, 30 de março de 2021",2921,10,4,R$ 70,R$ 280
1101,"quarta-feira, 31 de março de 2021",8457,10,4,R$ 70,R$ 280
1285,"terça-feira, 13 de abril de 2021",4121,10,4,R$ 70,R$ 280
1333,"sexta-feira, 16 de abril de 2021",6417,10,4,R$ 70,R$ 280
1473,"segunda-feira, 26 de abril de 2021",5297,10,4,R$ 70,R$ 280
1628,"sexta-feira, 7 de maio de 2021",44,10,4,R$ 70,R$ 280
1668,"segunda-feira, 10 de maio de 2021",8946,10,4,R$ 70,R$ 280
1682,"terça-feira, 11 de maio de 2021",3039,10,4,R$ 70,R$ 280
1712,"quinta-feira, 13 de maio de 2021",511,10,4,R$ 70,R$ 280
1739,"domingo, 16 de maio de 2021",9951,10,4,R$ 70,R$ 280
2154,"domingo, 20 de junho de 2021",4445,10,4,R$ 70,R$ 280
2179,"terça-feira, 22 de junho de 2021",6772,10,4,R$ 70,R$ 280
2181,"terça-feira, 22 de junho de 2021",6348,10,4,R$ 70,R$ 280
2252,"segunda-feira, 28 de junho de 2021",5407,10,4,R$ 70,R$ 280
2295,"quinta-feira, 1 de julho de 2021",1004,10,4,R$ 70,R$ 280
2433,"terça-feira, 13 de julho de 2021",5674,10,4,R$ 70,R$ 280
2438,"quarta-feira, 14 de julho de 2021",1931,10,4,R$ 70,R$ 280
2499,"sábado, 17 de julho de 2021",5432,10,4,R$ 70,R$ 280
2543,"quinta-feira, 22 de julho de 2021",887,10,4,R$ 70,R$ 280
2644,"sexta-feira, 30 de julho de 2021",7292,10,4,R$ 70,R$ 280
2663,"domingo, 1 de agosto de 2021",6347,10,4,R$ 70,R$ 280
2726,"sexta-feira, 6 de agosto de 2021",6288,10,4,R$ 70,R$ 280
2748,"sábado, 7 de agosto de 2021",7986,10,4,R$ 70,R$ 280
2770,"segunda-feira, 9 de agosto de 2021",9648,10,4,R$ 70,R$ 280
2913,"sábado, 21 de agosto de 2021",7457,10,4,R$ 70,R$ 280
3004,"sábado, 28 de agosto de 2021",7323,10,4,R$ 70,R$ 280
3138,"quinta-feira, 9 de setembro de 2021",2187,10,4,R$ 70,R$ 280
3142,"quinta-feira, 9 de setembro de 2021",6841,10,4,R$ 70,R$ 280
3226,"quinta-feira, 16 de setembro de 2021",9225,10,4,R$ 70,R$ 280
3231,"quinta-feira, 16 de setembro de 2021",3279,10,4,R$ 70,R$ 280
3331,"domingo, 26 de setembro de 2021",2472,10,4,R$ 70,R$ 280
3347,"segunda-feira, 27 de setembro de 2021",41,10,4,R$ 70,R$ 280
3362,"terça-feira, 28 de setembro de 2021",6922,10,4,R$ 70,R$ 280
3744,"sexta-feira, 29 de outubro de 2021",9184,10,4,R$ 70,R$ 280
3780,"domingo, 31 de outubro de 2021",1133,10,4,R$ 70,R$ 280
3892,"terça-feira, 9 de novembro de 2021",2869,10,4,R$ 70,R$ 280
3907,"quinta-feira, 11 de novembro de 2021",4879,10,4,R$ 70,R$ 280
3944,"domingo, 14 de novembro de 2021",3878,10,4,R$ 70,R$ 280
4067,"segunda-feira, 22 de novembro de 2021",2870,10,4,R$ 70,R$ 280
4118,"quinta-feira, 25 de novembro de 2021",3508,10,4,R$ 70,R$ 280
4157,"domingo, 28 de novembro de 2021",7521,10,4,R$ 70,R$ 280
4198,"quarta-feira, 1 de dezembro de 2021",5834,10,4,R$ 70,R$ 280
4246,"sábado, 4 de dezembro de 2021",8570,10,4,R$ 70,R$ 280
4251,"sábado, 4 de dezembro de 2021",7859,10,4,R$ 70,R$ 280
4298,"terça-feira, 7 de dezembro de 2021",4287,10,4,R$ 70,R$ 280
4350,"sábado, 11 de dezembro de 2021",7963,10,4,R$ 70,R$ 280
4389,"segunda-feira, 13 de dezembro de 2021",7571,10,4,R$ 70,R$ 280
4396,"terça-feira, 14 de dezembro de 2021",7234,10,4,R$ 70,R$ 280
4652,"terça-feira, 28 de dezembro de 2021",6162,10,4,R$ 70,R$ 280
4701,"quinta-feira, 30 de dezembro de 2021",8700,10,4,R$ 70,R$ 280
4721,"sexta-feira, 31 de dezembro de 2021",4165,10,4,R$ 70,R$ 280
4908,"sábado, 8 de janeiro de 2022",4174,10,4,R$ 70,R$ 280
5014,"quinta-feira, 13 de janeiro de 2022",39,10,4,R$ 70,R$ 280
5057,"sexta-feira, 14 de janeiro de 2022",5757,10,4,R$ 70,R$ 280
5145,"terça-feira, 18 de janeiro de 2022",2998,10,4,R$ 70,R$ 280
5162,"quarta-feira, 19 de janeiro de 2022",6227,10,4,R$ 70,R$ 280
5173,"quarta-feira, 19 de janeiro de 2022",7562,10,4,R$ 70,R$ 280
5250,"sábado, 22 de janeiro de 2022",2373,10,4,R$ 70,R$ 280
5439,"domingo, 30 de janeiro de 2022",8345,10,4,R$ 70,R$ 280
5456,"domingo, 30 de janeiro de 2022",8747,10,4,R$ 70,R$ 280
5479,"segunda-feira, 31 de janeiro de 2022",2220,10,4,R$ 70,R$ 280
5501,"terça-feira, 1 de fevereiro de 2022",3870,10,4,R$ 70,R$ 280
5616,"sexta-feira, 4 de fevereiro de 2022",4462,10,4,R$ 70,R$ 280
5883,"segunda-feira, 14 de fevereiro de 2022",1035,10,4,R$ 70,R$ 280
5888,"segunda-feira, 14 de fevereiro de 2022",3239,10,4,R$ 70,R$ 280
5913,"terça-feira, 15 de fevereiro de 2022",6240,10,4,R$ 70,R$ 280
5926,"terça-feira, 15 de fevereiro de 2022",4598,10,4,R$ 70,R$ 280
5950,"quarta-feira, 16 de fevereiro de 2022",3468,10,4,R$ 70,R$ 280
5976,"quinta-feira, 17 de fevereiro de 2022",4903,10,4,R$ 70,R$ 280
6033,"sábado, 19 de fevereiro de 2022",8927,10,4,R$ 70,R$ 280
6056,"domingo, 20 de fevereiro de 2022",2422,10,4,R$ 70,R$ 280
6196,"quinta-feira, 24 de fevereiro de 2022",4497,10,4,R$ 70,R$ 280
6259,"domingo, 27 de fevereiro de 2022",4953,10,4,R$ 70,R$ 280
6425,"sábado, 5 de março de 2022",9766,10,4,R$ 70,R$ 280
6469,"segunda-feira, 7 de março de 2022",8775,10,4,R$ 70,R$ 280
6526,"quarta-feira, 9 de março de 2022",3239,10,4,R$ 70,R$ 280
6530,"quarta-feira, 9 de março de 2022",1550,10,4,R$ 70,R$ 280
6532,"quarta-feira, 9 de março de 2022",7176,10,4,R$ 70,R$ 280
6583,"sexta-feira, 11 de março de 2022",7977,10,4,R$ 70,R$ 280
6707,"quarta-feira, 16 de março de 2022",5494,10,4,R$ 70,R$ 280
6713,"quarta-feira, 16 de março de 2022",2201,10,4,R$ 70,R$ 280
6761,"sexta-feira, 18 de março de 2022",6034,10,4,R$ 70,R$ 280
6779,"sábado, 19 de março de 2022",5374,10,4,R$ 70,R$ 280
6877,"quarta-feira, 23 de março de 2022",3097,10,4,R$ 70,R$ 280
6886,"quarta-feira, 23 de março de 2022",4609,10,4,R$ 70,R$ 280
6944,"sábado, 26 de março de 2022",3306,10,4,R$ 70,R$ 280
7011,"segunda-feira, 28 de março de 2022",5343,10,4,R$ 70,R$ 280
7050,"terça-feira, 29 de março de 2022",2760,10,4,R$ 70,R$ 280
7098,"quinta-feira, 31 de março de 2022",9854,10,4,R$ 70,R$ 280
7455,"quarta-feira, 13 de abril de 2022",280,10,4,R$ 70,R$ 280
7510,"sábado, 16 de abril de 2022",510,10,4,R$ 70,R$ 280
7516,"sábado, 16 de abril de 2022",652,10,4,R$ 70,R$ 280
7570,"segunda-feira, 18 de abril de 2022",9349,10,4,R$ 70,R$ 280
7666,"quinta-feira, 21 de abril de 2022",498,10,4,R$ 70,R$ 280
7761,"domingo, 24 de abril de 2022",71,10,4,R$ 70,R$ 280
7770,"segunda-feira, 25 de abril de 2022",8217,10,4,R$ 70,R$ 280
7816,"quarta-feira, 27 de abril de 2022",8498,10,4,R$ 70,R$ 280
7949,"domingo, 1 de maio de 2022",5008,10,4,R$ 70,R$ 280
8055,"quinta-feira, 5 de maio de 2022",8898,10,4,R$ 70,R$ 280
8098,"sábado, 7 de maio de 2022",10113,10,4,R$ 70,R$ 280
8406,"quarta-feira, 18 de maio de 2022",1590,10,4,R$ 70,R$ 280
8416,"quinta-feira, 19 de maio de 2022",8188,10,4,R$ 70,R$ 280
8428,"quinta-feira, 19 de maio de 2022",1343,10,4,R$ 70,R$ 280
8440,"sexta-feira, 20 de maio de 2022",1825,10,4,R$ 70,R$ 280
8459,"sexta-feira, 20 de maio de 2022",7550,10,4,R$ 70,R$ 280
8461,"sexta-feira, 20 de maio de 2022",9873,10,4,R$ 70,R$ 280
8535,"segunda-feira, 23 de maio de 2022",9450,10,4,R$ 70,R$ 280
8537,"segunda-feira, 23 de maio de 2022",9595,10,4,R$ 70,R$ 280
8569,"terça-feira, 24 de maio de 2022",9999,10,4,R$ 70,R$ 280
8592,"quarta-feira, 25 de maio de 2022",5869,10,4,R$ 70,R$ 280
8629,"quinta-feira, 26 de maio de 2022",789,10,4,R$ 70,R$ 280
8667,"sexta-feira, 27 de maio de 2022",4731,10,4,R$ 70,R$ 280
8894,"domingo, 5 de junho de 2022",1390,10,4,R$ 70,R$ 280
8917,"segunda-feira, 6 de junho de 2022",7882,10,4,R$ 70,R$ 280
9033,"quinta-feira, 9 de junho de 2022",1976,10,4,R$ 70,R$ 280
9068,"sábado, 11 de junho de 2022",4325,10,4,R$ 70,R$ 280
9260,"sábado, 18 de junho de 2022",3600,10,4,R$ 70,R$ 280
9287,"domingo, 19 de junho de 2022",1787,10,4,R$ 70,R$ 280
9418,"sexta-feira, 24 de junho de 2022",4907,10,4,R$ 70,R$ 280
9421,"sexta-feira, 24 de junho de 2022",8573,10,4,R$ 70,R$ 280
9429,"sábado, 25 de junho de 2022",8498,10,4,R$ 70,R$ 280
9446,"sábado, 25 de junho de 2022",8670,10,4,R$ 70,R$ 280
9459,"domingo, 26 de junho de 2022",4731,10,4,R$ 70,R$ 280
9549,"quarta-feira, 29 de junho de 2022",6934,10,4,R$ 70,R$ 280
9555,"quarta-feira, 29 de junho de 2022",2201,10,4,R$ 70,R$ 280
9607,"sexta-feira, 1 de julho de 2022",8926,10,4,R$ 70,R$ 280
10014,"sexta-feira, 15 de julho de 2022",5060,10,4,R$ 70,R$ 280
10069,"domingo, 17 de julho de 2022",1284,10,4,R$ 70,R$ 280
10123,"terça-feira, 19 de julho de 2022",4285,10,4,R$ 70,R$ 280
10130,"terça-feira, 19 de julho de 2022",1560,10,4,R$ 70,R$ 280
10137,"terça-feira, 19 de julho de 2022",7152,10,4,R$ 70,R$ 280
10207,"sexta-feira, 22 de julho de 2022",3119,10,4,R$ 70,R$ 280
10380,"sexta-feira, 29 de julho de 2022",6915,10,4,R$ 70,R$ 280
10385,"sexta-feira, 29 de julho de 2022",3642,10,4,R$ 70,R$ 280
10449,"segunda-feira, 1 de agosto de 2022",409,10,4,R$ 70,R$ 280
10466,"terça-feira, 2 de agosto de 2022",4676,10,4,R$ 70,R$ 280
10541,"quinta-feira, 4 de agosto de 2022",9093,10,4,R$ 70,R$ 280
10576,"sábado, 6 de agosto de 2022",3656,10,4,R$ 70,R$ 280
10617,"domingo, 7 de agosto de 2022",7481,10,4,R$ 70,R$ 280
10656,"terça-feira, 9 de agosto de 2022",4767,10,4,R$ 70,R$ 280
10720,"quinta-feira, 11 de agosto de 2022",2651,10,4,R$ 70,R$ 280
10818,"domingo, 14 de agosto de 2022",10271,10,4,R$ 70,R$ 280
10931,"sexta-feira, 19 de agosto de 2022",4373,10,4,R$ 70,R$ 280
10940,"sexta-feira, 19 de agosto de 2022",4727,10,4,R$ 70,R$ 280
10952,"sábado, 20 de agosto de 2022",8239,10,4,R$ 70,R$ 280
11018,"terça-feira, 23 de agosto de 2022",8973,10,4,R$ 70,R$ 280
11089,"quinta-feira, 25 de agosto de 2022",1402,10,4,R$ 70,R$ 280
11241,"quarta-feira, 31 de agosto de 2022",4454,10,4,R$ 70,R$ 280
11304,"sexta-feira, 2 de setembro de 2022",5742,10,4,R$ 70,R$ 280
11376,"segunda-feira, 5 de setembro de 2022",5465,10,4,R$ 70,R$ 280
11434,"quinta-feira, 8 de setembro de 2022",440,10,4,R$ 70,R$ 280
11573,"terça-feira, 13 de setembro de 2022",2897,10,4,R$ 70,R$ 280
11582,"terça-feira, 13 de setembro de 2022",2444,10,4,R$ 70,R$ 280
11601,"quarta-feira, 14 de setembro de 2022",310,10,4,R$ 70,R$ 280
11602,"quarta-feira, 14 de setembro de 2022",4998,10,4,R$ 70,R$ 280
11608,"quarta-feira, 14 de setembro de 2022",1646,10,4,R$ 70,R$ 280
11712,"domingo, 18 de setembro de 2022",5099,10,4,R$ 70,R$ 280
11715,"domingo, 18 de setembro de 2022",7239,10,4,R$ 70,R$ 280
11742,"segunda-feira, 19 de setembro de 2022",604,10,4,R$ 70,R$ 280
11782,"terça-feira, 20 de setembro de 2022",4069,10,4,R$ 70,R$ 280
11789,"quarta-feira, 21 de setembro de 2022",2852,10,4,R$ 70,R$ 280
11966,"segunda-feira, 26 de setembro de 2022",6461,10,4,R$ 70,R$ 280
12022,"quarta-feira, 28 de setembro de 2022",5014,10,4,R$ 70,R$ 280
12140,"segunda-feira, 3 de outubro de 2022",3174,10,4,R$ 70,R$ 280
12167,"terça-feira, 4 de outubro de 2022",4026,10,4,R$ 70,R$ 280
12210,"quarta-feira, 5 de outubro de 2022",5616,10,4,R$ 70,R$ 280
12225,"quinta-feira, 6 de outubro de 2022",7239,10,4,R$ 70,R$ 280
12239,"sexta-feira, 7 de outubro de 2022",1380,10,4,R$ 70,R$ 280
12282,"sábado, 8 de outubro de 2022",7261,10,4,R$ 70,R$ 280
12299,"domingo, 9 de outubro de 2022",6274,10,4,R$ 70,R$ 280
12314,"domingo, 9 de outubro de 2022",7808,10,4,R$ 70,R$ 280
12514,"segunda-feira, 17 de outubro de 2022",7425,10,4,R$ 70,R$ 280
12544,"terça-feira, 18 de outubro de 2022",9884,10,4,R$ 70,R$ 280
12682,"sábado, 22 de outubro de 2022",3626,10,4,R$ 70,R$ 280
12695,"domingo, 23 de outubro de 2022",5691,10,4,R$ 70,R$ 280
12705,"domingo, 23 de outubro de 2022",5769,10,4,R$ 70,R$ 280
12771,"terça-feira, 25 de outubro de 2022",8710,10,4,R$ 70,R$ 280
12921,"segunda-feira, 31 de outubro de 2022",4556,10,4,R$ 70,R$ 280
12953,"terça-feira, 1 de novembro de 2022",6417,10,4,R$ 70,R$ 280
13107,"domingo, 6 de novembro de 2022",9457,10,4,R$ 70,R$ 280
13122,"segunda-feira, 7 de novembro de 2022",341,10,4,R$ 70,R$ 280
13149,"terça-feira, 8 de novembro de 2022",1866,10,4,R$ 70,R$ 280
13164,"terça-feira, 8 de novembro de 2022",9319,10,4,R$ 70,R$ 280
13226,"quinta-feira, 10 de novembro de 2022",3288,10,4,R$ 70,R$ 280
13248,"sexta-feira, 11 de novembro de 2022",463,10,4,R$ 70,R$ 280
13318,"domingo, 13 de novembro de 2022",9359,10,4,R$ 70,R$ 280
13334,"segunda-feira, 14 de novembro de 2022",3422,10,4,R$ 70,R$ 280
13365,"terça-feira, 15 de novembro de 2022",760,10,4,R$ 70,R$ 280
13456,"sábado, 19 de novembro de 2022",4026,10,4,R$ 70,R$ 280
13499,"segunda-feira, 21 de novembro de 2022",7218,10,4,R$ 70,R$ 280
13579,"quinta-feira, 24 de novembro de 2022",2856,10,4,R$ 70,R$ 280
13650,"domingo, 27 de novembro de 2022",8087,10,4,R$ 70,R$ 280
13708,"terça-feira, 29 de novembro de 2022",9200,10,4,R$ 70,R$ 280
13713,"terça-feira, 29 de novembro de 2022",893,10,4,R$ 70,R$ 280
13715,"terça-feira, 29 de novembro de 2022",4510,10,4,R$ 70,R$ 280
13720,"quarta-feira, 30 de novembro de 2022",2623,10,4,R$ 70,R$ 280
13727,"quarta-feira, 30 de novembro de 2022",4856,10,4,R$ 70,R$ 280
13758,"sexta-feira, 2 de dezembro de 2022",9288,10,4,R$ 70,R$ 280
13818,"domingo, 4 de dezembro de 2022",9040,10,4,R$ 70,R$ 280
13845,"quarta-feira, 7 de dezembro de 2022",9760,10,4,R$ 70,R$ 280
13851,"quarta-feira, 7 de dezembro de 2022",1014,10,4,R$ 70,R$ 280
14024,"sábado, 24 de dezembro de 2022",7816,10,4,R$ 70,R$ 280
14040,"segunda-feira, 26 de dezembro de 2022",4698,10,4,R$ 70,R$ 280
14,"sexta-feira, 1 de janeiro de 2021",2032,16,4,R$ 25,R$ 100
126,"sábado, 16 de janeiro de 2021",6760,16,4,R$ 25,R$ 100
136,"domingo, 17 de janeiro de 2021",7694,16,4,R$ 25,R$ 100
352,"quinta-feira, 4 de fevereiro de 2021",4649,16,4,R$ 25,R$ 100
384,"domingo, 7 de fevereiro de 2021",7151,16,4,R$ 25,R$ 100
424,"quinta-feira, 11 de fevereiro de 2021",7781,16,4,R$ 25,R$ 100
429,"quinta-feira, 11 de fevereiro de 2021",7171,16,4,R$ 25,R$ 100
533,"sábado, 20 de fevereiro de 2021",2769,16,4,R$ 25,R$ 100
646,"segunda-feira, 1 de março de 2021",2525,16,4,R$ 25,R$ 100
665,"terça-feira, 2 de março de 2021",5733,16,4,R$ 25,R$ 100
666,"terça-feira, 2 de março de 2021",7683,16,4,R$ 25,R$ 100
740,"domingo, 7 de março de 2021",4900,16,4,R$ 25,R$ 100
752,"segunda-feira, 8 de março de 2021",3528,16,4,R$ 25,R$ 100
984,"quarta-feira, 24 de março de 2021",8125,16,4,R$ 25,R$ 100
1123,"sexta-feira, 2 de abril de 2021",7612,16,4,R$ 25,R$ 100
1187,"terça-feira, 6 de abril de 2021",5109,16,4,R$ 25,R$ 100
1190,"terça-feira, 6 de abril de 2021",8129,16,4,R$ 25,R$ 100
1271,"segunda-feira, 12 de abril de 2021",9642,16,4,R$ 25,R$ 100
1283,"terça-feira, 13 de abril de 2021",7455,16,4,R$ 25,R$ 100
1328,"sexta-feira, 16 de abril de 2021",4938,16,4,R$ 25,R$ 100
1404,"quarta-feira, 21 de abril de 2021",8310,16,4,R$ 25,R$ 100
1530,"sábado, 1 de maio de 2021",3158,16,4,R$ 25,R$ 100
1531,"sábado, 1 de maio de 2021",9433,16,4,R$ 25,R$ 100
1561,"segunda-feira, 3 de maio de 2021",178,16,4,R$ 25,R$ 100
1670,"segunda-feira, 10 de maio de 2021",5941,16,4,R$ 25,R$ 100
1686,"quarta-feira, 12 de maio de 2021",5590,16,4,R$ 25,R$ 100
1701,"quinta-feira, 13 de maio de 2021",9145,16,4,R$ 25,R$ 100
1716,"sexta-feira, 14 de maio de 2021",4490,16,4,R$ 25,R$ 100
1717,"sexta-feira, 14 de maio de 2021",6362,16,4,R$ 25,R$ 100
1741,"domingo, 16 de maio de 2021",8921,16,4,R$ 25,R$ 100
1923,"domingo, 30 de maio de 2021",5379,16,4,R$ 25,R$ 100
1998,"sábado, 5 de junho de 2021",9020,16,4,R$ 25,R$ 100
2004,"domingo, 6 de junho de 2021",8055,16,4,R$ 25,R$ 100
2021,"segunda-feira, 7 de junho de 2021",2067,16,4,R$ 25,R$ 100
2076,"domingo, 13 de junho de 2021",9928,16,4,R$ 25,R$ 100
2165,"segunda-feira, 21 de junho de 2021",3462,16,4,R$ 25,R$ 100
2292,"quinta-feira, 1 de julho de 2021",2448,16,4,R$ 25,R$ 100
2297,"quinta-feira, 1 de julho de 2021",9924,16,4,R$ 25,R$ 100
2315,"sábado, 3 de julho de 2021",9286,16,4,R$ 25,R$ 100
2399,"domingo, 11 de julho de 2021",6056,16,4,R$ 25,R$ 100
2413,"segunda-feira, 12 de julho de 2021",1341,16,4,R$ 25,R$ 100
2414,"segunda-feira, 12 de julho de 2021",9017,16,4,R$ 25,R$ 100
2461,"quinta-feira, 15 de julho de 2021",7416,16,4,R$ 25,R$ 100
2577,"domingo, 25 de julho de 2021",6530,16,4,R$ 25,R$ 100
2687,"segunda-feira, 2 de agosto de 2021",1430,16,4,R$ 25,R$ 100
2769,"segunda-feira, 9 de agosto de 2021",1052,16,4,R$ 25,R$ 100
2809,"quinta-feira, 12 de agosto de 2021",5664,16,4,R$ 25,R$ 100
2812,"quinta-feira, 12 de agosto de 2021",3497,16,4,R$ 25,R$ 100
2831,"sábado, 14 de agosto de 2021",2689,16,4,R$ 25,R$ 100
2872,"terça-feira, 17 de agosto de 2021",8731,16,4,R$ 25,R$ 100
2907,"sexta-feira, 20 de agosto de 2021",7359,16,4,R$ 25,R$ 100
2984,"quinta-feira, 26 de agosto de 2021",6590,16,4,R$ 25,R$ 100
3133,"quinta-feira, 9 de setembro de 2021",9206,16,4,R$ 25,R$ 100
3188,"segunda-feira, 13 de setembro de 2021",9030,16,4,R$ 25,R$ 100
3405,"sábado, 2 de outubro de 2021",8311,16,4,R$ 25,R$ 100
3503,"sexta-feira, 8 de outubro de 2021",4029,16,4,R$ 25,R$ 100
3627,"terça-feira, 19 de outubro de 2021",8242,16,4,R$ 25,R$ 100
3750,"sexta-feira, 29 de outubro de 2021",1928,16,4,R$ 25,R$ 100
3791,"terça-feira, 2 de novembro de 2021",3922,16,4,R$ 25,R$ 100
3845,"sexta-feira, 5 de novembro de 2021",8657,16,4,R$ 25,R$ 100
3861,"sábado, 6 de novembro de 2021",5368,16,4,R$ 25,R$ 100
3894,"terça-feira, 9 de novembro de 2021",6941,16,4,R$ 25,R$ 100
3999,"quarta-feira, 17 de novembro de 2021",3497,16,4,R$ 25,R$ 100
4017,"quinta-feira, 18 de novembro de 2021",1037,16,4,R$ 25,R$ 100
4027,"sexta-feira, 19 de novembro de 2021",360,16,4,R$ 25,R$ 100
4062,"domingo, 21 de novembro de 2021",3021,16,4,R$ 25,R$ 100
4155,"domingo, 28 de novembro de 2021",7842,16,4,R$ 25,R$ 100
4303,"quarta-feira, 8 de dezembro de 2021",3499,16,4,R$ 25,R$ 100
4405,"terça-feira, 14 de dezembro de 2021",2448,16,4,R$ 25,R$ 100
4406,"terça-feira, 14 de dezembro de 2021",534,16,4,R$ 25,R$ 100
4482,"domingo, 19 de dezembro de 2021",6084,16,4,R$ 25,R$ 100
4505,"segunda-feira, 20 de dezembro de 2021",4497,16,4,R$ 25,R$ 100
4590,"sábado, 25 de dezembro de 2021",9998,16,4,R$ 25,R$ 100
4641,"segunda-feira, 27 de dezembro de 2021",4486,16,4,R$ 25,R$ 100
4681,"quinta-feira, 30 de dezembro de 2021",7365,16,4,R$ 25,R$ 100
4788,"segunda-feira, 3 de janeiro de 2022",5013,16,4,R$ 25,R$ 100
4817,"terça-feira, 4 de janeiro de 2022",6353,16,4,R$ 25,R$ 100
4929,"domingo, 9 de janeiro de 2022",2229,16,4,R$ 25,R$ 100
4970,"terça-feira, 11 de janeiro de 2022",8569,16,4,R$ 25,R$ 100
5184,"quinta-feira, 20 de janeiro de 2022",5092,16,4,R$ 25,R$ 100
5190,"quinta-feira, 20 de janeiro de 2022",7523,16,4,R$ 25,R$ 100
5197,"quinta-feira, 20 de janeiro de 2022",5559,16,4,R$ 25,R$ 100
5304,"segunda-feira, 24 de janeiro de 2022",5050,16,4,R$ 25,R$ 100
5354,"quarta-feira, 26 de janeiro de 2022",1130,16,4,R$ 25,R$ 100
5390,"sexta-feira, 28 de janeiro de 2022",7674,16,4,R$ 25,R$ 100
5502,"terça-feira, 1 de fevereiro de 2022",10008,16,4,R$ 25,R$ 100
5709,"terça-feira, 8 de fevereiro de 2022",3584,16,4,R$ 25,R$ 100
5837,"sábado, 12 de fevereiro de 2022",1519,16,4,R$ 25,R$ 100
5853,"domingo, 13 de fevereiro de 2022",1310,16,4,R$ 25,R$ 100
5875,"segunda-feira, 14 de fevereiro de 2022",8749,16,4,R$ 25,R$ 100
5877,"segunda-feira, 14 de fevereiro de 2022",7720,16,4,R$ 25,R$ 100
6098,"segunda-feira, 21 de fevereiro de 2022",10001,16,4,R$ 25,R$ 100
6109,"terça-feira, 22 de fevereiro de 2022",6001,16,4,R$ 25,R$ 100
6185,"quinta-feira, 24 de fevereiro de 2022",9808,16,4,R$ 25,R$ 100
6214,"sexta-feira, 25 de fevereiro de 2022",7511,16,4,R$ 25,R$ 100
6277,"domingo, 27 de fevereiro de 2022",8976,16,4,R$ 25,R$ 100
6376,"quinta-feira, 3 de março de 2022",3113,16,4,R$ 25,R$ 100
6393,"sexta-feira, 4 de março de 2022",7934,16,4,R$ 25,R$ 100
6502,"terça-feira, 8 de março de 2022",6788,16,4,R$ 25,R$ 100
6538,"quarta-feira, 9 de março de 2022",5017,16,4,R$ 25,R$ 100
6596,"sexta-feira, 11 de março de 2022",5069,16,4,R$ 25,R$ 100
6639,"domingo, 13 de março de 2022",9150,16,4,R$ 25,R$ 100
6643,"domingo, 13 de março de 2022",5707,16,4,R$ 25,R$ 100
6644,"domingo, 13 de março de 2022",7035,16,4,R$ 25,R$ 100
6783,"sábado, 19 de março de 2022",7723,16,4,R$ 25,R$ 100
6789,"sábado, 19 de março de 2022",2697,16,4,R$ 25,R$ 100
6876,"quarta-feira, 23 de março de 2022",2224,16,4,R$ 25,R$ 100
6887,"quarta-feira, 23 de março de 2022",1532,16,4,R$ 25,R$ 100
6957,"sábado, 26 de março de 2022",815,16,4,R$ 25,R$ 100
6980,"domingo, 27 de março de 2022",1792,16,4,R$ 25,R$ 100
7013,"segunda-feira, 28 de março de 2022",8823,16,4,R$ 25,R$ 100
7024,"segunda-feira, 28 de março de 2022",8947,16,4,R$ 25,R$ 100
7064,"quarta-feira, 30 de março de 2022",2769,16,4,R$ 25,R$ 100
7308,"sexta-feira, 8 de abril de 2022",7952,16,4,R$ 25,R$ 100
7387,"domingo, 10 de abril de 2022",8691,16,4,R$ 25,R$ 100
7409,"segunda-feira, 11 de abril de 2022",8945,16,4,R$ 25,R$ 100
7411,"segunda-feira, 11 de abril de 2022",1202,16,4,R$ 25,R$ 100
7424,"terça-feira, 12 de abril de 2022",5401,16,4,R$ 25,R$ 100
7481,"sexta-feira, 15 de abril de 2022",5294,16,4,R$ 25,R$ 100
7508,"sábado, 16 de abril de 2022",6227,16,4,R$ 25,R$ 100
7553,"domingo, 17 de abril de 2022",9919,16,4,R$ 25,R$ 100
7560,"segunda-feira, 18 de abril de 2022",8164,16,4,R$ 25,R$ 100
7616,"quarta-feira, 20 de abril de 2022",618,16,4,R$ 25,R$ 100
7767,"segunda-feira, 25 de abril de 2022",8020,16,4,R$ 25,R$ 100
7774,"segunda-feira, 25 de abril de 2022",1660,16,4,R$ 25,R$ 100
7877,"sexta-feira, 29 de abril de 2022",3608,16,4,R$ 25,R$ 100
8009,"quarta-feira, 4 de maio de 2022",2548,16,4,R$ 25,R$ 100
8119,"sábado, 7 de maio de 2022",1491,16,4,R$ 25,R$ 100
8134,"domingo, 8 de maio de 2022",4137,16,4,R$ 25,R$ 100
8297,"sábado, 14 de maio de 2022",4490,16,4,R$ 25,R$ 100
8488,"sábado, 21 de maio de 2022",5163,16,4,R$ 25,R$ 100
8544,"segunda-feira, 23 de maio de 2022",42,16,4,R$ 25,R$ 100
8556,"segunda-feira, 23 de maio de 2022",8,16,4,R$ 25,R$ 100
8573,"terça-feira, 24 de maio de 2022",8875,16,4,R$ 25,R$ 100
8700,"sábado, 28 de maio de 2022",3968,16,4,R$ 25,R$ 100
8790,"quarta-feira, 1 de junho de 2022",2646,16,4,R$ 25,R$ 100
8828,"quinta-feira, 2 de junho de 2022",8,16,4,R$ 25,R$ 100
8929,"segunda-feira, 6 de junho de 2022",9868,16,4,R$ 25,R$ 100
9111,"segunda-feira, 13 de junho de 2022",8821,16,4,R$ 25,R$ 100
9151,"terça-feira, 14 de junho de 2022",10119,16,4,R$ 25,R$ 100
9171,"quarta-feira, 15 de junho de 2022",908,16,4,R$ 25,R$ 100
9317,"segunda-feira, 20 de junho de 2022",1590,16,4,R$ 25,R$ 100
9595,"sexta-feira, 1 de julho de 2022",5745,16,4,R$ 25,R$ 100
9597,"sexta-feira, 1 de julho de 2022",1189,16,4,R$ 25,R$ 100
9688,"segunda-feira, 4 de julho de 2022",2482,16,4,R$ 25,R$ 100
9749,"quarta-feira, 6 de julho de 2022",5419,16,4,R$ 25,R$ 100
9781,"quinta-feira, 7 de julho de 2022",3226,16,4,R$ 25,R$ 100
9834,"sábado, 9 de julho de 2022",5877,16,4,R$ 25,R$ 100
9877,"segunda-feira, 11 de julho de 2022",3016,16,4,R$ 25,R$ 100
10101,"segunda-feira, 18 de julho de 2022",2023,16,4,R$ 25,R$ 100
10159,"quarta-feira, 20 de julho de 2022",3858,16,4,R$ 25,R$ 100
10417,"domingo, 31 de julho de 2022",1084,16,4,R$ 25,R$ 100
10483,"terça-feira, 2 de agosto de 2022",47,16,4,R$ 25,R$ 100
10616,"domingo, 7 de agosto de 2022",8148,16,4,R$ 25,R$ 100
10629,"segunda-feira, 8 de agosto de 2022",8336,16,4,R$ 25,R$ 100
10634,"segunda-feira, 8 de agosto de 2022",1862,16,4,R$ 25,R$ 100
10652,"terça-feira, 9 de agosto de 2022",5433,16,4,R$ 25,R$ 100
10787,"sábado, 13 de agosto de 2022",3702,16,4,R$ 25,R$ 100
10839,"segunda-feira, 15 de agosto de 2022",7793,16,4,R$ 25,R$ 100
10934,"sexta-feira, 19 de agosto de 2022",1674,16,4,R$ 25,R$ 100
11053,"quarta-feira, 24 de agosto de 2022",8405,16,4,R$ 25,R$ 100
11087,"quinta-feira, 25 de agosto de 2022",9234,16,4,R$ 25,R$ 100
11143,"sábado, 27 de agosto de 2022",9318,16,4,R$ 25,R$ 100
11204,"terça-feira, 30 de agosto de 2022",4225,16,4,R$ 25,R$ 100
11215,"terça-feira, 30 de agosto de 2022",5398,16,4,R$ 25,R$ 100
11242,"quarta-feira, 31 de agosto de 2022",817,16,4,R$ 25,R$ 100
11254,"quarta-feira, 31 de agosto de 2022",8704,16,4,R$ 25,R$ 100
11269,"quinta-feira, 1 de setembro de 2022",8405,16,4,R$ 25,R$ 100
11455,"sexta-feira, 9 de setembro de 2022",2716,16,4,R$ 25,R$ 100
11564,"segunda-feira, 12 de setembro de 2022",4851,16,4,R$ 25,R$ 100
11625,"quarta-feira, 14 de setembro de 2022",8952,16,4,R$ 25,R$ 100
11627,"quarta-feira, 14 de setembro de 2022",1975,16,4,R$ 25,R$ 100
11645,"quinta-feira, 15 de setembro de 2022",6915,16,4,R$ 25,R$ 100
11673,"sexta-feira, 16 de setembro de 2022",9717,16,4,R$ 25,R$ 100
11675,"sexta-feira, 16 de setembro de 2022",321,16,4,R$ 25,R$ 100
11680,"sexta-feira, 16 de setembro de 2022",8074,16,4,R$ 25,R$ 100
11710,"domingo, 18 de setembro de 2022",3805,16,4,R$ 25,R$ 100
11999,"terça-feira, 27 de setembro de 2022",5728,16,4,R$ 25,R$ 100
12056,"quinta-feira, 29 de setembro de 2022",9928,16,4,R$ 25,R$ 100
12087,"sábado, 1 de outubro de 2022",3957,16,4,R$ 25,R$ 100
12088,"sábado, 1 de outubro de 2022",8960,16,4,R$ 25,R$ 100
12133,"domingo, 2 de outubro de 2022",472,16,4,R$ 25,R$ 100
12203,"quarta-feira, 5 de outubro de 2022",2933,16,4,R$ 25,R$ 100
12291,"sábado, 8 de outubro de 2022",4033,16,4,R$ 25,R$ 100
12423,"quinta-feira, 13 de outubro de 2022",731,16,4,R$ 25,R$ 100
12446,"sexta-feira, 14 de outubro de 2022",5140,16,4,R$ 25,R$ 100
12562,"quarta-feira, 19 de outubro de 2022",4579,16,4,R$ 25,R$ 100
12566,"quarta-feira, 19 de outubro de 2022",1845,16,4,R$ 25,R$ 100
12577,"quarta-feira, 19 de outubro de 2022",6066,16,4,R$ 25,R$ 100
12599,"quinta-feira, 20 de outubro de 2022",8228,16,4,R$ 25,R$ 100
12616,"quinta-feira, 20 de outubro de 2022",3395,16,4,R$ 25,R$ 100
12637,"sexta-feira, 21 de outubro de 2022",7274,16,4,R$ 25,R$ 100
12670,"sábado, 22 de outubro de 2022",7209,16,4,R$ 25,R$ 100
12770,"terça-feira, 25 de outubro de 2022",7448,16,4,R$ 25,R$ 100
13075,"sábado, 5 de novembro de 2022",2771,16,4,R$ 25,R$ 100
13128,"segunda-feira, 7 de novembro de 2022",8497,16,4,R$ 25,R$ 100
13261,"sábado, 12 de novembro de 2022",3533,16,4,R$ 25,R$ 100
13286,"domingo, 13 de novembro de 2022",5533,16,4,R$ 25,R$ 100
13417,"quinta-feira, 17 de novembro de 2022",573,16,4,R$ 25,R$ 100
13426,"sexta-feira, 18 de novembro de 2022",1542,16,4,R$ 25,R$ 100
13427,"sexta-feira, 18 de novembro de 2022",5032,16,4,R$ 25,R$ 100
13451,"sábado, 19 de novembro de 2022",8388,16,4,R$ 25,R$ 100
13485,"domingo, 20 de novembro de 2022",913,16,4,R$ 25,R$ 100
13581,"quinta-feira, 24 de novembro de 2022",117,16,4,R$ 25,R$ 100
13654,"domingo, 27 de novembro de 2022",8355,16,4,R$ 25,R$ 100
13672,"segunda-feira, 28 de novembro de 2022",8542,16,4,R$ 25,R$ 100
13759,"sexta-feira, 2 de dezembro de 2022",6289,16,4,R$ 25,R$ 100
13764,"sexta-feira, 2 de dezembro de 2022",4700,16,4,R$ 25,R$ 100
13785,"sábado, 3 de dezembro de 2022",7836,16,4,R$ 25,R$ 100
13932,"terça-feira, 13 de dezembro de 2022",1861,16,4,R$ 25,R$ 100
13951,"quarta-feira, 14 de dezembro de 2022",6717,16,4,R$ 25,R$ 100
14012,"quinta-feira, 22 de dezembro de 2022",2656,16,4,R$ 25,R$ 100
30,"domingo, 17 de janeiro de 2021",9554,12,4,R$ 46,R$ 184
73,"sexta-feira, 8 de janeiro de 2021",711,12,4,R$ 46,R$ 184
146,"segunda-feira, 18 de janeiro de 2021",1748,12,4,R$ 46,R$ 184
208,"domingo, 24 de janeiro de 2021",2158,12,4,R$ 46,R$ 184
285,"domingo, 31 de janeiro de 2021",7801,12,4,R$ 46,R$ 184
338,"quarta-feira, 3 de fevereiro de 2021",8427,12,4,R$ 46,R$ 184
382,"domingo, 7 de fevereiro de 2021",4337,12,4,R$ 46,R$ 184
435,"sexta-feira, 12 de fevereiro de 2021",1897,12,4,R$ 46,R$ 184
491,"terça-feira, 16 de fevereiro de 2021",4543,12,4,R$ 46,R$ 184
777,"quarta-feira, 10 de março de 2021",8442,12,4,R$ 46,R$ 184
947,"domingo, 21 de março de 2021",3942,12,4,R$ 46,R$ 184
957,"segunda-feira, 22 de março de 2021",4376,12,4,R$ 46,R$ 184
1062,"segunda-feira, 29 de março de 2021",6114,12,4,R$ 46,R$ 184
1113,"quinta-feira, 1 de abril de 2021",1168,12,4,R$ 46,R$ 184
1231,"sábado, 10 de abril de 2021",6708,12,4,R$ 46,R$ 184
1357,"domingo, 18 de abril de 2021",8524,12,4,R$ 46,R$ 184
1433,"sexta-feira, 23 de abril de 2021",5556,12,4,R$ 46,R$ 184
1524,"sexta-feira, 30 de abril de 2021",472,12,4,R$ 46,R$ 184
1546,"domingo, 2 de maio de 2021",6511,12,4,R$ 46,R$ 184
1616,"quinta-feira, 6 de maio de 2021",3288,12,4,R$ 46,R$ 184
1652,"domingo, 9 de maio de 2021",6692,12,4,R$ 46,R$ 184
1733,"domingo, 16 de maio de 2021",7255,12,4,R$ 46,R$ 184
1735,"domingo, 16 de maio de 2021",901,12,4,R$ 46,R$ 184
1793,"quinta-feira, 20 de maio de 2021",1979,12,4,R$ 46,R$ 184
1799,"sexta-feira, 21 de maio de 2021",9815,12,4,R$ 46,R$ 184
1920,"domingo, 30 de maio de 2021",5990,12,4,R$ 46,R$ 184
2115,"quarta-feira, 16 de junho de 2021",5040,12,4,R$ 46,R$ 184
2122,"sexta-feira, 18 de junho de 2021",8427,12,4,R$ 46,R$ 184
2171,"segunda-feira, 21 de junho de 2021",1622,12,4,R$ 46,R$ 184
2243,"domingo, 27 de junho de 2021",8138,12,4,R$ 46,R$ 184
2344,"terça-feira, 6 de julho de 2021",1446,12,4,R$ 46,R$ 184
2466,"sexta-feira, 16 de julho de 2021",1003,12,4,R$ 46,R$ 184
2603,"segunda-feira, 26 de julho de 2021",10176,12,4,R$ 46,R$ 184
2649,"sexta-feira, 30 de julho de 2021",9134,12,4,R$ 46,R$ 184
2670,"domingo, 1 de agosto de 2021",5307,12,4,R$ 46,R$ 184
2676,"segunda-feira, 2 de agosto de 2021",5088,12,4,R$ 46,R$ 184
2723,"quinta-feira, 5 de agosto de 2021",547,12,4,R$ 46,R$ 184
2727,"sexta-feira, 6 de agosto de 2021",8373,12,4,R$ 46,R$ 184
2779,"segunda-feira, 9 de agosto de 2021",5686,12,4,R$ 46,R$ 184
2783,"terça-feira, 10 de agosto de 2021",1415,12,4,R$ 46,R$ 184
2905,"sexta-feira, 20 de agosto de 2021",9129,12,4,R$ 46,R$ 184
2937,"domingo, 22 de agosto de 2021",8124,12,4,R$ 46,R$ 184
2988,"sexta-feira, 27 de agosto de 2021",7274,12,4,R$ 46,R$ 184
3018,"domingo, 29 de agosto de 2021",5992,12,4,R$ 46,R$ 184
3068,"sexta-feira, 3 de setembro de 2021",624,12,4,R$ 46,R$ 184
3140,"quinta-feira, 9 de setembro de 2021",8117,12,4,R$ 46,R$ 184
3274,"domingo, 19 de setembro de 2021",2981,12,4,R$ 46,R$ 184
3305,"quinta-feira, 23 de setembro de 2021",4792,12,4,R$ 46,R$ 184
3381,"quinta-feira, 30 de setembro de 2021",3178,12,4,R$ 46,R$ 184
3418,"domingo, 3 de outubro de 2021",9974,12,4,R$ 46,R$ 184
3529,"domingo, 10 de outubro de 2021",1491,12,4,R$ 46,R$ 184
3592,"sexta-feira, 15 de outubro de 2021",4697,12,4,R$ 46,R$ 184
3626,"terça-feira, 19 de outubro de 2021",9603,12,4,R$ 46,R$ 184
3680,"domingo, 24 de outubro de 2021",1605,12,4,R$ 46,R$ 184
3693,"segunda-feira, 25 de outubro de 2021",7232,12,4,R$ 46,R$ 184
3783,"segunda-feira, 1 de novembro de 2021",10075,12,4,R$ 46,R$ 184
3814,"quarta-feira, 3 de novembro de 2021",4619,12,4,R$ 46,R$ 184
3856,"sábado, 6 de novembro de 2021",3709,12,4,R$ 46,R$ 184
3877,"segunda-feira, 8 de novembro de 2021",4175,12,4,R$ 46,R$ 184
3917,"quinta-feira, 11 de novembro de 2021",3442,12,4,R$ 46,R$ 184
3961,"segunda-feira, 15 de novembro de 2021",5147,12,4,R$ 46,R$ 184
4203,"quinta-feira, 2 de dezembro de 2021",9276,12,4,R$ 46,R$ 184
4208,"quinta-feira, 2 de dezembro de 2021",10173,12,4,R$ 46,R$ 184
4214,"quinta-feira, 2 de dezembro de 2021",4490,12,4,R$ 46,R$ 184
4286,"terça-feira, 7 de dezembro de 2021",1656,12,4,R$ 46,R$ 184
4301,"quarta-feira, 8 de dezembro de 2021",4693,12,4,R$ 46,R$ 184
4304,"quarta-feira, 8 de dezembro de 2021",5230,12,4,R$ 46,R$ 184
4368,"domingo, 12 de dezembro de 2021",448,12,4,R$ 46,R$ 184
4715,"sexta-feira, 31 de dezembro de 2021",767,12,4,R$ 46,R$ 184
4768,"domingo, 2 de janeiro de 2022",4914,12,4,R$ 46,R$ 184
4798,"segunda-feira, 3 de janeiro de 2022",4571,12,4,R$ 46,R$ 184
4883,"sexta-feira, 7 de janeiro de 2022",2143,12,4,R$ 46,R$ 184
4940,"domingo, 9 de janeiro de 2022",9187,12,4,R$ 46,R$ 184
4995,"quarta-feira, 12 de janeiro de 2022",897,12,4,R$ 46,R$ 184
5040,"sexta-feira, 14 de janeiro de 2022",9187,12,4,R$ 46,R$ 184
5053,"sexta-feira, 14 de janeiro de 2022",1056,12,4,R$ 46,R$ 184
5086,"sábado, 15 de janeiro de 2022",2790,12,4,R$ 46,R$ 184
5157,"quarta-feira, 19 de janeiro de 2022",3524,12,4,R$ 46,R$ 184
5169,"quarta-feira, 19 de janeiro de 2022",7874,12,4,R$ 46,R$ 184
5194,"quinta-feira, 20 de janeiro de 2022",8843,12,4,R$ 46,R$ 184
5394,"sexta-feira, 28 de janeiro de 2022",7633,12,4,R$ 46,R$ 184
5395,"sexta-feira, 28 de janeiro de 2022",3225,12,4,R$ 46,R$ 184
5412,"sábado, 29 de janeiro de 2022",6161,12,4,R$ 46,R$ 184
5522,"terça-feira, 1 de fevereiro de 2022",3941,12,4,R$ 46,R$ 184
5558,"quarta-feira, 2 de fevereiro de 2022",8287,12,4,R$ 46,R$ 184
5602,"sexta-feira, 4 de fevereiro de 2022",2023,12,4,R$ 46,R$ 184
5639,"sábado, 5 de fevereiro de 2022",8435,12,4,R$ 46,R$ 184
5717,"terça-feira, 8 de fevereiro de 2022",4325,12,4,R$ 46,R$ 184
5932,"quarta-feira, 16 de fevereiro de 2022",1164,12,4,R$ 46,R$ 184
5958,"quinta-feira, 17 de fevereiro de 2022",5642,12,4,R$ 46,R$ 184
6063,"domingo, 20 de fevereiro de 2022",3533,12,4,R$ 46,R$ 184
6075,"domingo, 20 de fevereiro de 2022",9897,12,4,R$ 46,R$ 184
6159,"quarta-feira, 23 de fevereiro de 2022",7234,12,4,R$ 46,R$ 184
6163,"quarta-feira, 23 de fevereiro de 2022",7224,12,4,R$ 46,R$ 184
6254,"domingo, 27 de fevereiro de 2022",1972,12,4,R$ 46,R$ 184
6325,"terça-feira, 1 de março de 2022",9807,12,4,R$ 46,R$ 184
6417,"sábado, 5 de março de 2022",6315,12,4,R$ 46,R$ 184
6443,"domingo, 6 de março de 2022",3366,12,4,R$ 46,R$ 184
6591,"sexta-feira, 11 de março de 2022",1418,12,4,R$ 46,R$ 184
6634,"domingo, 13 de março de 2022",614,12,4,R$ 46,R$ 184
6646,"domingo, 13 de março de 2022",6113,12,4,R$ 46,R$ 184
6663,"segunda-feira, 14 de março de 2022",8815,12,4,R$ 46,R$ 184
6724,"quarta-feira, 16 de março de 2022",2718,12,4,R$ 46,R$ 184
6754,"sexta-feira, 18 de março de 2022",4260,12,4,R$ 46,R$ 184
6782,"sábado, 19 de março de 2022",7158,12,4,R$ 46,R$ 184
6828,"segunda-feira, 21 de março de 2022",352,12,4,R$ 46,R$ 184
6843,"segunda-feira, 21 de março de 2022",3755,12,4,R$ 46,R$ 184
6854,"terça-feira, 22 de março de 2022",2242,12,4,R$ 46,R$ 184
7028,"segunda-feira, 28 de março de 2022",9469,12,4,R$ 46,R$ 184
7044,"terça-feira, 29 de março de 2022",992,12,4,R$ 46,R$ 184
7096,"quinta-feira, 31 de março de 2022",1035,12,4,R$ 46,R$ 184
7203,"segunda-feira, 4 de abril de 2022",1553,12,4,R$ 46,R$ 184
7276,"quinta-feira, 7 de abril de 2022",3747,12,4,R$ 46,R$ 184
7325,"sexta-feira, 8 de abril de 2022",8683,12,4,R$ 46,R$ 184
7346,"sábado, 9 de abril de 2022",5294,12,4,R$ 46,R$ 184
7648,"quarta-feira, 20 de abril de 2022",7848,12,4,R$ 46,R$ 184
7835,"quarta-feira, 27 de abril de 2022",2924,12,4,R$ 46,R$ 184
7853,"quinta-feira, 28 de abril de 2022",3904,12,4,R$ 46,R$ 184
7858,"quinta-feira, 28 de abril de 2022",3138,12,4,R$ 46,R$ 184
7867,"sexta-feira, 29 de abril de 2022",7705,12,4,R$ 46,R$ 184
7875,"sexta-feira, 29 de abril de 2022",3501,12,4,R$ 46,R$ 184
7969,"segunda-feira, 2 de maio de 2022",3858,12,4,R$ 46,R$ 184
7996,"terça-feira, 3 de maio de 2022",2852,12,4,R$ 46,R$ 184
8012,"quarta-feira, 4 de maio de 2022",8892,12,4,R$ 46,R$ 184
8045,"quinta-feira, 5 de maio de 2022",6533,12,4,R$ 46,R$ 184
8059,"sexta-feira, 6 de maio de 2022",1792,12,4,R$ 46,R$ 184
8153,"domingo, 8 de maio de 2022",4871,12,4,R$ 46,R$ 184
8167,"segunda-feira, 9 de maio de 2022",2846,12,4,R$ 46,R$ 184
8187,"terça-feira, 10 de maio de 2022",5823,12,4,R$ 46,R$ 184
8215,"quarta-feira, 11 de maio de 2022",1329,12,4,R$ 46,R$ 184
8217,"quarta-feira, 11 de maio de 2022",4941,12,4,R$ 46,R$ 184
8281,"sexta-feira, 13 de maio de 2022",824,12,4,R$ 46,R$ 184
8438,"sexta-feira, 20 de maio de 2022",9166,12,4,R$ 46,R$ 184
8531,"segunda-feira, 23 de maio de 2022",6174,12,4,R$ 46,R$ 184
8559,"segunda-feira, 23 de maio de 2022",5666,12,4,R$ 46,R$ 184
8654,"sexta-feira, 27 de maio de 2022",3857,12,4,R$ 46,R$ 184
8689,"sábado, 28 de maio de 2022",3858,12,4,R$ 46,R$ 184
8702,"sábado, 28 de maio de 2022",9619,12,4,R$ 46,R$ 184
9073,"sábado, 11 de junho de 2022",8405,12,4,R$ 46,R$ 184
9078,"sábado, 11 de junho de 2022",1877,12,4,R$ 46,R$ 184
9149,"terça-feira, 14 de junho de 2022",1614,12,4,R$ 46,R$ 184
9167,"quarta-feira, 15 de junho de 2022",1636,12,4,R$ 46,R$ 184
9213,"sexta-feira, 17 de junho de 2022",1528,12,4,R$ 46,R$ 184
9355,"quarta-feira, 22 de junho de 2022",1352,12,4,R$ 46,R$ 184
9385,"quinta-feira, 23 de junho de 2022",3442,12,4,R$ 46,R$ 184
9484,"segunda-feira, 27 de junho de 2022",6076,12,4,R$ 46,R$ 184
9488,"segunda-feira, 27 de junho de 2022",9208,12,4,R$ 46,R$ 184
9580,"quinta-feira, 30 de junho de 2022",2790,12,4,R$ 46,R$ 184
9584,"quinta-feira, 30 de junho de 2022",4325,12,4,R$ 46,R$ 184
9676,"segunda-feira, 4 de julho de 2022",8400,12,4,R$ 46,R$ 184
9816,"sexta-feira, 8 de julho de 2022",7134,12,4,R$ 46,R$ 184
9903,"terça-feira, 12 de julho de 2022",3601,12,4,R$ 46,R$ 184
9924,"terça-feira, 12 de julho de 2022",8169,12,4,R$ 46,R$ 184
9931,"quarta-feira, 13 de julho de 2022",6440,12,4,R$ 46,R$ 184
9958,"quarta-feira, 13 de julho de 2022",6222,12,4,R$ 46,R$ 184
9983,"quinta-feira, 14 de julho de 2022",5102,12,4,R$ 46,R$ 184
10132,"terça-feira, 19 de julho de 2022",9985,12,4,R$ 46,R$ 184
10182,"quinta-feira, 21 de julho de 2022",8203,12,4,R$ 46,R$ 184
10224,"sábado, 23 de julho de 2022",8568,12,4,R$ 46,R$ 184
10230,"sábado, 23 de julho de 2022",1271,12,4,R$ 46,R$ 184
10308,"terça-feira, 26 de julho de 2022",7099,12,4,R$ 46,R$ 184
10356,"quinta-feira, 28 de julho de 2022",6151,12,4,R$ 46,R$ 184
10369,"sexta-feira, 29 de julho de 2022",7704,12,4,R$ 46,R$ 184
10418,"domingo, 31 de julho de 2022",7976,12,4,R$ 46,R$ 184
10814,"domingo, 14 de agosto de 2022",7970,12,4,R$ 46,R$ 184
10830,"segunda-feira, 15 de agosto de 2022",2139,12,4,R$ 46,R$ 184
10867,"terça-feira, 16 de agosto de 2022",2324,12,4,R$ 46,R$ 184
11038,"terça-feira, 23 de agosto de 2022",7813,12,4,R$ 46,R$ 184
11161,"domingo, 28 de agosto de 2022",2201,12,4,R$ 46,R$ 184
11191,"segunda-feira, 29 de agosto de 2022",3725,12,4,R$ 46,R$ 184
11341,"domingo, 4 de setembro de 2022",4831,12,4,R$ 46,R$ 184
11389,"terça-feira, 6 de setembro de 2022",8647,12,4,R$ 46,R$ 184
11423,"quarta-feira, 7 de setembro de 2022",7231,12,4,R$ 46,R$ 184
11442,"quinta-feira, 8 de setembro de 2022",3912,12,4,R$ 46,R$ 184
11490,"sábado, 10 de setembro de 2022",1930,12,4,R$ 46,R$ 184
11492,"sábado, 10 de setembro de 2022",8928,12,4,R$ 46,R$ 184
11555,"segunda-feira, 12 de setembro de 2022",1185,12,4,R$ 46,R$ 184
11618,"quarta-feira, 14 de setembro de 2022",2118,12,4,R$ 46,R$ 184
11874,"sexta-feira, 23 de setembro de 2022",2511,12,4,R$ 46,R$ 184
12120,"domingo, 2 de outubro de 2022",771,12,4,R$ 46,R$ 184
12253,"sexta-feira, 7 de outubro de 2022",8228,12,4,R$ 46,R$ 184
12353,"terça-feira, 11 de outubro de 2022",4761,12,4,R$ 46,R$ 184
12375,"quarta-feira, 12 de outubro de 2022",2952,12,4,R$ 46,R$ 184
12449,"sexta-feira, 14 de outubro de 2022",1268,12,4,R$ 46,R$ 184
12469,"sábado, 15 de outubro de 2022",2638,12,4,R$ 46,R$ 184
12473,"sábado, 15 de outubro de 2022",3756,12,4,R$ 46,R$ 184
12648,"sexta-feira, 21 de outubro de 2022",3608,12,4,R$ 46,R$ 184
12709,"segunda-feira, 24 de outubro de 2022",238,12,4,R$ 46,R$ 184
12719,"segunda-feira, 24 de outubro de 2022",3826,12,4,R$ 46,R$ 184
12773,"quarta-feira, 26 de outubro de 2022",4742,12,4,R$ 46,R$ 184
12774,"quarta-feira, 26 de outubro de 2022",1339,12,4,R$ 46,R$ 184
12778,"quarta-feira, 26 de outubro de 2022",7589,12,4,R$ 46,R$ 184
12893,"domingo, 30 de outubro de 2022",4861,12,4,R$ 46,R$ 184
12925,"segunda-feira, 31 de outubro de 2022",4176,12,4,R$ 46,R$ 184
13073,"sábado, 5 de novembro de 2022",950,12,4,R$ 46,R$ 184
13174,"quarta-feira, 9 de novembro de 2022",4514,12,4,R$ 46,R$ 184
13265,"sábado, 12 de novembro de 2022",2844,12,4,R$ 46,R$ 184
13325,"segunda-feira, 14 de novembro de 2022",3762,12,4,R$ 46,R$ 184
13336,"segunda-feira, 14 de novembro de 2022",938,12,4,R$ 46,R$ 184
13337,"segunda-feira, 14 de novembro de 2022",728,12,4,R$ 46,R$ 184
13409,"quinta-feira, 17 de novembro de 2022",1935,12,4,R$ 46,R$ 184
13532,"terça-feira, 22 de novembro de 2022",1853,12,4,R$ 46,R$ 184
13564,"quarta-feira, 23 de novembro de 2022",8487,12,4,R$ 46,R$ 184
13615,"sexta-feira, 25 de novembro de 2022",8731,12,4,R$ 46,R$ 184
13674,"segunda-feira, 28 de novembro de 2022",3225,12,4,R$ 46,R$ 184
13721,"quarta-feira, 30 de novembro de 2022",5294,12,4,R$ 46,R$ 184
13865,"sexta-feira, 9 de dezembro de 2022",3728,12,4,R$ 46,R$ 184
13983,"segunda-feira, 19 de dezembro de 2022",2094,12,4,R$ 46,R$ 184
87,"segunda-feira, 11 de janeiro de 2021",7493,18,4,R$ 45,R$ 180
114,"quinta-feira, 14 de janeiro de 2021",5649,18,4,R$ 45,R$ 180
250,"quinta-feira, 28 de janeiro de 2021",1758,18,4,R$ 45,R$ 180
525,"sexta-feira, 19 de fevereiro de 2021",1074,18,4,R$ 45,R$ 180
547,"domingo, 21 de fevereiro de 2021",6001,18,4,R$ 45,R$ 180
555,"segunda-feira, 22 de fevereiro de 2021",9187,18,4,R$ 45,R$ 180
567,"terça-feira, 23 de fevereiro de 2021",9826,18,4,R$ 45,R$ 180
712,"sexta-feira, 5 de março de 2021",7930,18,4,R$ 45,R$ 180
779,"quarta-feira, 10 de março de 2021",6138,18,4,R$ 45,R$ 180
782,"quarta-feira, 10 de março de 2021",1990,18,4,R$ 45,R$ 180
851,"segunda-feira, 15 de março de 2021",5293,18,4,R$ 45,R$ 180
867,"terça-feira, 16 de março de 2021",7996,18,4,R$ 45,R$ 180
1090,"terça-feira, 30 de março de 2021",4162,18,4,R$ 45,R$ 180
1234,"sábado, 10 de abril de 2021",6912,18,4,R$ 45,R$ 180
1259,"segunda-feira, 12 de abril de 2021",341,18,4,R$ 45,R$ 180
1348,"sábado, 17 de abril de 2021",4693,18,4,R$ 45,R$ 180
1370,"segunda-feira, 19 de abril de 2021",770,18,4,R$ 45,R$ 180
1462,"domingo, 25 de abril de 2021",5174,18,4,R$ 45,R$ 180
1509,"quinta-feira, 29 de abril de 2021",7486,18,4,R$ 45,R$ 180
1532,"sábado, 1 de maio de 2021",44,18,4,R$ 45,R$ 180
1681,"terça-feira, 11 de maio de 2021",8359,18,4,R$ 45,R$ 180
1835,"domingo, 23 de maio de 2021",7830,18,4,R$ 45,R$ 180
1877,"quinta-feira, 27 de maio de 2021",10176,18,4,R$ 45,R$ 180
1889,"sexta-feira, 28 de maio de 2021",329,18,4,R$ 45,R$ 180
1937,"terça-feira, 1 de junho de 2021",5682,18,4,R$ 45,R$ 180
1989,"sexta-feira, 4 de junho de 2021",4522,18,4,R$ 45,R$ 180
2066,"sábado, 12 de junho de 2021",3282,18,4,R$ 45,R$ 180
2085,"segunda-feira, 14 de junho de 2021",161,18,4,R$ 45,R$ 180
2113,"quarta-feira, 16 de junho de 2021",7190,18,4,R$ 45,R$ 180
2185,"terça-feira, 22 de junho de 2021",905,18,4,R$ 45,R$ 180
2209,"quinta-feira, 24 de junho de 2021",7001,18,4,R$ 45,R$ 180
2276,"terça-feira, 29 de junho de 2021",4364,18,4,R$ 45,R$ 180
2287,"quarta-feira, 30 de junho de 2021",1297,18,4,R$ 45,R$ 180
2345,"terça-feira, 6 de julho de 2021",8202,18,4,R$ 45,R$ 180
2353,"terça-feira, 6 de julho de 2021",4767,18,4,R$ 45,R$ 180
2443,"quarta-feira, 14 de julho de 2021",6113,18,4,R$ 45,R$ 180
2473,"sexta-feira, 16 de julho de 2021",1341,18,4,R$ 45,R$ 180
2533,"quarta-feira, 21 de julho de 2021",6760,18,4,R$ 45,R$ 180
2811,"quinta-feira, 12 de agosto de 2021",4453,18,4,R$ 45,R$ 180
2884,"quinta-feira, 19 de agosto de 2021",9491,18,4,R$ 45,R$ 180
3165,"sábado, 11 de setembro de 2021",4844,18,4,R$ 45,R$ 180
3179,"domingo, 12 de setembro de 2021",5805,18,4,R$ 45,R$ 180
3205,"terça-feira, 14 de setembro de 2021",10243,18,4,R$ 45,R$ 180
3299,"quarta-feira, 22 de setembro de 2021",1089,18,4,R$ 45,R$ 180
3306,"quinta-feira, 23 de setembro de 2021",5192,18,4,R$ 45,R$ 180
3311,"sexta-feira, 24 de setembro de 2021",8275,18,4,R$ 45,R$ 180
3398,"sábado, 2 de outubro de 2021",7573,18,4,R$ 45,R$ 180
3516,"sábado, 9 de outubro de 2021",7571,18,4,R$ 45,R$ 180
3591,"sexta-feira, 15 de outubro de 2021",779,18,4,R$ 45,R$ 180
3617,"segunda-feira, 18 de outubro de 2021",1282,18,4,R$ 45,R$ 180
3891,"terça-feira, 9 de novembro de 2021",1729,18,4,R$ 45,R$ 180
4159,"domingo, 28 de novembro de 2021",2893,18,4,R$ 45,R$ 180
4193,"quarta-feira, 1 de dezembro de 2021",9065,18,4,R$ 45,R$ 180
4397,"terça-feira, 14 de dezembro de 2021",6712,18,4,R$ 45,R$ 180
4477,"domingo, 19 de dezembro de 2021",5696,18,4,R$ 45,R$ 180
4501,"segunda-feira, 20 de dezembro de 2021",9065,18,4,R$ 45,R$ 180
4583,"sábado, 25 de dezembro de 2021",1666,18,4,R$ 45,R$ 180
4603,"domingo, 26 de dezembro de 2021",5171,18,4,R$ 45,R$ 180
4627,"segunda-feira, 27 de dezembro de 2021",5280,18,4,R$ 45,R$ 180
4629,"segunda-feira, 27 de dezembro de 2021",9578,18,4,R$ 45,R$ 180
4633,"segunda-feira, 27 de dezembro de 2021",9951,18,4,R$ 45,R$ 180
4683,"quinta-feira, 30 de dezembro de 2021",4634,18,4,R$ 45,R$ 180
4722,"sexta-feira, 31 de dezembro de 2021",7063,18,4,R$ 45,R$ 180
4815,"terça-feira, 4 de janeiro de 2022",9063,18,4,R$ 45,R$ 180
4916,"sábado, 8 de janeiro de 2022",1056,18,4,R$ 45,R$ 180
5023,"quinta-feira, 13 de janeiro de 2022",3239,18,4,R$ 45,R$ 180
5101,"domingo, 16 de janeiro de 2022",4204,18,4,R$ 45,R$ 180
5233,"sexta-feira, 21 de janeiro de 2022",9943,18,4,R$ 45,R$ 180
5246,"sábado, 22 de janeiro de 2022",398,18,4,R$ 45,R$ 180
5292,"segunda-feira, 24 de janeiro de 2022",7702,18,4,R$ 45,R$ 180
5466,"segunda-feira, 31 de janeiro de 2022",5206,18,4,R$ 45,R$ 180
5510,"terça-feira, 1 de fevereiro de 2022",9863,18,4,R$ 45,R$ 180
5637,"sábado, 5 de fevereiro de 2022",8239,18,4,R$ 45,R$ 180
5679,"segunda-feira, 7 de fevereiro de 2022",5410,18,4,R$ 45,R$ 180
5838,"sábado, 12 de fevereiro de 2022",1550,18,4,R$ 45,R$ 180
5879,"segunda-feira, 14 de fevereiro de 2022",6433,18,4,R$ 45,R$ 180
5943,"quarta-feira, 16 de fevereiro de 2022",1093,18,4,R$ 45,R$ 180
6037,"sábado, 19 de fevereiro de 2022",7068,18,4,R$ 45,R$ 180
6052,"domingo, 20 de fevereiro de 2022",5388,18,4,R$ 45,R$ 180
6059,"domingo, 20 de fevereiro de 2022",7711,18,4,R$ 45,R$ 180
6124,"terça-feira, 22 de fevereiro de 2022",4490,18,4,R$ 45,R$ 180
6140,"quarta-feira, 23 de fevereiro de 2022",2862,18,4,R$ 45,R$ 180
6153,"quarta-feira, 23 de fevereiro de 2022",7872,18,4,R$ 45,R$ 180
6178,"quinta-feira, 24 de fevereiro de 2022",26,18,4,R$ 45,R$ 180
6292,"segunda-feira, 28 de fevereiro de 2022",1720,18,4,R$ 45,R$ 180
6342,"quarta-feira, 2 de março de 2022",7946,18,4,R$ 45,R$ 180
6384,"quinta-feira, 3 de março de 2022",5303,18,4,R$ 45,R$ 180
6418,"sábado, 5 de março de 2022",8846,18,4,R$ 45,R$ 180
6426,"sábado, 5 de março de 2022",491,18,4,R$ 45,R$ 180
6489,"segunda-feira, 7 de março de 2022",472,18,4,R$ 45,R$ 180
6628,"domingo, 13 de março de 2022",9815,18,4,R$ 45,R$ 180
6739,"quinta-feira, 17 de março de 2022",2464,18,4,R$ 45,R$ 180
6963,"sábado, 26 de março de 2022",7121,18,4,R$ 45,R$ 180
6973,"sábado, 26 de março de 2022",7223,18,4,R$ 45,R$ 180
6974,"sábado, 26 de março de 2022",9064,18,4,R$ 45,R$ 180
7021,"segunda-feira, 28 de março de 2022",5726,18,4,R$ 45,R$ 180
7066,"quarta-feira, 30 de março de 2022",5738,18,4,R$ 45,R$ 180
7073,"quarta-feira, 30 de março de 2022",1686,18,4,R$ 45,R$ 180
7179,"domingo, 3 de abril de 2022",4637,18,4,R$ 45,R$ 180
7231,"terça-feira, 5 de abril de 2022",9909,18,4,R$ 45,R$ 180
7326,"sexta-feira, 8 de abril de 2022",1578,18,4,R$ 45,R$ 180
7404,"segunda-feira, 11 de abril de 2022",1041,18,4,R$ 45,R$ 180
7682,"sexta-feira, 22 de abril de 2022",4620,18,4,R$ 45,R$ 180
7712,"sábado, 23 de abril de 2022",4676,18,4,R$ 45,R$ 180
7829,"quarta-feira, 27 de abril de 2022",3974,18,4,R$ 45,R$ 180
7883,"sexta-feira, 29 de abril de 2022",2224,18,4,R$ 45,R$ 180
7895,"sexta-feira, 29 de abril de 2022",7039,18,4,R$ 45,R$ 180
8000,"terça-feira, 3 de maio de 2022",1286,18,4,R$ 45,R$ 180
8015,"quarta-feira, 4 de maio de 2022",8279,18,4,R$ 45,R$ 180
8266,"sexta-feira, 13 de maio de 2022",5594,18,4,R$ 45,R$ 180
8302,"sábado, 14 de maio de 2022",5315,18,4,R$ 45,R$ 180
8377,"terça-feira, 17 de maio de 2022",8902,18,4,R$ 45,R$ 180
8422,"quinta-feira, 19 de maio de 2022",2272,18,4,R$ 45,R$ 180
8499,"sábado, 21 de maio de 2022",1959,18,4,R$ 45,R$ 180
8594,"quarta-feira, 25 de maio de 2022",3634,18,4,R$ 45,R$ 180
8749,"segunda-feira, 30 de maio de 2022",8915,18,4,R$ 45,R$ 180
8909,"domingo, 5 de junho de 2022",1759,18,4,R$ 45,R$ 180
9027,"quinta-feira, 9 de junho de 2022",1753,18,4,R$ 45,R$ 180
9071,"sábado, 11 de junho de 2022",2646,18,4,R$ 45,R$ 180
9075,"sábado, 11 de junho de 2022",8530,18,4,R$ 45,R$ 180
9087,"domingo, 12 de junho de 2022",4221,18,4,R$ 45,R$ 180
9132,"terça-feira, 14 de junho de 2022",1571,18,4,R$ 45,R$ 180
9184,"quarta-feira, 15 de junho de 2022",4614,18,4,R$ 45,R$ 180
9223,"sexta-feira, 17 de junho de 2022",7887,18,4,R$ 45,R$ 180
9312,"segunda-feira, 20 de junho de 2022",5342,18,4,R$ 45,R$ 180
9380,"quarta-feira, 22 de junho de 2022",6291,18,4,R$ 45,R$ 180
9399,"quinta-feira, 23 de junho de 2022",6240,18,4,R$ 45,R$ 180
9424,"sexta-feira, 24 de junho de 2022",5050,18,4,R$ 45,R$ 180
9535,"quarta-feira, 29 de junho de 2022",2550,18,4,R$ 45,R$ 180
9567,"quinta-feira, 30 de junho de 2022",4771,18,4,R$ 45,R$ 180
9646,"domingo, 3 de julho de 2022",4029,18,4,R$ 45,R$ 180
9648,"domingo, 3 de julho de 2022",5844,18,4,R$ 45,R$ 180
9662,"domingo, 3 de julho de 2022",2068,18,4,R$ 45,R$ 180
9785,"quinta-feira, 7 de julho de 2022",9125,18,4,R$ 45,R$ 180
9945,"quarta-feira, 13 de julho de 2022",9504,18,4,R$ 45,R$ 180
9973,"quinta-feira, 14 de julho de 2022",5350,18,4,R$ 45,R$ 180
9992,"sexta-feira, 15 de julho de 2022",1942,18,4,R$ 45,R$ 180
10023,"sábado, 16 de julho de 2022",5071,18,4,R$ 45,R$ 180
10106,"segunda-feira, 18 de julho de 2022",9601,18,4,R$ 45,R$ 180
10157,"quarta-feira, 20 de julho de 2022",262,18,4,R$ 45,R$ 180
10163,"quarta-feira, 20 de julho de 2022",7342,18,4,R$ 45,R$ 180
10286,"terça-feira, 26 de julho de 2022",7630,18,4,R$ 45,R$ 180
10358,"quinta-feira, 28 de julho de 2022",7713,18,4,R$ 45,R$ 180
10366,"sexta-feira, 29 de julho de 2022",7065,18,4,R$ 45,R$ 180
10367,"sexta-feira, 29 de julho de 2022",1377,18,4,R$ 45,R$ 180
10383,"sexta-feira, 29 de julho de 2022",8497,18,4,R$ 45,R$ 180
10517,"quarta-feira, 3 de agosto de 2022",7684,18,4,R$ 45,R$ 180
10550,"sexta-feira, 5 de agosto de 2022",8203,18,4,R$ 45,R$ 180
10601,"domingo, 7 de agosto de 2022",9844,18,4,R$ 45,R$ 180
10815,"domingo, 14 de agosto de 2022",9157,18,4,R$ 45,R$ 180
10842,"terça-feira, 16 de agosto de 2022",1107,18,4,R$ 45,R$ 180
10849,"terça-feira, 16 de agosto de 2022",7134,18,4,R$ 45,R$ 180
10947,"sábado, 20 de agosto de 2022",8929,18,4,R$ 45,R$ 180
10963,"sábado, 20 de agosto de 2022",5432,18,4,R$ 45,R$ 180
11076,"quinta-feira, 25 de agosto de 2022",355,18,4,R$ 45,R$ 180
11136,"sábado, 27 de agosto de 2022",1567,18,4,R$ 45,R$ 180
11157,"domingo, 28 de agosto de 2022",6669,18,4,R$ 45,R$ 180
11184,"segunda-feira, 29 de agosto de 2022",4953,18,4,R$ 45,R$ 180
11273,"quinta-feira, 1 de setembro de 2022",3329,18,4,R$ 45,R$ 180
11346,"domingo, 4 de setembro de 2022",8510,18,4,R$ 45,R$ 180
11382,"segunda-feira, 5 de setembro de 2022",5148,18,4,R$ 45,R$ 180
11384,"terça-feira, 6 de setembro de 2022",7852,18,4,R$ 45,R$ 180
11388,"terça-feira, 6 de setembro de 2022",5831,18,4,R$ 45,R$ 180
11410,"quarta-feira, 7 de setembro de 2022",5449,18,4,R$ 45,R$ 180
11519,"sábado, 10 de setembro de 2022",5038,18,4,R$ 45,R$ 180
11549,"segunda-feira, 12 de setembro de 2022",1910,18,4,R$ 45,R$ 180
11626,"quarta-feira, 14 de setembro de 2022",8576,18,4,R$ 45,R$ 180
11640,"quinta-feira, 15 de setembro de 2022",5008,18,4,R$ 45,R$ 180
11693,"sábado, 17 de setembro de 2022",7470,18,4,R$ 45,R$ 180
11754,"segunda-feira, 19 de setembro de 2022",3310,18,4,R$ 45,R$ 180
11819,"quinta-feira, 22 de setembro de 2022",2175,18,4,R$ 45,R$ 180
11837,"quinta-feira, 22 de setembro de 2022",4337,18,4,R$ 45,R$ 180
11853,"quinta-feira, 22 de setembro de 2022",8179,18,4,R$ 45,R$ 180
11914,"domingo, 25 de setembro de 2022",7702,18,4,R$ 45,R$ 180
11953,"segunda-feira, 26 de setembro de 2022",5858,18,4,R$ 45,R$ 180
12125,"domingo, 2 de outubro de 2022",9143,18,4,R$ 45,R$ 180
12175,"terça-feira, 4 de outubro de 2022",6603,18,4,R$ 45,R$ 180
12281,"sábado, 8 de outubro de 2022",9811,18,4,R$ 45,R$ 180
12312,"domingo, 9 de outubro de 2022",2019,18,4,R$ 45,R$ 180
12325,"segunda-feira, 10 de outubro de 2022",2063,18,4,R$ 45,R$ 180
12348,"terça-feira, 11 de outubro de 2022",6544,18,4,R$ 45,R$ 180
12396,"quarta-feira, 12 de outubro de 2022",9241,18,4,R$ 45,R$ 180
12472,"sábado, 15 de outubro de 2022",2706,18,4,R$ 45,R$ 180
12613,"quinta-feira, 20 de outubro de 2022",10083,18,4,R$ 45,R$ 180
12618,"quinta-feira, 20 de outubro de 2022",3957,18,4,R$ 45,R$ 180
12683,"domingo, 23 de outubro de 2022",347,18,4,R$ 45,R$ 180
12743,"segunda-feira, 24 de outubro de 2022",7016,18,4,R$ 45,R$ 180
12765,"terça-feira, 25 de outubro de 2022",9682,18,4,R$ 45,R$ 180
12780,"quarta-feira, 26 de outubro de 2022",9909,18,4,R$ 45,R$ 180
12812,"quinta-feira, 27 de outubro de 2022",1475,18,4,R$ 45,R$ 180
12949,"terça-feira, 1 de novembro de 2022",3037,18,4,R$ 45,R$ 180
13002,"quarta-feira, 2 de novembro de 2022",9734,18,4,R$ 45,R$ 180
13018,"quinta-feira, 3 de novembro de 2022",4225,18,4,R$ 45,R$ 180
13063,"sábado, 5 de novembro de 2022",1480,18,4,R$ 45,R$ 180
13225,"quinta-feira, 10 de novembro de 2022",2171,18,4,R$ 45,R$ 180
13308,"domingo, 13 de novembro de 2022",1812,18,4,R$ 45,R$ 180
13387,"quarta-feira, 16 de novembro de 2022",5933,18,4,R$ 45,R$ 180
13390,"quarta-feira, 16 de novembro de 2022",8935,18,4,R$ 45,R$ 180
13574,"quinta-feira, 24 de novembro de 2022",7952,18,4,R$ 45,R$ 180
13592,"quinta-feira, 24 de novembro de 2022",3829,18,4,R$ 45,R$ 180
13704,"terça-feira, 29 de novembro de 2022",3693,18,4,R$ 45,R$ 180
13737,"quarta-feira, 30 de novembro de 2022",10131,18,4,R$ 45,R$ 180
13749,"quinta-feira, 1 de dezembro de 2022",7797,18,4,R$ 45,R$ 180
13779,"sexta-feira, 2 de dezembro de 2022",3319,18,4,R$ 45,R$ 180
13828,"segunda-feira, 5 de dezembro de 2022",3630,18,4,R$ 45,R$ 180
13863,"quinta-feira, 8 de dezembro de 2022",4598,18,4,R$ 45,R$ 180
13925,"segunda-feira, 12 de dezembro de 2022",7011,18,4,R$ 45,R$ 180
5,"quarta-feira, 23 de dezembro de 2020",1900,2,4,R$ 24,R$ 96
25,"terça-feira, 12 de janeiro de 2021",3386,2,4,R$ 24,R$ 96
45,"sábado, 2 de janeiro de 2021",6253,2,4,R$ 24,R$ 96
56,"terça-feira, 5 de janeiro de 2021",7733,2,4,R$ 24,R$ 96
108,"quinta-feira, 14 de janeiro de 2021",6713,2,4,R$ 24,R$ 96
331,"quarta-feira, 3 de fevereiro de 2021",7775,2,4,R$ 24,R$ 96
343,"quinta-feira, 4 de fevereiro de 2021",6510,2,4,R$ 24,R$ 96
506,"quinta-feira, 18 de fevereiro de 2021",976,2,4,R$ 24,R$ 96
686,"quarta-feira, 3 de março de 2021",9510,2,4,R$ 24,R$ 96
843,"domingo, 14 de março de 2021",1341,2,4,R$ 24,R$ 96
955,"segunda-feira, 22 de março de 2021",4397,2,4,R$ 24,R$ 96
1038,"sábado, 27 de março de 2021",6799,2,4,R$ 24,R$ 96
1153,"domingo, 4 de abril de 2021",1850,2,4,R$ 24,R$ 96
1209,"quinta-feira, 8 de abril de 2021",9160,2,4,R$ 24,R$ 96
1289,"quarta-feira, 14 de abril de 2021",2787,2,4,R$ 24,R$ 96
1376,"segunda-feira, 19 de abril de 2021",8172,2,4,R$ 24,R$ 96
1414,"quinta-feira, 22 de abril de 2021",5183,2,4,R$ 24,R$ 96
1439,"sexta-feira, 23 de abril de 2021",7377,2,4,R$ 24,R$ 96
1495,"terça-feira, 27 de abril de 2021",4589,2,4,R$ 24,R$ 96
1502,"quarta-feira, 28 de abril de 2021",7189,2,4,R$ 24,R$ 96
1545,"domingo, 2 de maio de 2021",8046,2,4,R$ 24,R$ 96
1738,"domingo, 16 de maio de 2021",1665,2,4,R$ 24,R$ 96
1757,"segunda-feira, 17 de maio de 2021",4836,2,4,R$ 24,R$ 96
1765,"quarta-feira, 19 de maio de 2021",6024,2,4,R$ 24,R$ 96
1817,"sábado, 22 de maio de 2021",2443,2,4,R$ 24,R$ 96
1901,"sábado, 29 de maio de 2021",7611,2,4,R$ 24,R$ 96
1904,"sábado, 29 de maio de 2021",3101,2,4,R$ 24,R$ 96
1932,"segunda-feira, 31 de maio de 2021",1322,2,4,R$ 24,R$ 96
2048,"sexta-feira, 11 de junho de 2021",170,2,4,R$ 24,R$ 96
2055,"sexta-feira, 11 de junho de 2021",3273,2,4,R$ 24,R$ 96
2125,"sexta-feira, 18 de junho de 2021",2280,2,4,R$ 24,R$ 96
2182,"terça-feira, 22 de junho de 2021",6429,2,4,R$ 24,R$ 96
2229,"sexta-feira, 25 de junho de 2021",1839,2,4,R$ 24,R$ 96
2237,"sábado, 26 de junho de 2021",7366,2,4,R$ 24,R$ 96
2262,"segunda-feira, 28 de junho de 2021",5674,2,4,R$ 24,R$ 96
2448,"quarta-feira, 14 de julho de 2021",9263,2,4,R$ 24,R$ 96
2450,"quarta-feira, 14 de julho de 2021",391,2,4,R$ 24,R$ 96
2451,"quinta-feira, 15 de julho de 2021",2389,2,4,R$ 24,R$ 96
2476,"sábado, 17 de julho de 2021",2588,2,4,R$ 24,R$ 96
2538,"quarta-feira, 21 de julho de 2021",6129,2,4,R$ 24,R$ 96
2542,"quinta-feira, 22 de julho de 2021",7983,2,4,R$ 24,R$ 96
2599,"segunda-feira, 26 de julho de 2021",4819,2,4,R$ 24,R$ 96
2633,"quinta-feira, 29 de julho de 2021",612,2,4,R$ 24,R$ 96
2690,"terça-feira, 3 de agosto de 2021",1071,2,4,R$ 24,R$ 96
2763,"domingo, 8 de agosto de 2021",4693,2,4,R$ 24,R$ 96
2796,"quarta-feira, 11 de agosto de 2021",6072,2,4,R$ 24,R$ 96
2927,"domingo, 22 de agosto de 2021",3199,2,4,R$ 24,R$ 96
2993,"sexta-feira, 27 de agosto de 2021",1720,2,4,R$ 24,R$ 96
3072,"sábado, 4 de setembro de 2021",1538,2,4,R$ 24,R$ 96
3101,"segunda-feira, 6 de setembro de 2021",7502,2,4,R$ 24,R$ 96
3262,"domingo, 19 de setembro de 2021",9469,2,4,R$ 24,R$ 96
3514,"sexta-feira, 8 de outubro de 2021",5374,2,4,R$ 24,R$ 96
3546,"segunda-feira, 11 de outubro de 2021",8048,2,4,R$ 24,R$ 96
3615,"domingo, 17 de outubro de 2021",6559,2,4,R$ 24,R$ 96
3670,"sábado, 23 de outubro de 2021",9404,2,4,R$ 24,R$ 96
3752,"sexta-feira, 29 de outubro de 2021",7942,2,4,R$ 24,R$ 96
3776,"domingo, 31 de outubro de 2021",4821,2,4,R$ 24,R$ 96
3841,"sexta-feira, 5 de novembro de 2021",8048,2,4,R$ 24,R$ 96
3970,"segunda-feira, 15 de novembro de 2021",1720,2,4,R$ 24,R$ 96
4115,"quinta-feira, 25 de novembro de 2021",4507,2,4,R$ 24,R$ 96
4170,"segunda-feira, 29 de novembro de 2021",5295,2,4,R$ 24,R$ 96
4324,"quinta-feira, 9 de dezembro de 2021",10273,2,4,R$ 24,R$ 96
4358,"sábado, 11 de dezembro de 2021",5790,2,4,R$ 24,R$ 96
4418,"quarta-feira, 15 de dezembro de 2021",6681,2,4,R$ 24,R$ 96
4445,"quinta-feira, 16 de dezembro de 2021",8108,2,4,R$ 24,R$ 96
4496,"segunda-feira, 20 de dezembro de 2021",1346,2,4,R$ 24,R$ 96
4632,"segunda-feira, 27 de dezembro de 2021",4527,2,4,R$ 24,R$ 96
4809,"terça-feira, 4 de janeiro de 2022",5398,2,4,R$ 24,R$ 96
4862,"quinta-feira, 6 de janeiro de 2022",1853,2,4,R$ 24,R$ 96
4924,"domingo, 9 de janeiro de 2022",1024,2,4,R$ 24,R$ 96
5001,"quarta-feira, 12 de janeiro de 2022",8658,2,4,R$ 24,R$ 96
5021,"quinta-feira, 13 de janeiro de 2022",5410,2,4,R$ 24,R$ 96
5093,"domingo, 16 de janeiro de 2022",2869,2,4,R$ 24,R$ 96
5177,"quarta-feira, 19 de janeiro de 2022",216,2,4,R$ 24,R$ 96
5245,"sexta-feira, 21 de janeiro de 2022",1003,2,4,R$ 24,R$ 96
5413,"sábado, 29 de janeiro de 2022",5315,2,4,R$ 24,R$ 96
5470,"segunda-feira, 31 de janeiro de 2022",2654,2,4,R$ 24,R$ 96
5505,"terça-feira, 1 de fevereiro de 2022",1197,2,4,R$ 24,R$ 96
5699,"segunda-feira, 7 de fevereiro de 2022",2858,2,4,R$ 24,R$ 96
5736,"quarta-feira, 9 de fevereiro de 2022",896,2,4,R$ 24,R$ 96
5802,"sexta-feira, 11 de fevereiro de 2022",3293,2,4,R$ 24,R$ 96
5821,"sábado, 12 de fevereiro de 2022",2019,2,4,R$ 24,R$ 96
6020,"sábado, 19 de fevereiro de 2022",6652,2,4,R$ 24,R$ 96
6128,"terça-feira, 22 de fevereiro de 2022",4397,2,4,R$ 24,R$ 96
6166,"quarta-feira, 23 de fevereiro de 2022",3491,2,4,R$ 24,R$ 96
6274,"domingo, 27 de fevereiro de 2022",5924,2,4,R$ 24,R$ 96
6299,"segunda-feira, 28 de fevereiro de 2022",6375,2,4,R$ 24,R$ 96
6341,"quarta-feira, 2 de março de 2022",10073,2,4,R$ 24,R$ 96
6399,"sexta-feira, 4 de março de 2022",1236,2,4,R$ 24,R$ 96
6421,"sábado, 5 de março de 2022",5531,2,4,R$ 24,R$ 96
6466,"segunda-feira, 7 de março de 2022",6034,2,4,R$ 24,R$ 96
6501,"terça-feira, 8 de março de 2022",4732,2,4,R$ 24,R$ 96
6552,"quinta-feira, 10 de março de 2022",9819,2,4,R$ 24,R$ 96
6689,"terça-feira, 15 de março de 2022",8463,2,4,R$ 24,R$ 96
6744,"quinta-feira, 17 de março de 2022",7726,2,4,R$ 24,R$ 96
7155,"sábado, 2 de abril de 2022",4610,2,4,R$ 24,R$ 96
7199,"segunda-feira, 4 de abril de 2022",1022,2,4,R$ 24,R$ 96
7216,"segunda-feira, 4 de abril de 2022",6061,2,4,R$ 24,R$ 96
7248,"quarta-feira, 6 de abril de 2022",1614,2,4,R$ 24,R$ 96
7322,"sexta-feira, 8 de abril de 2022",8274,2,4,R$ 24,R$ 96
7440,"quarta-feira, 13 de abril de 2022",9006,2,4,R$ 24,R$ 96
7576,"segunda-feira, 18 de abril de 2022",5528,2,4,R$ 24,R$ 96
7653,"quinta-feira, 21 de abril de 2022",7069,2,4,R$ 24,R$ 96
7721,"sábado, 23 de abril de 2022",4561,2,4,R$ 24,R$ 96
7745,"domingo, 24 de abril de 2022",9270,2,4,R$ 24,R$ 96
7995,"terça-feira, 3 de maio de 2022",2139,2,4,R$ 24,R$ 96
8025,"quarta-feira, 4 de maio de 2022",7860,2,4,R$ 24,R$ 96
8052,"quinta-feira, 5 de maio de 2022",1113,2,4,R$ 24,R$ 96
8230,"quarta-feira, 11 de maio de 2022",7502,2,4,R$ 24,R$ 96
8267,"sexta-feira, 13 de maio de 2022",7061,2,4,R$ 24,R$ 96
8276,"sexta-feira, 13 de maio de 2022",796,2,4,R$ 24,R$ 96
8419,"quinta-feira, 19 de maio de 2022",818,2,4,R$ 24,R$ 96
8515,"domingo, 22 de maio de 2022",2023,2,4,R$ 24,R$ 96
8524,"domingo, 22 de maio de 2022",6107,2,4,R$ 24,R$ 96
8526,"domingo, 22 de maio de 2022",2330,2,4,R$ 24,R$ 96
8616,"quarta-feira, 25 de maio de 2022",767,2,4,R$ 24,R$ 96
8638,"quinta-feira, 26 de maio de 2022",6082,2,4,R$ 24,R$ 96
8639,"quinta-feira, 26 de maio de 2022",6962,2,4,R$ 24,R$ 96
8808,"quarta-feira, 1 de junho de 2022",4731,2,4,R$ 24,R$ 96
9008,"quinta-feira, 9 de junho de 2022",42,2,4,R$ 24,R$ 96
9072,"sábado, 11 de junho de 2022",7587,2,4,R$ 24,R$ 96
9085,"domingo, 12 de junho de 2022",1013,2,4,R$ 24,R$ 96
9360,"quarta-feira, 22 de junho de 2022",8341,2,4,R$ 24,R$ 96
9423,"sexta-feira, 24 de junho de 2022",8259,2,4,R$ 24,R$ 96
9468,"domingo, 26 de junho de 2022",399,2,4,R$ 24,R$ 96
9479,"segunda-feira, 27 de junho de 2022",3396,2,4,R$ 24,R$ 96
9481,"segunda-feira, 27 de junho de 2022",8188,2,4,R$ 24,R$ 96
9501,"segunda-feira, 27 de junho de 2022",8203,2,4,R$ 24,R$ 96
9543,"quarta-feira, 29 de junho de 2022",3450,2,4,R$ 24,R$ 96
9585,"quinta-feira, 30 de junho de 2022",2799,2,4,R$ 24,R$ 96
9634,"sábado, 2 de julho de 2022",6387,2,4,R$ 24,R$ 96
9689,"segunda-feira, 4 de julho de 2022",4676,2,4,R$ 24,R$ 96
9793,"sexta-feira, 8 de julho de 2022",1787,2,4,R$ 24,R$ 96
9812,"sexta-feira, 8 de julho de 2022",7548,2,4,R$ 24,R$ 96
9963,"quinta-feira, 14 de julho de 2022",5083,2,4,R$ 24,R$ 96
9987,"sexta-feira, 15 de julho de 2022",4224,2,4,R$ 24,R$ 96
10071,"domingo, 17 de julho de 2022",7808,2,4,R$ 24,R$ 96
10119,"terça-feira, 19 de julho de 2022",2127,2,4,R$ 24,R$ 96
10339,"quarta-feira, 27 de julho de 2022",3087,2,4,R$ 24,R$ 96
10414,"domingo, 31 de julho de 2022",9787,2,4,R$ 24,R$ 96
10436,"segunda-feira, 1 de agosto de 2022",3533,2,4,R$ 24,R$ 96
10438,"segunda-feira, 1 de agosto de 2022",6152,2,4,R$ 24,R$ 96
10444,"segunda-feira, 1 de agosto de 2022",10242,2,4,R$ 24,R$ 96
10456,"segunda-feira, 1 de agosto de 2022",9092,2,4,R$ 24,R$ 96
10476,"terça-feira, 2 de agosto de 2022",7232,2,4,R$ 24,R$ 96
10567,"sexta-feira, 5 de agosto de 2022",341,2,4,R$ 24,R$ 96
10595,"domingo, 7 de agosto de 2022",1882,2,4,R$ 24,R$ 96
10646,"segunda-feira, 8 de agosto de 2022",1036,2,4,R$ 24,R$ 96
10726,"quinta-feira, 11 de agosto de 2022",4655,2,4,R$ 24,R$ 96
10772,"sábado, 13 de agosto de 2022",2802,2,4,R$ 24,R$ 96
10846,"terça-feira, 16 de agosto de 2022",8008,2,4,R$ 24,R$ 96
10939,"sexta-feira, 19 de agosto de 2022",4175,2,4,R$ 24,R$ 96
11072,"quinta-feira, 25 de agosto de 2022",7059,2,4,R$ 24,R$ 96
11125,"sexta-feira, 26 de agosto de 2022",5172,2,4,R$ 24,R$ 96
11131,"sábado, 27 de agosto de 2022",1282,2,4,R$ 24,R$ 96
11275,"quinta-feira, 1 de setembro de 2022",7328,2,4,R$ 24,R$ 96
11285,"quinta-feira, 1 de setembro de 2022",1559,2,4,R$ 24,R$ 96
11360,"segunda-feira, 5 de setembro de 2022",7079,2,4,R$ 24,R$ 96
11375,"segunda-feira, 5 de setembro de 2022",2551,2,4,R$ 24,R$ 96
11421,"quarta-feira, 7 de setembro de 2022",10263,2,4,R$ 24,R$ 96
11443,"quinta-feira, 8 de setembro de 2022",8644,2,4,R$ 24,R$ 96
11508,"sábado, 10 de setembro de 2022",597,2,4,R$ 24,R$ 96
11509,"sábado, 10 de setembro de 2022",2600,2,4,R$ 24,R$ 96
11612,"quarta-feira, 14 de setembro de 2022",2480,2,4,R$ 24,R$ 96
11694,"sábado, 17 de setembro de 2022",7906,2,4,R$ 24,R$ 96
11749,"segunda-feira, 19 de setembro de 2022",9812,2,4,R$ 24,R$ 96
11796,"quarta-feira, 21 de setembro de 2022",7593,2,4,R$ 24,R$ 96
11918,"domingo, 25 de setembro de 2022",1444,2,4,R$ 24,R$ 96
11946,"segunda-feira, 26 de setembro de 2022",5975,2,4,R$ 24,R$ 96
11958,"segunda-feira, 26 de setembro de 2022",6934,2,4,R$ 24,R$ 96
12067,"quinta-feira, 29 de setembro de 2022",7865,2,4,R$ 24,R$ 96
12108,"sábado, 1 de outubro de 2022",9,2,4,R$ 24,R$ 96
12123,"domingo, 2 de outubro de 2022",7063,2,4,R$ 24,R$ 96
12218,"quinta-feira, 6 de outubro de 2022",8745,2,4,R$ 24,R$ 96
12277,"sábado, 8 de outubro de 2022",8340,2,4,R$ 24,R$ 96
12333,"segunda-feira, 10 de outubro de 2022",9307,2,4,R$ 24,R$ 96
12380,"quarta-feira, 12 de outubro de 2022",4256,2,4,R$ 24,R$ 96
12395,"quarta-feira, 12 de outubro de 2022",750,2,4,R$ 24,R$ 96
12403,"quinta-feira, 13 de outubro de 2022",2022,2,4,R$ 24,R$ 96
12465,"sábado, 15 de outubro de 2022",1004,2,4,R$ 24,R$ 96
12533,"segunda-feira, 17 de outubro de 2022",5528,2,4,R$ 24,R$ 96
12553,"terça-feira, 18 de outubro de 2022",7112,2,4,R$ 24,R$ 96
12742,"segunda-feira, 24 de outubro de 2022",3317,2,4,R$ 24,R$ 96
12902,"domingo, 30 de outubro de 2022",9788,2,4,R$ 24,R$ 96
12970,"terça-feira, 1 de novembro de 2022",3724,2,4,R$ 24,R$ 96
12976,"quarta-feira, 2 de novembro de 2022",1812,2,4,R$ 24,R$ 96
13051,"sexta-feira, 4 de novembro de 2022",3495,2,4,R$ 24,R$ 96
13249,"sexta-feira, 11 de novembro de 2022",4397,2,4,R$ 24,R$ 96
13348,"segunda-feira, 14 de novembro de 2022",5831,2,4,R$ 24,R$ 96
13370,"terça-feira, 15 de novembro de 2022",2273,2,4,R$ 24,R$ 96
13444,"sexta-feira, 18 de novembro de 2022",2476,2,4,R$ 24,R$ 96
13566,"quarta-feira, 23 de novembro de 2022",1157,2,4,R$ 24,R$ 96
13590,"quinta-feira, 24 de novembro de 2022",1277,2,4,R$ 24,R$ 96
13606,"sexta-feira, 25 de novembro de 2022",5948,2,4,R$ 24,R$ 96
13625,"sábado, 26 de novembro de 2022",1035,2,4,R$ 24,R$ 96
13765,"sexta-feira, 2 de dezembro de 2022",8742,2,4,R$ 24,R$ 96
13866,"sexta-feira, 9 de dezembro de 2022",4075,2,4,R$ 24,R$ 96
13937,"terça-feira, 13 de dezembro de 2022",9668,2,4,R$ 24,R$ 96
14005,"quarta-feira, 21 de dezembro de 2022",7818,2,4,R$ 24,R$ 96
14057,"sábado, 31 de dezembro de 2022",250,2,4,R$ 24,R$ 96
13,"quinta-feira, 31 de dezembro de 2020",2741,9,4,R$ 30,R$ 120
81,"domingo, 10 de janeiro de 2021",240,9,4,R$ 30,R$ 120
127,"sábado, 16 de janeiro de 2021",28,9,4,R$ 30,R$ 120
137,"domingo, 17 de janeiro de 2021",8091,9,4,R$ 30,R$ 120
255,"quinta-feira, 28 de janeiro de 2021",4445,9,4,R$ 30,R$ 120
342,"quarta-feira, 3 de fevereiro de 2021",3310,9,4,R$ 30,R$ 120
406,"terça-feira, 9 de fevereiro de 2021",9309,9,4,R$ 30,R$ 120
579,"quarta-feira, 24 de fevereiro de 2021",3075,9,4,R$ 30,R$ 120
690,"quinta-feira, 4 de março de 2021",4443,9,4,R$ 30,R$ 120
692,"quinta-feira, 4 de março de 2021",4626,9,4,R$ 30,R$ 120
770,"terça-feira, 9 de março de 2021",5219,9,4,R$ 30,R$ 120
840,"domingo, 14 de março de 2021",4528,9,4,R$ 30,R$ 120
855,"segunda-feira, 15 de março de 2021",2921,9,4,R$ 30,R$ 120
987,"quarta-feira, 24 de março de 2021",4916,9,4,R$ 30,R$ 120
1092,"terça-feira, 30 de março de 2021",7721,9,4,R$ 30,R$ 120
1094,"terça-feira, 30 de março de 2021",1512,9,4,R$ 30,R$ 120
1097,"quarta-feira, 31 de março de 2021",5339,9,4,R$ 30,R$ 120
1181,"terça-feira, 6 de abril de 2021",8665,9,4,R$ 30,R$ 120
1196,"quarta-feira, 7 de abril de 2021",1470,9,4,R$ 30,R$ 120
1217,"sexta-feira, 9 de abril de 2021",8946,9,4,R$ 30,R$ 120
1320,"quinta-feira, 15 de abril de 2021",9263,9,4,R$ 30,R$ 120
1324,"sexta-feira, 16 de abril de 2021",619,9,4,R$ 30,R$ 120
1392,"terça-feira, 20 de abril de 2021",5790,9,4,R$ 30,R$ 120
1470,"domingo, 25 de abril de 2021",9355,9,4,R$ 30,R$ 120
1583,"terça-feira, 4 de maio de 2021",5958,9,4,R$ 30,R$ 120
1636,"sexta-feira, 7 de maio de 2021",3293,9,4,R$ 30,R$ 120
1651,"domingo, 9 de maio de 2021",5295,9,4,R$ 30,R$ 120
1805,"sexta-feira, 21 de maio de 2021",3758,9,4,R$ 30,R$ 120
1824,"sábado, 22 de maio de 2021",8206,9,4,R$ 30,R$ 120
1896,"sábado, 29 de maio de 2021",8731,9,4,R$ 30,R$ 120
2093,"terça-feira, 15 de junho de 2021",6617,9,4,R$ 30,R$ 120
2188,"terça-feira, 22 de junho de 2021",2371,9,4,R$ 30,R$ 120
2335,"domingo, 4 de julho de 2021",1611,9,4,R$ 30,R$ 120
2398,"domingo, 11 de julho de 2021",4649,9,4,R$ 30,R$ 120
2524,"terça-feira, 20 de julho de 2021",614,9,4,R$ 30,R$ 120
2555,"quinta-feira, 22 de julho de 2021",1245,9,4,R$ 30,R$ 120
2630,"quinta-feira, 29 de julho de 2021",4417,9,4,R$ 30,R$ 120
2757,"domingo, 8 de agosto de 2021",8059,9,4,R$ 30,R$ 120
2935,"domingo, 22 de agosto de 2021",4938,9,4,R$ 30,R$ 120
2992,"sexta-feira, 27 de agosto de 2021",10173,9,4,R$ 30,R$ 120
3063,"sexta-feira, 3 de setembro de 2021",3164,9,4,R$ 30,R$ 120
3228,"quinta-feira, 16 de setembro de 2021",265,9,4,R$ 30,R$ 120
3466,"terça-feira, 5 de outubro de 2021",8550,9,4,R$ 30,R$ 120
3488,"quinta-feira, 7 de outubro de 2021",8324,9,4,R$ 30,R$ 120
3660,"sexta-feira, 22 de outubro de 2021",6490,9,4,R$ 30,R$ 120
3850,"sábado, 6 de novembro de 2021",7851,9,4,R$ 30,R$ 120
4011,"quinta-feira, 18 de novembro de 2021",76,9,4,R$ 30,R$ 120
4091,"terça-feira, 23 de novembro de 2021",6866,9,4,R$ 30,R$ 120
4099,"quarta-feira, 24 de novembro de 2021",5432,9,4,R$ 30,R$ 120
4204,"quinta-feira, 2 de dezembro de 2021",5580,9,4,R$ 30,R$ 120
4332,"sexta-feira, 10 de dezembro de 2021",9928,9,4,R$ 30,R$ 120
4381,"domingo, 12 de dezembro de 2021",9006,9,4,R$ 30,R$ 120
4383,"domingo, 12 de dezembro de 2021",5219,9,4,R$ 30,R$ 120
4595,"sábado, 25 de dezembro de 2021",4932,9,4,R$ 30,R$ 120
4612,"domingo, 26 de dezembro de 2021",2175,9,4,R$ 30,R$ 120
4643,"terça-feira, 28 de dezembro de 2021",6560,9,4,R$ 30,R$ 120
4693,"quinta-feira, 30 de dezembro de 2021",8659,9,4,R$ 30,R$ 120
4810,"terça-feira, 4 de janeiro de 2022",4239,9,4,R$ 30,R$ 120
4838,"quarta-feira, 5 de janeiro de 2022",4579,9,4,R$ 30,R$ 120
4919,"sábado, 8 de janeiro de 2022",3966,9,4,R$ 30,R$ 120
4930,"domingo, 9 de janeiro de 2022",9495,9,4,R$ 30,R$ 120
4956,"segunda-feira, 10 de janeiro de 2022",8947,9,4,R$ 30,R$ 120
5100,"domingo, 16 de janeiro de 2022",3762,9,4,R$ 30,R$ 120
5258,"sábado, 22 de janeiro de 2022",2723,9,4,R$ 30,R$ 120
5265,"domingo, 23 de janeiro de 2022",9491,9,4,R$ 30,R$ 120
5316,"terça-feira, 25 de janeiro de 2022",8228,9,4,R$ 30,R$ 120
5403,"sexta-feira, 28 de janeiro de 2022",2506,9,4,R$ 30,R$ 120
5420,"sábado, 29 de janeiro de 2022",3661,9,4,R$ 30,R$ 120
5473,"segunda-feira, 31 de janeiro de 2022",1444,9,4,R$ 30,R$ 120
5653,"sábado, 5 de fevereiro de 2022",8287,9,4,R$ 30,R$ 120
5737,"quarta-feira, 9 de fevereiro de 2022",1533,9,4,R$ 30,R$ 120
5755,"quarta-feira, 9 de fevereiro de 2022",9997,9,4,R$ 30,R$ 120
5787,"sexta-feira, 11 de fevereiro de 2022",10243,9,4,R$ 30,R$ 120
5865,"domingo, 13 de fevereiro de 2022",2492,9,4,R$ 30,R$ 120
5874,"segunda-feira, 14 de fevereiro de 2022",5430,9,4,R$ 30,R$ 120
5882,"segunda-feira, 14 de fevereiro de 2022",976,9,4,R$ 30,R$ 120
6028,"sábado, 19 de fevereiro de 2022",8813,9,4,R$ 30,R$ 120
6035,"sábado, 19 de fevereiro de 2022",7055,9,4,R$ 30,R$ 120
6055,"domingo, 20 de fevereiro de 2022",4256,9,4,R$ 30,R$ 120
6060,"domingo, 20 de fevereiro de 2022",8923,9,4,R$ 30,R$ 120
6064,"domingo, 20 de fevereiro de 2022",8503,9,4,R$ 30,R$ 120
6066,"domingo, 20 de fevereiro de 2022",3234,9,4,R$ 30,R$ 120
6093,"segunda-feira, 21 de fevereiro de 2022",9422,9,4,R$ 30,R$ 120
6097,"segunda-feira, 21 de fevereiro de 2022",8602,9,4,R$ 30,R$ 120
6099,"segunda-feira, 21 de fevereiro de 2022",4223,9,4,R$ 30,R$ 120
6110,"terça-feira, 22 de fevereiro de 2022",1495,9,4,R$ 30,R$ 120
6160,"quarta-feira, 23 de fevereiro de 2022",8511,9,4,R$ 30,R$ 120
6176,"quinta-feira, 24 de fevereiro de 2022",7590,9,4,R$ 30,R$ 120
6248,"sábado, 26 de fevereiro de 2022",4127,9,4,R$ 30,R$ 120
6280,"domingo, 27 de fevereiro de 2022",3310,9,4,R$ 30,R$ 120
6397,"sexta-feira, 4 de março de 2022",10145,9,4,R$ 30,R$ 120
6518,"quarta-feira, 9 de março de 2022",2475,9,4,R$ 30,R$ 120
6602,"sábado, 12 de março de 2022",6957,9,4,R$ 30,R$ 120
6654,"segunda-feira, 14 de março de 2022",10173,9,4,R$ 30,R$ 120
6722,"quarta-feira, 16 de março de 2022",2692,9,4,R$ 30,R$ 120
6738,"quinta-feira, 17 de março de 2022",2123,9,4,R$ 30,R$ 120
6756,"sexta-feira, 18 de março de 2022",4253,9,4,R$ 30,R$ 120
6821,"segunda-feira, 21 de março de 2022",543,9,4,R$ 30,R$ 120
7040,"terça-feira, 29 de março de 2022",2947,9,4,R$ 30,R$ 120
7077,"quarta-feira, 30 de março de 2022",4029,9,4,R$ 30,R$ 120
7089,"quarta-feira, 30 de março de 2022",1676,9,4,R$ 30,R$ 120
7217,"segunda-feira, 4 de abril de 2022",875,9,4,R$ 30,R$ 120
7263,"quarta-feira, 6 de abril de 2022",1926,9,4,R$ 30,R$ 120
7358,"domingo, 10 de abril de 2022",1185,9,4,R$ 30,R$ 120
7362,"domingo, 10 de abril de 2022",5851,9,4,R$ 30,R$ 120
7364,"domingo, 10 de abril de 2022",244,9,4,R$ 30,R$ 120
7407,"segunda-feira, 11 de abril de 2022",3087,9,4,R$ 30,R$ 120
7567,"segunda-feira, 18 de abril de 2022",3689,9,4,R$ 30,R$ 120
7585,"terça-feira, 19 de abril de 2022",5765,9,4,R$ 30,R$ 120
7625,"quarta-feira, 20 de abril de 2022",838,9,4,R$ 30,R$ 120
7733,"sábado, 23 de abril de 2022",2421,9,4,R$ 30,R$ 120
7884,"sexta-feira, 29 de abril de 2022",9928,9,4,R$ 30,R$ 120
7912,"sábado, 30 de abril de 2022",7655,9,4,R$ 30,R$ 120
7982,"terça-feira, 3 de maio de 2022",732,9,4,R$ 30,R$ 120
8033,"quinta-feira, 5 de maio de 2022",3979,9,4,R$ 30,R$ 120
8064,"sexta-feira, 6 de maio de 2022",7379,9,4,R$ 30,R$ 120
8110,"sábado, 7 de maio de 2022",4484,9,4,R$ 30,R$ 120
8121,"sábado, 7 de maio de 2022",6837,9,4,R$ 30,R$ 120
8155,"domingo, 8 de maio de 2022",6669,9,4,R$ 30,R$ 120
8313,"domingo, 15 de maio de 2022",2777,9,4,R$ 30,R$ 120
8317,"domingo, 15 de maio de 2022",1050,9,4,R$ 30,R$ 120
8328,"domingo, 15 de maio de 2022",5973,9,4,R$ 30,R$ 120
8398,"quarta-feira, 18 de maio de 2022",1948,9,4,R$ 30,R$ 120
8456,"sexta-feira, 20 de maio de 2022",1812,9,4,R$ 30,R$ 120
8565,"terça-feira, 24 de maio de 2022",5258,9,4,R$ 30,R$ 120
8644,"quinta-feira, 26 de maio de 2022",8427,9,4,R$ 30,R$ 120
8725,"domingo, 29 de maio de 2022",1494,9,4,R$ 30,R$ 120
8753,"segunda-feira, 30 de maio de 2022",2015,9,4,R$ 30,R$ 120
8799,"quarta-feira, 1 de junho de 2022",2176,9,4,R$ 30,R$ 120
8823,"quinta-feira, 2 de junho de 2022",9143,9,4,R$ 30,R$ 120
8934,"segunda-feira, 6 de junho de 2022",1135,9,4,R$ 30,R$ 120
8947,"segunda-feira, 6 de junho de 2022",7807,9,4,R$ 30,R$ 120
8970,"terça-feira, 7 de junho de 2022",7321,9,4,R$ 30,R$ 120
8988,"quarta-feira, 8 de junho de 2022",4068,9,4,R$ 30,R$ 120
9040,"sexta-feira, 10 de junho de 2022",2553,9,4,R$ 30,R$ 120
9104,"domingo, 12 de junho de 2022",4445,9,4,R$ 30,R$ 120
9450,"sábado, 25 de junho de 2022",4049,9,4,R$ 30,R$ 120
9563,"quinta-feira, 30 de junho de 2022",6105,9,4,R$ 30,R$ 120
9572,"quinta-feira, 30 de junho de 2022",8374,9,4,R$ 30,R$ 120
9663,"domingo, 3 de julho de 2022",6849,9,4,R$ 30,R$ 120
9729,"quarta-feira, 6 de julho de 2022",9775,9,4,R$ 30,R$ 120
9890,"segunda-feira, 11 de julho de 2022",5738,9,4,R$ 30,R$ 120
9902,"segunda-feira, 11 de julho de 2022",3901,9,4,R$ 30,R$ 120
10067,"domingo, 17 de julho de 2022",1222,9,4,R$ 30,R$ 120
10445,"segunda-feira, 1 de agosto de 2022",1614,9,4,R$ 30,R$ 120
10451,"segunda-feira, 1 de agosto de 2022",10208,9,4,R$ 30,R$ 120
10457,"segunda-feira, 1 de agosto de 2022",9484,9,4,R$ 30,R$ 120
10506,"quarta-feira, 3 de agosto de 2022",5757,9,4,R$ 30,R$ 120
10528,"quinta-feira, 4 de agosto de 2022",5806,9,4,R$ 30,R$ 120
10683,"quarta-feira, 10 de agosto de 2022",9929,9,4,R$ 30,R$ 120
10758,"sexta-feira, 12 de agosto de 2022",3334,9,4,R$ 30,R$ 120
10978,"domingo, 21 de agosto de 2022",1871,9,4,R$ 30,R$ 120
11065,"quarta-feira, 24 de agosto de 2022",8867,9,4,R$ 30,R$ 120
11255,"quarta-feira, 31 de agosto de 2022",955,9,4,R$ 30,R$ 120
11295,"sexta-feira, 2 de setembro de 2022",9833,9,4,R$ 30,R$ 120
11530,"domingo, 11 de setembro de 2022",10225,9,4,R$ 30,R$ 120
11571,"segunda-feira, 12 de setembro de 2022",3878,9,4,R$ 30,R$ 120
11810,"quarta-feira, 21 de setembro de 2022",8239,9,4,R$ 30,R$ 120
11877,"sexta-feira, 23 de setembro de 2022",175,9,4,R$ 30,R$ 120
11916,"domingo, 25 de setembro de 2022",9337,9,4,R$ 30,R$ 120
11924,"domingo, 25 de setembro de 2022",226,9,4,R$ 30,R$ 120
11937,"domingo, 25 de setembro de 2022",7502,9,4,R$ 30,R$ 120
12007,"quarta-feira, 28 de setembro de 2022",9460,9,4,R$ 30,R$ 120
12054,"quinta-feira, 29 de setembro de 2022",9621,9,4,R$ 30,R$ 120
12144,"segunda-feira, 3 de outubro de 2022",10262,9,4,R$ 30,R$ 120
12224,"quinta-feira, 6 de outubro de 2022",7946,9,4,R$ 30,R$ 120
12234,"quinta-feira, 6 de outubro de 2022",7261,9,4,R$ 30,R$ 120
12238,"sexta-feira, 7 de outubro de 2022",4579,9,4,R$ 30,R$ 120
12279,"sábado, 8 de outubro de 2022",786,9,4,R$ 30,R$ 120
12494,"domingo, 16 de outubro de 2022",9026,9,4,R$ 30,R$ 120
12518,"segunda-feira, 17 de outubro de 2022",2446,9,4,R$ 30,R$ 120
12561,"quarta-feira, 19 de outubro de 2022",4068,9,4,R$ 30,R$ 120
12572,"quarta-feira, 19 de outubro de 2022",8670,9,4,R$ 30,R$ 120
12634,"sexta-feira, 21 de outubro de 2022",4250,9,4,R$ 30,R$ 120
12673,"sábado, 22 de outubro de 2022",717,9,4,R$ 30,R$ 120
12823,"quinta-feira, 27 de outubro de 2022",10166,9,4,R$ 30,R$ 120
12847,"sexta-feira, 28 de outubro de 2022",3594,9,4,R$ 30,R$ 120
12859,"sábado, 29 de outubro de 2022",8116,9,4,R$ 30,R$ 120
12905,"domingo, 30 de outubro de 2022",1942,9,4,R$ 30,R$ 120
12987,"quarta-feira, 2 de novembro de 2022",9292,9,4,R$ 30,R$ 120
13035,"sexta-feira, 4 de novembro de 2022",8405,9,4,R$ 30,R$ 120
13039,"sexta-feira, 4 de novembro de 2022",3571,9,4,R$ 30,R$ 120
13134,"segunda-feira, 7 de novembro de 2022",2652,9,4,R$ 30,R$ 120
13175,"quarta-feira, 9 de novembro de 2022",6709,9,4,R$ 30,R$ 120
13262,"sábado, 12 de novembro de 2022",6960,9,4,R$ 30,R$ 120
13273,"sábado, 12 de novembro de 2022",1782,9,4,R$ 30,R$ 120
13346,"segunda-feira, 14 de novembro de 2022",8511,9,4,R$ 30,R$ 120
13394,"quarta-feira, 16 de novembro de 2022",3372,9,4,R$ 30,R$ 120
13419,"quinta-feira, 17 de novembro de 2022",7450,9,4,R$ 30,R$ 120
13516,"terça-feira, 22 de novembro de 2022",5276,9,4,R$ 30,R$ 120
13525,"terça-feira, 22 de novembro de 2022",3205,9,4,R$ 30,R$ 120
13638,"sábado, 26 de novembro de 2022",3916,9,4,R$ 30,R$ 120
13649,"domingo, 27 de novembro de 2022",4690,9,4,R$ 30,R$ 120
13659,"domingo, 27 de novembro de 2022",6729,9,4,R$ 30,R$ 120
13698,"terça-feira, 29 de novembro de 2022",1214,9,4,R$ 30,R$ 120
13753,"quinta-feira, 1 de dezembro de 2022",7621,9,4,R$ 30,R$ 120
13958,"quinta-feira, 15 de dezembro de 2022",4202,9,4,R$ 30,R$ 120
14002,"quarta-feira, 21 de dezembro de 2022",2549,9,4,R$ 30,R$ 120
24,"segunda-feira, 11 de janeiro de 2021",4543,4,4,R$ 6,R$ 24
381,"domingo, 7 de fevereiro de 2021",6675,4,4,R$ 6,R$ 24
385,"domingo, 7 de fevereiro de 2021",2525,4,4,R$ 6,R$ 24
388,"domingo, 7 de fevereiro de 2021",7324,4,4,R$ 6,R$ 24
478,"segunda-feira, 15 de fevereiro de 2021",7262,4,4,R$ 6,R$ 24
505,"quinta-feira, 18 de fevereiro de 2021",8555,4,4,R$ 6,R$ 24
618,"domingo, 28 de fevereiro de 2021",3882,4,4,R$ 6,R$ 24
630,"domingo, 28 de fevereiro de 2021",1938,4,4,R$ 6,R$ 24
684,"quarta-feira, 3 de março de 2021",7857,4,4,R$ 6,R$ 24
710,"sexta-feira, 5 de março de 2021",4099,4,4,R$ 6,R$ 24
819,"sábado, 13 de março de 2021",6675,4,4,R$ 6,R$ 24
837,"domingo, 14 de março de 2021",7293,4,4,R$ 6,R$ 24
886,"quinta-feira, 18 de março de 2021",9612,4,4,R$ 6,R$ 24
994,"quinta-feira, 25 de março de 2021",3204,4,4,R$ 6,R$ 24
1004,"quinta-feira, 25 de março de 2021",806,4,4,R$ 6,R$ 24
1026,"sábado, 27 de março de 2021",1310,4,4,R$ 6,R$ 24
1135,"sábado, 3 de abril de 2021",1360,4,4,R$ 6,R$ 24
1174,"segunda-feira, 5 de abril de 2021",2127,4,4,R$ 6,R$ 24
1184,"terça-feira, 6 de abril de 2021",8843,4,4,R$ 6,R$ 24
1344,"sábado, 17 de abril de 2021",9068,4,4,R$ 6,R$ 24
1444,"sábado, 24 de abril de 2021",3462,4,4,R$ 6,R$ 24
1635,"sexta-feira, 7 de maio de 2021",5568,4,4,R$ 6,R$ 24
1655,"domingo, 9 de maio de 2021",1624,4,4,R$ 6,R$ 24
1707,"quinta-feira, 13 de maio de 2021",8724,4,4,R$ 6,R$ 24
1722,"sábado, 15 de maio de 2021",2381,4,4,R$ 6,R$ 24
1742,"domingo, 16 de maio de 2021",8556,4,4,R$ 6,R$ 24
1777,"quarta-feira, 19 de maio de 2021",1428,4,4,R$ 6,R$ 24
1839,"segunda-feira, 24 de maio de 2021",9852,4,4,R$ 6,R$ 24
1859,"quarta-feira, 26 de maio de 2021",8731,4,4,R$ 6,R$ 24
1942,"terça-feira, 1 de junho de 2021",8892,4,4,R$ 6,R$ 24
1954,"quarta-feira, 2 de junho de 2021",5531,4,4,R$ 6,R$ 24
1991,"sábado, 5 de junho de 2021",5555,4,4,R$ 6,R$ 24
2007,"domingo, 6 de junho de 2021",4868,4,4,R$ 6,R$ 24
2024,"terça-feira, 8 de junho de 2021",8172,4,4,R$ 6,R$ 24
2131,"sexta-feira, 18 de junho de 2021",7190,4,4,R$ 6,R$ 24
2241,"domingo, 27 de junho de 2021",6897,4,4,R$ 6,R$ 24
2339,"segunda-feira, 5 de julho de 2021",10091,4,4,R$ 6,R$ 24
2358,"quarta-feira, 7 de julho de 2021",2699,4,4,R$ 6,R$ 24
2403,"domingo, 11 de julho de 2021",7202,4,4,R$ 6,R$ 24
2424,"segunda-feira, 12 de julho de 2021",7717,4,4,R$ 6,R$ 24
2608,"terça-feira, 27 de julho de 2021",6012,4,4,R$ 6,R$ 24
2713,"quinta-feira, 5 de agosto de 2021",181,4,4,R$ 6,R$ 24
2745,"sábado, 7 de agosto de 2021",4375,4,4,R$ 6,R$ 24
2746,"sábado, 7 de agosto de 2021",7724,4,4,R$ 6,R$ 24
2749,"domingo, 8 de agosto de 2021",2882,4,4,R$ 6,R$ 24
2816,"quinta-feira, 12 de agosto de 2021",8308,4,4,R$ 6,R$ 24
2866,"terça-feira, 17 de agosto de 2021",5346,4,4,R$ 6,R$ 24
3395,"sexta-feira, 1 de outubro de 2021",7354,4,4,R$ 6,R$ 24
3401,"sábado, 2 de outubro de 2021",9974,4,4,R$ 6,R$ 24
3429,"domingo, 3 de outubro de 2021",7818,4,4,R$ 6,R$ 24
3458,"terça-feira, 5 de outubro de 2021",1015,4,4,R$ 6,R$ 24
3493,"quinta-feira, 7 de outubro de 2021",4527,4,4,R$ 6,R$ 24
3629,"terça-feira, 19 de outubro de 2021",3930,4,4,R$ 6,R$ 24
3677,"domingo, 24 de outubro de 2021",7032,4,4,R$ 6,R$ 24
3719,"quarta-feira, 27 de outubro de 2021",593,4,4,R$ 6,R$ 24
3761,"sábado, 30 de outubro de 2021",7624,4,4,R$ 6,R$ 24
3902,"quarta-feira, 10 de novembro de 2021",2524,4,4,R$ 6,R$ 24
3975,"terça-feira, 16 de novembro de 2021",3878,4,4,R$ 6,R$ 24
3989,"quarta-feira, 17 de novembro de 2021",10209,4,4,R$ 6,R$ 24
4008,"quinta-feira, 18 de novembro de 2021",647,4,4,R$ 6,R$ 24
4105,"quarta-feira, 24 de novembro de 2021",1215,4,4,R$ 6,R$ 24
4171,"segunda-feira, 29 de novembro de 2021",4065,4,4,R$ 6,R$ 24
4207,"quinta-feira, 2 de dezembro de 2021",4609,4,4,R$ 6,R$ 24
4211,"quinta-feira, 2 de dezembro de 2021",2293,4,4,R$ 6,R$ 24
4248,"sábado, 4 de dezembro de 2021",7641,4,4,R$ 6,R$ 24
4307,"quarta-feira, 8 de dezembro de 2021",2908,4,4,R$ 6,R$ 24
4320,"quinta-feira, 9 de dezembro de 2021",9169,4,4,R$ 6,R$ 24
4434,"quinta-feira, 16 de dezembro de 2021",9248,4,4,R$ 6,R$ 24
4442,"quinta-feira, 16 de dezembro de 2021",6720,4,4,R$ 6,R$ 24
4458,"sexta-feira, 17 de dezembro de 2021",3497,4,4,R$ 6,R$ 24
4522,"terça-feira, 21 de dezembro de 2021",9715,4,4,R$ 6,R$ 24
4571,"sexta-feira, 24 de dezembro de 2021",6163,4,4,R$ 6,R$ 24
4604,"domingo, 26 de dezembro de 2021",9871,4,4,R$ 6,R$ 24
4645,"terça-feira, 28 de dezembro de 2021",9943,4,4,R$ 6,R$ 24
4653,"terça-feira, 28 de dezembro de 2021",7622,4,4,R$ 6,R$ 24
4695,"quinta-feira, 30 de dezembro de 2021",6541,4,4,R$ 6,R$ 24
4794,"segunda-feira, 3 de janeiro de 2022",1785,4,4,R$ 6,R$ 24
4803,"terça-feira, 4 de janeiro de 2022",5877,4,4,R$ 6,R$ 24
4859,"quinta-feira, 6 de janeiro de 2022",5099,4,4,R$ 6,R$ 24
4910,"sábado, 8 de janeiro de 2022",4579,4,4,R$ 6,R$ 24
4955,"segunda-feira, 10 de janeiro de 2022",7342,4,4,R$ 6,R$ 24
4968,"terça-feira, 11 de janeiro de 2022",542,4,4,R$ 6,R$ 24
5382,"quinta-feira, 27 de janeiro de 2022",4101,4,4,R$ 6,R$ 24
5454,"domingo, 30 de janeiro de 2022",2986,4,4,R$ 6,R$ 24
5546,"quarta-feira, 2 de fevereiro de 2022",6938,4,4,R$ 6,R$ 24
5554,"quarta-feira, 2 de fevereiro de 2022",5791,4,4,R$ 6,R$ 24
5634,"sábado, 5 de fevereiro de 2022",7556,4,4,R$ 6,R$ 24
5797,"sexta-feira, 11 de fevereiro de 2022",5412,4,4,R$ 6,R$ 24
5839,"sábado, 12 de fevereiro de 2022",2099,4,4,R$ 6,R$ 24
5908,"terça-feira, 15 de fevereiro de 2022",538,4,4,R$ 6,R$ 24
5947,"quarta-feira, 16 de fevereiro de 2022",2901,4,4,R$ 6,R$ 24
5967,"quinta-feira, 17 de fevereiro de 2022",6193,4,4,R$ 6,R$ 24
6019,"sábado, 19 de fevereiro de 2022",1853,4,4,R$ 6,R$ 24
6061,"domingo, 20 de fevereiro de 2022",7627,4,4,R$ 6,R$ 24
6095,"segunda-feira, 21 de fevereiro de 2022",8421,4,4,R$ 6,R$ 24
6103,"terça-feira, 22 de fevereiro de 2022",5944,4,4,R$ 6,R$ 24
6141,"quarta-feira, 23 de fevereiro de 2022",5174,4,4,R$ 6,R$ 24
6152,"quarta-feira, 23 de fevereiro de 2022",4623,4,4,R$ 6,R$ 24
6155,"quarta-feira, 23 de fevereiro de 2022",1626,4,4,R$ 6,R$ 24
6228,"sábado, 26 de fevereiro de 2022",4495,4,4,R$ 6,R$ 24
6230,"sábado, 26 de fevereiro de 2022",1972,4,4,R$ 6,R$ 24
6294,"segunda-feira, 28 de fevereiro de 2022",7663,4,4,R$ 6,R$ 24
6464,"domingo, 6 de março de 2022",5652,4,4,R$ 6,R$ 24
6746,"quinta-feira, 17 de março de 2022",9844,4,4,R$ 6,R$ 24
6825,"segunda-feira, 21 de março de 2022",7286,4,4,R$ 6,R$ 24
7072,"quarta-feira, 30 de março de 2022",2462,4,4,R$ 6,R$ 24
7151,"sábado, 2 de abril de 2022",5894,4,4,R$ 6,R$ 24
7172,"domingo, 3 de abril de 2022",2570,4,4,R$ 6,R$ 24
7210,"segunda-feira, 4 de abril de 2022",2670,4,4,R$ 6,R$ 24
7256,"quarta-feira, 6 de abril de 2022",178,4,4,R$ 6,R$ 24
7376,"domingo, 10 de abril de 2022",6714,4,4,R$ 6,R$ 24
7408,"segunda-feira, 11 de abril de 2022",1329,4,4,R$ 6,R$ 24
7449,"quarta-feira, 13 de abril de 2022",4691,4,4,R$ 6,R$ 24
7491,"sexta-feira, 15 de abril de 2022",5895,4,4,R$ 6,R$ 24
7509,"sábado, 16 de abril de 2022",7104,4,4,R$ 6,R$ 24
7927,"sábado, 30 de abril de 2022",322,4,4,R$ 6,R$ 24
7961,"segunda-feira, 2 de maio de 2022",5537,4,4,R$ 6,R$ 24
8076,"sexta-feira, 6 de maio de 2022",6631,4,4,R$ 6,R$ 24
8114,"sábado, 7 de maio de 2022",2677,4,4,R$ 6,R$ 24
8412,"quarta-feira, 18 de maio de 2022",9962,4,4,R$ 6,R$ 24
8581,"terça-feira, 24 de maio de 2022",644,4,4,R$ 6,R$ 24
8607,"quarta-feira, 25 de maio de 2022",1936,4,4,R$ 6,R$ 24
8637,"quinta-feira, 26 de maio de 2022",5436,4,4,R$ 6,R$ 24
8662,"sexta-feira, 27 de maio de 2022",7315,4,4,R$ 6,R$ 24
8663,"sexta-feira, 27 de maio de 2022",272,4,4,R$ 6,R$ 24
8687,"sábado, 28 de maio de 2022",8577,4,4,R$ 6,R$ 24
8740,"segunda-feira, 30 de maio de 2022",7189,4,4,R$ 6,R$ 24
8904,"domingo, 5 de junho de 2022",4284,4,4,R$ 6,R$ 24
9005,"quarta-feira, 8 de junho de 2022",739,4,4,R$ 6,R$ 24
9067,"sábado, 11 de junho de 2022",3338,4,4,R$ 6,R$ 24
9101,"domingo, 12 de junho de 2022",4126,4,4,R$ 6,R$ 24
9128,"segunda-feira, 13 de junho de 2022",7269,4,4,R$ 6,R$ 24
9140,"terça-feira, 14 de junho de 2022",5358,4,4,R$ 6,R$ 24
9187,"quinta-feira, 16 de junho de 2022",7185,4,4,R$ 6,R$ 24
9216,"sexta-feira, 17 de junho de 2022",3964,4,4,R$ 6,R$ 24
9326,"terça-feira, 21 de junho de 2022",4914,4,4,R$ 6,R$ 24
9413,"sexta-feira, 24 de junho de 2022",5693,4,4,R$ 6,R$ 24
9430,"sábado, 25 de junho de 2022",1026,4,4,R$ 6,R$ 24
9474,"domingo, 26 de junho de 2022",5665,4,4,R$ 6,R$ 24
9499,"segunda-feira, 27 de junho de 2022",7968,4,4,R$ 6,R$ 24
9503,"terça-feira, 28 de junho de 2022",6034,4,4,R$ 6,R$ 24
9619,"sábado, 2 de julho de 2022",9811,4,4,R$ 6,R$ 24
9708,"terça-feira, 5 de julho de 2022",6528,4,4,R$ 6,R$ 24
9743,"quarta-feira, 6 de julho de 2022",7051,4,4,R$ 6,R$ 24
9763,"quinta-feira, 7 de julho de 2022",6547,4,4,R$ 6,R$ 24
9771,"quinta-feira, 7 de julho de 2022",896,4,4,R$ 6,R$ 24
9881,"segunda-feira, 11 de julho de 2022",8442,4,4,R$ 6,R$ 24
9920,"terça-feira, 12 de julho de 2022",8375,4,4,R$ 6,R$ 24
10026,"sábado, 16 de julho de 2022",1378,4,4,R$ 6,R$ 24
10088,"segunda-feira, 18 de julho de 2022",8298,4,4,R$ 6,R$ 24
10191,"quinta-feira, 21 de julho de 2022",3744,4,4,R$ 6,R$ 24
10223,"sábado, 23 de julho de 2022",6865,4,4,R$ 6,R$ 24
10318,"quarta-feira, 27 de julho de 2022",5644,4,4,R$ 6,R$ 24
10376,"sexta-feira, 29 de julho de 2022",8172,4,4,R$ 6,R$ 24
10469,"terça-feira, 2 de agosto de 2022",3761,4,4,R$ 6,R$ 24
10471,"terça-feira, 2 de agosto de 2022",5558,4,4,R$ 6,R$ 24
10520,"quarta-feira, 3 de agosto de 2022",4620,4,4,R$ 6,R$ 24
10589,"sábado, 6 de agosto de 2022",6019,4,4,R$ 6,R$ 24
10604,"domingo, 7 de agosto de 2022",5790,4,4,R$ 6,R$ 24
10611,"domingo, 7 de agosto de 2022",4072,4,4,R$ 6,R$ 24
10692,"quarta-feira, 10 de agosto de 2022",2443,4,4,R$ 6,R$ 24
10876,"quarta-feira, 17 de agosto de 2022",9830,4,4,R$ 6,R$ 24
10878,"quarta-feira, 17 de agosto de 2022",4111,4,4,R$ 6,R$ 24
11059,"quarta-feira, 24 de agosto de 2022",8380,4,4,R$ 6,R$ 24
11168,"domingo, 28 de agosto de 2022",5956,4,4,R$ 6,R$ 24
11284,"quinta-feira, 1 de setembro de 2022",2039,4,4,R$ 6,R$ 24
11385,"terça-feira, 6 de setembro de 2022",4961,4,4,R$ 6,R$ 24
11575,"terça-feira, 13 de setembro de 2022",5294,4,4,R$ 6,R$ 24
11836,"quinta-feira, 22 de setembro de 2022",5954,4,4,R$ 6,R$ 24
11957,"segunda-feira, 26 de setembro de 2022",5216,4,4,R$ 6,R$ 24
11973,"segunda-feira, 26 de setembro de 2022",1135,4,4,R$ 6,R$ 24
12079,"sexta-feira, 30 de setembro de 2022",9283,4,4,R$ 6,R$ 24
12100,"sábado, 1 de outubro de 2022",9573,4,4,R$ 6,R$ 24
12103,"sábado, 1 de outubro de 2022",6114,4,4,R$ 6,R$ 24
12176,"terça-feira, 4 de outubro de 2022",6347,4,4,R$ 6,R$ 24
12228,"quinta-feira, 6 de outubro de 2022",1607,4,4,R$ 6,R$ 24
12271,"sábado, 8 de outubro de 2022",8697,4,4,R$ 6,R$ 24
12309,"domingo, 9 de outubro de 2022",1449,4,4,R$ 6,R$ 24
12556,"quarta-feira, 19 de outubro de 2022",5954,4,4,R$ 6,R$ 24
12671,"sábado, 22 de outubro de 2022",274,4,4,R$ 6,R$ 24
12717,"segunda-feira, 24 de outubro de 2022",7373,4,4,R$ 6,R$ 24
12931,"segunda-feira, 31 de outubro de 2022",5871,4,4,R$ 6,R$ 24
12948,"terça-feira, 1 de novembro de 2022",2063,4,4,R$ 6,R$ 24
12968,"terça-feira, 1 de novembro de 2022",622,4,4,R$ 6,R$ 24
12991,"quarta-feira, 2 de novembro de 2022",7146,4,4,R$ 6,R$ 24
13006,"quarta-feira, 2 de novembro de 2022",1539,4,4,R$ 6,R$ 24
13020,"quinta-feira, 3 de novembro de 2022",2106,4,4,R$ 6,R$ 24
13071,"sábado, 5 de novembro de 2022",7746,4,4,R$ 6,R$ 24
13309,"domingo, 13 de novembro de 2022",4775,4,4,R$ 6,R$ 24
13320,"domingo, 13 de novembro de 2022",3201,4,4,R$ 6,R$ 24
13373,"quarta-feira, 16 de novembro de 2022",9507,4,4,R$ 6,R$ 24
13392,"quarta-feira, 16 de novembro de 2022",6531,4,4,R$ 6,R$ 24
13762,"sexta-feira, 2 de dezembro de 2022",5739,4,4,R$ 6,R$ 24
13841,"terça-feira, 6 de dezembro de 2022",5605,4,4,R$ 6,R$ 24
13846,"quarta-feira, 7 de dezembro de 2022",376,4,4,R$ 6,R$ 24
13938,"terça-feira, 13 de dezembro de 2022",540,4,4,R$ 6,R$ 24
7,"sexta-feira, 25 de dezembro de 2020",9673,5,4,R$ 7,R$ 28
111,"quinta-feira, 14 de janeiro de 2021",1254,5,4,R$ 7,R$ 28
163,"terça-feira, 19 de janeiro de 2021",3567,5,4,R$ 7,R$ 28
247,"quarta-feira, 27 de janeiro de 2021",3673,5,4,R$ 7,R$ 28
486,"terça-feira, 16 de fevereiro de 2021",5452,5,4,R$ 7,R$ 28
544,"domingo, 21 de fevereiro de 2021",6148,5,4,R$ 7,R$ 28
643,"domingo, 28 de fevereiro de 2021",4041,5,4,R$ 7,R$ 28
702,"sexta-feira, 5 de março de 2021",4621,5,4,R$ 7,R$ 28
775,"quarta-feira, 10 de março de 2021",6559,5,4,R$ 7,R$ 28
785,"quarta-feira, 10 de março de 2021",9213,5,4,R$ 7,R$ 28
827,"sábado, 13 de março de 2021",3097,5,4,R$ 7,R$ 28
887,"quinta-feira, 18 de março de 2021",9851,5,4,R$ 7,R$ 28
914,"sexta-feira, 19 de março de 2021",2756,5,4,R$ 7,R$ 28
966,"terça-feira, 23 de março de 2021",4774,5,4,R$ 7,R$ 28
1098,"quarta-feira, 31 de março de 2021",7490,5,4,R$ 7,R$ 28
1127,"sexta-feira, 2 de abril de 2021",7319,5,4,R$ 7,R$ 28
1150,"sábado, 3 de abril de 2021",4234,5,4,R$ 7,R$ 28
1175,"segunda-feira, 5 de abril de 2021",7526,5,4,R$ 7,R$ 28
1233,"sábado, 10 de abril de 2021",208,5,4,R$ 7,R$ 28
1343,"sábado, 17 de abril de 2021",823,5,4,R$ 7,R$ 28
1574,"terça-feira, 4 de maio de 2021",6854,5,4,R$ 7,R$ 28
1591,"quarta-feira, 5 de maio de 2021",1965,5,4,R$ 7,R$ 28
1630,"sexta-feira, 7 de maio de 2021",3981,5,4,R$ 7,R$ 28
1669,"segunda-feira, 10 de maio de 2021",4861,5,4,R$ 7,R$ 28
1743,"domingo, 16 de maio de 2021",229,5,4,R$ 7,R$ 28
1840,"segunda-feira, 24 de maio de 2021",4776,5,4,R$ 7,R$ 28
1849,"terça-feira, 25 de maio de 2021",3987,5,4,R$ 7,R$ 28
1866,"quarta-feira, 26 de maio de 2021",9419,5,4,R$ 7,R$ 28
1940,"terça-feira, 1 de junho de 2021",9898,5,4,R$ 7,R$ 28
2000,"sábado, 5 de junho de 2021",2255,5,4,R$ 7,R$ 28
2083,"segunda-feira, 14 de junho de 2021",5623,5,4,R$ 7,R$ 28
2220,"quinta-feira, 24 de junho de 2021",2715,5,4,R$ 7,R$ 28
2330,"domingo, 4 de julho de 2021",6288,5,4,R$ 7,R$ 28
2354,"quarta-feira, 7 de julho de 2021",4232,5,4,R$ 7,R$ 28
2411,"domingo, 11 de julho de 2021",4589,5,4,R$ 7,R$ 28
2472,"sexta-feira, 16 de julho de 2021",3285,5,4,R$ 7,R$ 28
2483,"sábado, 17 de julho de 2021",921,5,4,R$ 7,R$ 28
2596,"segunda-feira, 26 de julho de 2021",1244,5,4,R$ 7,R$ 28
2606,"terça-feira, 27 de julho de 2021",3719,5,4,R$ 7,R$ 28
2629,"quinta-feira, 29 de julho de 2021",9949,5,4,R$ 7,R$ 28
2658,"sábado, 31 de julho de 2021",4946,5,4,R$ 7,R$ 28
2798,"quarta-feira, 11 de agosto de 2021",6799,5,4,R$ 7,R$ 28
2849,"segunda-feira, 16 de agosto de 2021",3401,5,4,R$ 7,R$ 28
2877,"quarta-feira, 18 de agosto de 2021",9199,5,4,R$ 7,R$ 28
2950,"terça-feira, 24 de agosto de 2021",2376,5,4,R$ 7,R$ 28
3001,"sábado, 28 de agosto de 2021",6560,5,4,R$ 7,R$ 28
3022,"segunda-feira, 30 de agosto de 2021",5905,5,4,R$ 7,R$ 28
3032,"terça-feira, 31 de agosto de 2021",8189,5,4,R$ 7,R$ 28
3182,"domingo, 12 de setembro de 2021",399,5,4,R$ 7,R$ 28
3197,"segunda-feira, 13 de setembro de 2021",8684,5,4,R$ 7,R$ 28
3315,"sexta-feira, 24 de setembro de 2021",545,5,4,R$ 7,R$ 28
3328,"sábado, 25 de setembro de 2021",4898,5,4,R$ 7,R$ 28
3415,"sábado, 2 de outubro de 2021",7666,5,4,R$ 7,R$ 28
3737,"sexta-feira, 29 de outubro de 2021",7362,5,4,R$ 7,R$ 28
3757,"sábado, 30 de outubro de 2021",2298,5,4,R$ 7,R$ 28
3855,"sábado, 6 de novembro de 2021",5514,5,4,R$ 7,R$ 28
3869,"domingo, 7 de novembro de 2021",4320,5,4,R$ 7,R$ 28
4029,"sexta-feira, 19 de novembro de 2021",10173,5,4,R$ 7,R$ 28
4040,"sábado, 20 de novembro de 2021",4081,5,4,R$ 7,R$ 28
4101,"quarta-feira, 24 de novembro de 2021",1090,5,4,R$ 7,R$ 28
4138,"sábado, 27 de novembro de 2021",9176,5,4,R$ 7,R$ 28
4228,"sexta-feira, 3 de dezembro de 2021",5707,5,4,R$ 7,R$ 28
4273,"segunda-feira, 6 de dezembro de 2021",6788,5,4,R$ 7,R$ 28
4282,"segunda-feira, 6 de dezembro de 2021",8753,5,4,R$ 7,R$ 28
4508,"segunda-feira, 20 de dezembro de 2021",472,5,4,R$ 7,R$ 28
4544,"quarta-feira, 22 de dezembro de 2021",7056,5,4,R$ 7,R$ 28
4596,"sábado, 25 de dezembro de 2021",8466,5,4,R$ 7,R$ 28
4611,"domingo, 26 de dezembro de 2021",10098,5,4,R$ 7,R$ 28
4621,"domingo, 26 de dezembro de 2021",10271,5,4,R$ 7,R$ 28
4814,"terça-feira, 4 de janeiro de 2022",9510,5,4,R$ 7,R$ 28
4922,"domingo, 9 de janeiro de 2022",2648,5,4,R$ 7,R$ 28
5006,"quarta-feira, 12 de janeiro de 2022",9610,5,4,R$ 7,R$ 28
5072,"sábado, 15 de janeiro de 2022",5050,5,4,R$ 7,R$ 28
5118,"segunda-feira, 17 de janeiro de 2022",9728,5,4,R$ 7,R$ 28
5330,"terça-feira, 25 de janeiro de 2022",1556,5,4,R$ 7,R$ 28
5332,"terça-feira, 25 de janeiro de 2022",3363,5,4,R$ 7,R$ 28
5431,"sábado, 29 de janeiro de 2022",3692,5,4,R$ 7,R$ 28
5451,"domingo, 30 de janeiro de 2022",8548,5,4,R$ 7,R$ 28
5678,"segunda-feira, 7 de fevereiro de 2022",1947,5,4,R$ 7,R$ 28
5756,"quarta-feira, 9 de fevereiro de 2022",3234,5,4,R$ 7,R$ 28
5794,"sexta-feira, 11 de fevereiro de 2022",5478,5,4,R$ 7,R$ 28
5940,"quarta-feira, 16 de fevereiro de 2022",704,5,4,R$ 7,R$ 28
5952,"quarta-feira, 16 de fevereiro de 2022",9200,5,4,R$ 7,R$ 28
6000,"sexta-feira, 18 de fevereiro de 2022",3366,5,4,R$ 7,R$ 28
6136,"quarta-feira, 23 de fevereiro de 2022",7155,5,4,R$ 7,R$ 28
6255,"domingo, 27 de fevereiro de 2022",5953,5,4,R$ 7,R$ 28
6282,"domingo, 27 de fevereiro de 2022",5099,5,4,R$ 7,R$ 28
6326,"terça-feira, 1 de março de 2022",1785,5,4,R$ 7,R$ 28
6370,"quinta-feira, 3 de março de 2022",9848,5,4,R$ 7,R$ 28
6653,"segunda-feira, 14 de março de 2022",6934,5,4,R$ 7,R$ 28
6897,"quinta-feira, 24 de março de 2022",43,5,4,R$ 7,R$ 28
6925,"sexta-feira, 25 de março de 2022",5295,5,4,R$ 7,R$ 28
6953,"sábado, 26 de março de 2022",2434,5,4,R$ 7,R$ 28
7053,"terça-feira, 29 de março de 2022",3293,5,4,R$ 7,R$ 28
7219,"segunda-feira, 4 de abril de 2022",1770,5,4,R$ 7,R$ 28
7269,"quinta-feira, 7 de abril de 2022",2118,5,4,R$ 7,R$ 28
7329,"sexta-feira, 8 de abril de 2022",8995,5,4,R$ 7,R$ 28
7339,"sábado, 9 de abril de 2022",3797,5,4,R$ 7,R$ 28
7391,"segunda-feira, 11 de abril de 2022",5081,5,4,R$ 7,R$ 28
7464,"quinta-feira, 14 de abril de 2022",9178,5,4,R$ 7,R$ 28
7486,"sexta-feira, 15 de abril de 2022",8915,5,4,R$ 7,R$ 28
7532,"domingo, 17 de abril de 2022",9435,5,4,R$ 7,R$ 28
7654,"quinta-feira, 21 de abril de 2022",878,5,4,R$ 7,R$ 28
7722,"sábado, 23 de abril de 2022",2532,5,4,R$ 7,R$ 28
7749,"domingo, 24 de abril de 2022",4300,5,4,R$ 7,R$ 28
7775,"segunda-feira, 25 de abril de 2022",7312,5,4,R$ 7,R$ 28
7825,"quarta-feira, 27 de abril de 2022",6569,5,4,R$ 7,R$ 28
8002,"quarta-feira, 4 de maio de 2022",8966,5,4,R$ 7,R$ 28
8032,"quinta-feira, 5 de maio de 2022",1017,5,4,R$ 7,R$ 28
8183,"segunda-feira, 9 de maio de 2022",3419,5,4,R$ 7,R$ 28
8321,"domingo, 15 de maio de 2022",8415,5,4,R$ 7,R$ 28
8380,"terça-feira, 17 de maio de 2022",1166,5,4,R$ 7,R$ 28
8397,"quarta-feira, 18 de maio de 2022",1162,5,4,R$ 7,R$ 28
8493,"sábado, 21 de maio de 2022",4664,5,4,R$ 7,R$ 28
8502,"domingo, 22 de maio de 2022",7726,5,4,R$ 7,R$ 28
8580,"terça-feira, 24 de maio de 2022",52,5,4,R$ 7,R$ 28
8676,"sábado, 28 de maio de 2022",1053,5,4,R$ 7,R$ 28
8715,"domingo, 29 de maio de 2022",8245,5,4,R$ 7,R$ 28
8721,"domingo, 29 de maio de 2022",2118,5,4,R$ 7,R$ 28
8730,"domingo, 29 de maio de 2022",5509,5,4,R$ 7,R$ 28
8972,"quarta-feira, 8 de junho de 2022",7560,5,4,R$ 7,R$ 28
9076,"sábado, 11 de junho de 2022",4043,5,4,R$ 7,R$ 28
9099,"domingo, 12 de junho de 2022",476,5,4,R$ 7,R$ 28
9118,"segunda-feira, 13 de junho de 2022",4021,5,4,R$ 7,R$ 28
9461,"domingo, 26 de junho de 2022",534,5,4,R$ 7,R$ 28
9476,"domingo, 26 de junho de 2022",3749,5,4,R$ 7,R$ 28
9485,"segunda-feira, 27 de junho de 2022",3080,5,4,R$ 7,R$ 28
9509,"terça-feira, 28 de junho de 2022",244,5,4,R$ 7,R$ 28
9537,"quarta-feira, 29 de junho de 2022",4620,5,4,R$ 7,R$ 28
9553,"quarta-feira, 29 de junho de 2022",1537,5,4,R$ 7,R$ 28
9697,"segunda-feira, 4 de julho de 2022",2646,5,4,R$ 7,R$ 28
9950,"quarta-feira, 13 de julho de 2022",749,5,4,R$ 7,R$ 28
10129,"terça-feira, 19 de julho de 2022",3476,5,4,R$ 7,R$ 28
10166,"quarta-feira, 20 de julho de 2022",9304,5,4,R$ 7,R$ 28
10373,"sexta-feira, 29 de julho de 2022",4686,5,4,R$ 7,R$ 28
10391,"sexta-feira, 29 de julho de 2022",355,5,4,R$ 7,R$ 28
10494,"quarta-feira, 3 de agosto de 2022",9610,5,4,R$ 7,R$ 28
10581,"sábado, 6 de agosto de 2022",9578,5,4,R$ 7,R$ 28
10653,"terça-feira, 9 de agosto de 2022",9038,5,4,R$ 7,R$ 28
10658,"terça-feira, 9 de agosto de 2022",6027,5,4,R$ 7,R$ 28
10749,"sexta-feira, 12 de agosto de 2022",10208,5,4,R$ 7,R$ 28
10759,"sexta-feira, 12 de agosto de 2022",4748,5,4,R$ 7,R$ 28
10762,"sábado, 13 de agosto de 2022",24,5,4,R$ 7,R$ 28
10766,"sábado, 13 de agosto de 2022",3933,5,4,R$ 7,R$ 28
10825,"domingo, 14 de agosto de 2022",8692,5,4,R$ 7,R$ 28
10965,"sábado, 20 de agosto de 2022",5557,5,4,R$ 7,R$ 28
11109,"sexta-feira, 26 de agosto de 2022",4226,5,4,R$ 7,R$ 28
11150,"sábado, 27 de agosto de 2022",3518,5,4,R$ 7,R$ 28
11201,"terça-feira, 30 de agosto de 2022",3746,5,4,R$ 7,R$ 28
11214,"terça-feira, 30 de agosto de 2022",3086,5,4,R$ 7,R$ 28
11216,"terça-feira, 30 de agosto de 2022",2480,5,4,R$ 7,R$ 28
11289,"quinta-feira, 1 de setembro de 2022",1442,5,4,R$ 7,R$ 28
11335,"domingo, 4 de setembro de 2022",7607,5,4,R$ 7,R$ 28
11338,"domingo, 4 de setembro de 2022",1117,5,4,R$ 7,R$ 28
11415,"quarta-feira, 7 de setembro de 2022",218,5,4,R$ 7,R$ 28
11453,"quinta-feira, 8 de setembro de 2022",238,5,4,R$ 7,R$ 28
11518,"sábado, 10 de setembro de 2022",5970,5,4,R$ 7,R$ 28
11577,"terça-feira, 13 de setembro de 2022",1745,5,4,R$ 7,R$ 28
11835,"quinta-feira, 22 de setembro de 2022",3881,5,4,R$ 7,R$ 28
11856,"sexta-feira, 23 de setembro de 2022",7801,5,4,R$ 7,R$ 28
11975,"segunda-feira, 26 de setembro de 2022",9224,5,4,R$ 7,R$ 28
12012,"quarta-feira, 28 de setembro de 2022",3003,5,4,R$ 7,R$ 28
12017,"quarta-feira, 28 de setembro de 2022",9549,5,4,R$ 7,R$ 28
12019,"quarta-feira, 28 de setembro de 2022",1031,5,4,R$ 7,R$ 28
12138,"segunda-feira, 3 de outubro de 2022",10166,5,4,R$ 7,R$ 28
12298,"domingo, 9 de outubro de 2022",5340,5,4,R$ 7,R$ 28
12361,"terça-feira, 11 de outubro de 2022",6034,5,4,R$ 7,R$ 28
12483,"domingo, 16 de outubro de 2022",1961,5,4,R$ 7,R$ 28
12506,"domingo, 16 de outubro de 2022",8561,5,4,R$ 7,R$ 28
12531,"segunda-feira, 17 de outubro de 2022",10047,5,4,R$ 7,R$ 28
12620,"quinta-feira, 20 de outubro de 2022",3552,5,4,R$ 7,R$ 28
12680,"sábado, 22 de outubro de 2022",1124,5,4,R$ 7,R$ 28
12720,"segunda-feira, 24 de outubro de 2022",4165,5,4,R$ 7,R$ 28
12874,"sábado, 29 de outubro de 2022",481,5,4,R$ 7,R$ 28
12945,"terça-feira, 1 de novembro de 2022",8500,5,4,R$ 7,R$ 28
12995,"quarta-feira, 2 de novembro de 2022",2929,5,4,R$ 7,R$ 28
13059,"sexta-feira, 4 de novembro de 2022",5124,5,4,R$ 7,R$ 28
13202,"quinta-feira, 10 de novembro de 2022",1966,5,4,R$ 7,R$ 28
13310,"domingo, 13 de novembro de 2022",8840,5,4,R$ 7,R$ 28
13447,"sexta-feira, 18 de novembro de 2022",7696,5,4,R$ 7,R$ 28
13463,"sábado, 19 de novembro de 2022",8279,5,4,R$ 7,R$ 28
13475,"domingo, 20 de novembro de 2022",1051,5,4,R$ 7,R$ 28
13690,"terça-feira, 29 de novembro de 2022",8710,5,4,R$ 7,R$ 28
13696,"terça-feira, 29 de novembro de 2022",5829,5,4,R$ 7,R$ 28
13757,"sexta-feira, 2 de dezembro de 2022",9005,5,4,R$ 7,R$ 28
13767,"sexta-feira, 2 de dezembro de 2022",5313,5,4,R$ 7,R$ 28
13794,"sábado, 3 de dezembro de 2022",9142,5,4,R$ 7,R$ 28
13807,"domingo, 4 de dezembro de 2022",7641,5,4,R$ 7,R$ 28
13883,"sexta-feira, 9 de dezembro de 2022",3858,5,4,R$ 7,R$ 28
13914,"domingo, 11 de dezembro de 2022",1394,5,4,R$ 7,R$ 28
13946,"quarta-feira, 14 de dezembro de 2022",4127,5,4,R$ 7,R$ 28
13987,"segunda-feira, 19 de dezembro de 2022",5050,5,4,R$ 7,R$ 28
14031,"domingo, 25 de dezembro de 2022",7663,5,4,R$ 7,R$ 28
41,"sexta-feira, 1 de janeiro de 2021",1161,8,5,R$ 45,R$ 225
92,"terça-feira, 12 de janeiro de 2021",1681,8,5,R$ 45,R$ 225
178,"quarta-feira, 20 de janeiro de 2021",4445,8,5,R$ 45,R$ 225
201,"sábado, 23 de janeiro de 2021",4727,8,5,R$ 45,R$ 225
370,"sábado, 6 de fevereiro de 2021",4727,8,5,R$ 45,R$ 225
390,"domingo, 7 de fevereiro de 2021",8215,8,5,R$ 45,R$ 225
543,"domingo, 21 de fevereiro de 2021",439,8,5,R$ 45,R$ 225
720,"sábado, 6 de março de 2021",9487,8,5,R$ 45,R$ 225
742,"segunda-feira, 8 de março de 2021",541,8,5,R$ 45,R$ 225
815,"sexta-feira, 12 de março de 2021",4954,8,5,R$ 45,R$ 225
839,"domingo, 14 de março de 2021",4461,8,5,R$ 45,R$ 225
1063,"segunda-feira, 29 de março de 2021",9810,8,5,R$ 45,R$ 225
1155,"domingo, 4 de abril de 2021",1938,8,5,R$ 45,R$ 225
1192,"quarta-feira, 7 de abril de 2021",6516,8,5,R$ 45,R$ 225
1223,"sexta-feira, 9 de abril de 2021",7059,8,5,R$ 45,R$ 225
1272,"segunda-feira, 12 de abril de 2021",9967,8,5,R$ 45,R$ 225
1314,"quinta-feira, 15 de abril de 2021",4597,8,5,R$ 45,R$ 225
1319,"quinta-feira, 15 de abril de 2021",5532,8,5,R$ 45,R$ 225
1381,"segunda-feira, 19 de abril de 2021",9797,8,5,R$ 45,R$ 225
1448,"sábado, 24 de abril de 2021",9364,8,5,R$ 45,R$ 225
1466,"domingo, 25 de abril de 2021",6184,8,5,R$ 45,R$ 225
1566,"segunda-feira, 3 de maio de 2021",9491,8,5,R$ 45,R$ 225
1588,"terça-feira, 4 de maio de 2021",3935,8,5,R$ 45,R$ 225
1672,"segunda-feira, 10 de maio de 2021",7072,8,5,R$ 45,R$ 225
1679,"terça-feira, 11 de maio de 2021",7831,8,5,R$ 45,R$ 225
1843,"segunda-feira, 24 de maio de 2021",2890,8,5,R$ 45,R$ 225
1869,"quarta-feira, 26 de maio de 2021",8181,8,5,R$ 45,R$ 225
2104,"quarta-feira, 16 de junho de 2021",7906,8,5,R$ 45,R$ 225
2129,"sexta-feira, 18 de junho de 2021",856,8,5,R$ 45,R$ 225
2230,"sexta-feira, 25 de junho de 2021",9163,8,5,R$ 45,R$ 225
2248,"domingo, 27 de junho de 2021",8283,8,5,R$ 45,R$ 225
2677,"segunda-feira, 2 de agosto de 2021",7031,8,5,R$ 45,R$ 225
2689,"terça-feira, 3 de agosto de 2021",5984,8,5,R$ 45,R$ 225
2700,"quarta-feira, 4 de agosto de 2021",6400,8,5,R$ 45,R$ 225
2802,"quinta-feira, 12 de agosto de 2021",9825,8,5,R$ 45,R$ 225
2833,"sábado, 14 de agosto de 2021",4240,8,5,R$ 45,R$ 225
2953,"terça-feira, 24 de agosto de 2021",36,8,5,R$ 45,R$ 225
2969,"quarta-feira, 25 de agosto de 2021",7359,8,5,R$ 45,R$ 225
3177,"domingo, 12 de setembro de 2021",192,8,5,R$ 45,R$ 225
3217,"quarta-feira, 15 de setembro de 2021",1874,8,5,R$ 45,R$ 225
3250,"sábado, 18 de setembro de 2021",4700,8,5,R$ 45,R$ 225
3419,"domingo, 3 de outubro de 2021",5353,8,5,R$ 45,R$ 225
3449,"segunda-feira, 4 de outubro de 2021",4903,8,5,R$ 45,R$ 225
3454,"terça-feira, 5 de outubro de 2021",7203,8,5,R$ 45,R$ 225
3729,"quinta-feira, 28 de outubro de 2021",5289,8,5,R$ 45,R$ 225
3756,"sexta-feira, 29 de outubro de 2021",8003,8,5,R$ 45,R$ 225
3781,"domingo, 31 de outubro de 2021",9867,8,5,R$ 45,R$ 225
3822,"quinta-feira, 4 de novembro de 2021",4029,8,5,R$ 45,R$ 225
3876,"segunda-feira, 8 de novembro de 2021",9101,8,5,R$ 45,R$ 225
3938,"sábado, 13 de novembro de 2021",3718,8,5,R$ 45,R$ 225
4266,"domingo, 5 de dezembro de 2021",10174,8,5,R$ 45,R$ 225
4280,"segunda-feira, 6 de dezembro de 2021",7072,8,5,R$ 45,R$ 225
4432,"quinta-feira, 16 de dezembro de 2021",9728,8,5,R$ 45,R$ 225
4574,"sexta-feira, 24 de dezembro de 2021",1295,8,5,R$ 45,R$ 225
4835,"quarta-feira, 5 de janeiro de 2022",6855,8,5,R$ 45,R$ 225
4881,"sexta-feira, 7 de janeiro de 2022",3787,8,5,R$ 45,R$ 225
4897,"sábado, 8 de janeiro de 2022",1773,8,5,R$ 45,R$ 225
5029,"quinta-feira, 13 de janeiro de 2022",3302,8,5,R$ 45,R$ 225
5204,"quinta-feira, 20 de janeiro de 2022",9989,8,5,R$ 45,R$ 225
5286,"segunda-feira, 24 de janeiro de 2022",1706,8,5,R$ 45,R$ 225
5402,"sexta-feira, 28 de janeiro de 2022",2063,8,5,R$ 45,R$ 225
5425,"sábado, 29 de janeiro de 2022",3596,8,5,R$ 45,R$ 225
5472,"segunda-feira, 31 de janeiro de 2022",5512,8,5,R$ 45,R$ 225
5484,"segunda-feira, 31 de janeiro de 2022",5067,8,5,R$ 45,R$ 225
5719,"terça-feira, 8 de fevereiro de 2022",2572,8,5,R$ 45,R$ 225
5807,"sexta-feira, 11 de fevereiro de 2022",4633,8,5,R$ 45,R$ 225
6057,"domingo, 20 de fevereiro de 2022",4043,8,5,R$ 45,R$ 225
6072,"domingo, 20 de fevereiro de 2022",1390,8,5,R$ 45,R$ 225
6083,"segunda-feira, 21 de fevereiro de 2022",8915,8,5,R$ 45,R$ 225
6263,"domingo, 27 de fevereiro de 2022",2802,8,5,R$ 45,R$ 225
6338,"terça-feira, 1 de março de 2022",6462,8,5,R$ 45,R$ 225
6414,"sábado, 5 de março de 2022",10190,8,5,R$ 45,R$ 225
6436,"sábado, 5 de março de 2022",5682,8,5,R$ 45,R$ 225
6494,"terça-feira, 8 de março de 2022",8087,8,5,R$ 45,R$ 225
6595,"sexta-feira, 11 de março de 2022",2494,8,5,R$ 45,R$ 225
6606,"sábado, 12 de março de 2022",3587,8,5,R$ 45,R$ 225
6700,"terça-feira, 15 de março de 2022",704,8,5,R$ 45,R$ 225
6830,"segunda-feira, 21 de março de 2022",5746,8,5,R$ 45,R$ 225
6848,"terça-feira, 22 de março de 2022",7486,8,5,R$ 45,R$ 225
7018,"segunda-feira, 28 de março de 2022",9944,8,5,R$ 45,R$ 225
7037,"terça-feira, 29 de março de 2022",2464,8,5,R$ 45,R$ 225
7136,"sexta-feira, 1 de abril de 2022",5418,8,5,R$ 45,R$ 225
7150,"sábado, 2 de abril de 2022",10024,8,5,R$ 45,R$ 225
7161,"sábado, 2 de abril de 2022",7132,8,5,R$ 45,R$ 225
7192,"domingo, 3 de abril de 2022",2735,8,5,R$ 45,R$ 225
7284,"quinta-feira, 7 de abril de 2022",4250,8,5,R$ 45,R$ 225
7332,"sábado, 9 de abril de 2022",4495,8,5,R$ 45,R$ 225
7356,"domingo, 10 de abril de 2022",9129,8,5,R$ 45,R$ 225
7497,"sexta-feira, 15 de abril de 2022",10002,8,5,R$ 45,R$ 225
7695,"sexta-feira, 22 de abril de 2022",9444,8,5,R$ 45,R$ 225
7866,"sexta-feira, 29 de abril de 2022",9366,8,5,R$ 45,R$ 225
7888,"sexta-feira, 29 de abril de 2022",6100,8,5,R$ 45,R$ 225
8133,"domingo, 8 de maio de 2022",7519,8,5,R$ 45,R$ 225
8260,"sexta-feira, 13 de maio de 2022",2705,8,5,R$ 45,R$ 225
8304,"sábado, 14 de maio de 2022",4829,8,5,R$ 45,R$ 225
8375,"terça-feira, 17 de maio de 2022",8564,8,5,R$ 45,R$ 225
8446,"sexta-feira, 20 de maio de 2022",60,8,5,R$ 45,R$ 225
8548,"segunda-feira, 23 de maio de 2022",7185,8,5,R$ 45,R$ 225
8652,"sexta-feira, 27 de maio de 2022",4377,8,5,R$ 45,R$ 225
8672,"sexta-feira, 27 de maio de 2022",8915,8,5,R$ 45,R$ 225
8865,"sábado, 4 de junho de 2022",7033,8,5,R$ 45,R$ 225
8876,"sábado, 4 de junho de 2022",2947,8,5,R$ 45,R$ 225
9011,"quinta-feira, 9 de junho de 2022",896,8,5,R$ 45,R$ 225
9043,"sexta-feira, 10 de junho de 2022",1408,8,5,R$ 45,R$ 225
9049,"sexta-feira, 10 de junho de 2022",1265,8,5,R$ 45,R$ 225
9124,"segunda-feira, 13 de junho de 2022",518,8,5,R$ 45,R$ 225
9307,"segunda-feira, 20 de junho de 2022",6488,8,5,R$ 45,R$ 225
9311,"segunda-feira, 20 de junho de 2022",5410,8,5,R$ 45,R$ 225
9338,"terça-feira, 21 de junho de 2022",9644,8,5,R$ 45,R$ 225
9540,"quarta-feira, 29 de junho de 2022",4319,8,5,R$ 45,R$ 225
9830,"sábado, 9 de julho de 2022",1172,8,5,R$ 45,R$ 225
9922,"terça-feira, 12 de julho de 2022",8752,8,5,R$ 45,R$ 225
10050,"domingo, 17 de julho de 2022",2175,8,5,R$ 45,R$ 225
10074,"domingo, 17 de julho de 2022",8775,8,5,R$ 45,R$ 225
10090,"segunda-feira, 18 de julho de 2022",2065,8,5,R$ 45,R$ 225
10134,"terça-feira, 19 de julho de 2022",950,8,5,R$ 45,R$ 225
10213,"sexta-feira, 22 de julho de 2022",1845,8,5,R$ 45,R$ 225
10300,"terça-feira, 26 de julho de 2022",587,8,5,R$ 45,R$ 225
10336,"quarta-feira, 27 de julho de 2022",3330,8,5,R$ 45,R$ 225
10350,"quinta-feira, 28 de julho de 2022",1259,8,5,R$ 45,R$ 225
10427,"domingo, 31 de julho de 2022",8510,8,5,R$ 45,R$ 225
10530,"quinta-feira, 4 de agosto de 2022",6970,8,5,R$ 45,R$ 225
10582,"sábado, 6 de agosto de 2022",1197,8,5,R$ 45,R$ 225
10596,"domingo, 7 de agosto de 2022",6205,8,5,R$ 45,R$ 225
10686,"quarta-feira, 10 de agosto de 2022",5844,8,5,R$ 45,R$ 225
10776,"sábado, 13 de agosto de 2022",2535,8,5,R$ 45,R$ 225
10856,"terça-feira, 16 de agosto de 2022",5129,8,5,R$ 45,R$ 225
10896,"quarta-feira, 17 de agosto de 2022",995,8,5,R$ 45,R$ 225
11063,"quarta-feira, 24 de agosto de 2022",5313,8,5,R$ 45,R$ 225
11095,"quinta-feira, 25 de agosto de 2022",569,8,5,R$ 45,R$ 225
11163,"domingo, 28 de agosto de 2022",3002,8,5,R$ 45,R$ 225
11348,"domingo, 4 de setembro de 2022",9049,8,5,R$ 45,R$ 225
11400,"terça-feira, 6 de setembro de 2022",5977,8,5,R$ 45,R$ 225
11656,"sexta-feira, 16 de setembro de 2022",2594,8,5,R$ 45,R$ 225
11787,"terça-feira, 20 de setembro de 2022",8945,8,5,R$ 45,R$ 225
12046,"quinta-feira, 29 de setembro de 2022",7322,8,5,R$ 45,R$ 225
12570,"quarta-feira, 19 de outubro de 2022",3858,8,5,R$ 45,R$ 225
12623,"quinta-feira, 20 de outubro de 2022",2111,8,5,R$ 45,R$ 225
12796,"quarta-feira, 26 de outubro de 2022",4049,8,5,R$ 45,R$ 225
12891,"domingo, 30 de outubro de 2022",6227,8,5,R$ 45,R$ 225
12986,"quarta-feira, 2 de novembro de 2022",911,8,5,R$ 45,R$ 225
13142,"terça-feira, 8 de novembro de 2022",3291,8,5,R$ 45,R$ 225
13326,"segunda-feira, 14 de novembro de 2022",4198,8,5,R$ 45,R$ 225
13506,"segunda-feira, 21 de novembro de 2022",1319,8,5,R$ 45,R$ 225
13548,"quarta-feira, 23 de novembro de 2022",4361,8,5,R$ 45,R$ 225
13652,"domingo, 27 de novembro de 2022",2592,8,5,R$ 45,R$ 225
13685,"terça-feira, 29 de novembro de 2022",5657,8,5,R$ 45,R$ 225
13706,"terça-feira, 29 de novembro de 2022",3909,8,5,R$ 45,R$ 225
13748,"quinta-feira, 1 de dezembro de 2022",2559,8,5,R$ 45,R$ 225
13796,"sábado, 3 de dezembro de 2022",9800,8,5,R$ 45,R$ 225
13897,"sábado, 10 de dezembro de 2022",2175,8,5,R$ 45,R$ 225
14039,"domingo, 25 de dezembro de 2022",4094,8,5,R$ 45,R$ 225
16,"domingo, 3 de janeiro de 2021",5230,13,5,R$ 50,R$ 250
19,"quarta-feira, 6 de janeiro de 2021",354,13,5,R$ 50,R$ 250
27,"quinta-feira, 14 de janeiro de 2021",1918,13,5,R$ 50,R$ 250
94,"terça-feira, 12 de janeiro de 2021",9175,13,5,R$ 50,R$ 250
373,"sábado, 6 de fevereiro de 2021",2918,13,5,R$ 50,R$ 250
527,"sexta-feira, 19 de fevereiro de 2021",6180,13,5,R$ 50,R$ 250
557,"segunda-feira, 22 de fevereiro de 2021",64,13,5,R$ 50,R$ 250
598,"sexta-feira, 26 de fevereiro de 2021",9728,13,5,R$ 50,R$ 250
677,"quarta-feira, 3 de março de 2021",5341,13,5,R$ 50,R$ 250
902,"quinta-feira, 18 de março de 2021",4670,13,5,R$ 50,R$ 250
938,"sábado, 20 de março de 2021",3925,13,5,R$ 50,R$ 250
1139,"sábado, 3 de abril de 2021",6554,13,5,R$ 50,R$ 250
1146,"sábado, 3 de abril de 2021",806,13,5,R$ 50,R$ 250
1177,"segunda-feira, 5 de abril de 2021",10058,13,5,R$ 50,R$ 250
1193,"quarta-feira, 7 de abril de 2021",7768,13,5,R$ 50,R$ 250
1390,"terça-feira, 20 de abril de 2021",827,13,5,R$ 50,R$ 250
1539,"sábado, 1 de maio de 2021",8411,13,5,R$ 50,R$ 250
1542,"domingo, 2 de maio de 2021",5387,13,5,R$ 50,R$ 250
1550,"domingo, 2 de maio de 2021",2443,13,5,R$ 50,R$ 250
1575,"terça-feira, 4 de maio de 2021",1110,13,5,R$ 50,R$ 250
1584,"terça-feira, 4 de maio de 2021",7359,13,5,R$ 50,R$ 250
1654,"domingo, 9 de maio de 2021",6051,13,5,R$ 50,R$ 250
1688,"quarta-feira, 12 de maio de 2021",9225,13,5,R$ 50,R$ 250
1786,"quinta-feira, 20 de maio de 2021",1124,13,5,R$ 50,R$ 250
1815,"sábado, 22 de maio de 2021",7051,13,5,R$ 50,R$ 250
1921,"domingo, 30 de maio de 2021",3816,13,5,R$ 50,R$ 250
1927,"segunda-feira, 31 de maio de 2021",9050,13,5,R$ 50,R$ 250
1999,"sábado, 5 de junho de 2021",7818,13,5,R$ 50,R$ 250
2016,"segunda-feira, 7 de junho de 2021",2483,13,5,R$ 50,R$ 250
2117,"quinta-feira, 17 de junho de 2021",406,13,5,R$ 50,R$ 250
2239,"sábado, 26 de junho de 2021",5056,13,5,R$ 50,R$ 250
2253,"segunda-feira, 28 de junho de 2021",8310,13,5,R$ 50,R$ 250
2312,"sexta-feira, 2 de julho de 2021",3688,13,5,R$ 50,R$ 250
2362,"quinta-feira, 8 de julho de 2021",1130,13,5,R$ 50,R$ 250
2530,"terça-feira, 20 de julho de 2021",760,13,5,R$ 50,R$ 250
2815,"quinta-feira, 12 de agosto de 2021",1610,13,5,R$ 50,R$ 250
3000,"sábado, 28 de agosto de 2021",2460,13,5,R$ 50,R$ 250
3120,"terça-feira, 7 de setembro de 2021",4503,13,5,R$ 50,R$ 250
3230,"quinta-feira, 16 de setembro de 2021",3310,13,5,R$ 50,R$ 250
3302,"quarta-feira, 22 de setembro de 2021",7182,13,5,R$ 50,R$ 250
3316,"sexta-feira, 24 de setembro de 2021",9781,13,5,R$ 50,R$ 250
3730,"quinta-feira, 28 de outubro de 2021",3065,13,5,R$ 50,R$ 250
3818,"quarta-feira, 3 de novembro de 2021",1825,13,5,R$ 50,R$ 250
3836,"quinta-feira, 4 de novembro de 2021",1802,13,5,R$ 50,R$ 250
3910,"quinta-feira, 11 de novembro de 2021",8998,13,5,R$ 50,R$ 250
4006,"quinta-feira, 18 de novembro de 2021",4239,13,5,R$ 50,R$ 250
4061,"domingo, 21 de novembro de 2021",7750,13,5,R$ 50,R$ 250
4205,"quinta-feira, 2 de dezembro de 2021",1110,13,5,R$ 50,R$ 250
4276,"segunda-feira, 6 de dezembro de 2021",533,13,5,R$ 50,R$ 250
4351,"sábado, 11 de dezembro de 2021",3827,13,5,R$ 50,R$ 250
4492,"domingo, 19 de dezembro de 2021",7977,13,5,R$ 50,R$ 250
4812,"terça-feira, 4 de janeiro de 2022",4051,13,5,R$ 50,R$ 250
4965,"terça-feira, 11 de janeiro de 2022",6893,13,5,R$ 50,R$ 250
4984,"terça-feira, 11 de janeiro de 2022",2024,13,5,R$ 50,R$ 250
5082,"sábado, 15 de janeiro de 2022",7328,13,5,R$ 50,R$ 250
5277,"domingo, 23 de janeiro de 2022",8769,13,5,R$ 50,R$ 250
5285,"domingo, 23 de janeiro de 2022",8430,13,5,R$ 50,R$ 250
5341,"quarta-feira, 26 de janeiro de 2022",6799,13,5,R$ 50,R$ 250
5514,"terça-feira, 1 de fevereiro de 2022",8564,13,5,R$ 50,R$ 250
5572,"quinta-feira, 3 de fevereiro de 2022",1823,13,5,R$ 50,R$ 250
5706,"terça-feira, 8 de fevereiro de 2022",5223,13,5,R$ 50,R$ 250
5957,"quinta-feira, 17 de fevereiro de 2022",1249,13,5,R$ 50,R$ 250
5971,"quinta-feira, 17 de fevereiro de 2022",3032,13,5,R$ 50,R$ 250
6081,"segunda-feira, 21 de fevereiro de 2022",2947,13,5,R$ 50,R$ 250
6107,"terça-feira, 22 de fevereiro de 2022",995,13,5,R$ 50,R$ 250
6187,"quinta-feira, 24 de fevereiro de 2022",2587,13,5,R$ 50,R$ 250
6262,"domingo, 27 de fevereiro de 2022",5973,13,5,R$ 50,R$ 250
6278,"domingo, 27 de fevereiro de 2022",9951,13,5,R$ 50,R$ 250
6315,"terça-feira, 1 de março de 2022",8146,13,5,R$ 50,R$ 250
6447,"domingo, 6 de março de 2022",4768,13,5,R$ 50,R$ 250
6480,"segunda-feira, 7 de março de 2022",8592,13,5,R$ 50,R$ 250
6671,"segunda-feira, 14 de março de 2022",5473,13,5,R$ 50,R$ 250
6927,"sexta-feira, 25 de março de 2022",2048,13,5,R$ 50,R$ 250
6930,"sexta-feira, 25 de março de 2022",9586,13,5,R$ 50,R$ 250
7001,"segunda-feira, 28 de março de 2022",9414,13,5,R$ 50,R$ 250
7002,"segunda-feira, 28 de março de 2022",3854,13,5,R$ 50,R$ 250
7038,"terça-feira, 29 de março de 2022",1820,13,5,R$ 50,R$ 250
7133,"sexta-feira, 1 de abril de 2022",2263,13,5,R$ 50,R$ 250
7147,"sábado, 2 de abril de 2022",1662,13,5,R$ 50,R$ 250
7245,"terça-feira, 5 de abril de 2022",6033,13,5,R$ 50,R$ 250
7568,"segunda-feira, 18 de abril de 2022",4547,13,5,R$ 50,R$ 250
7717,"sábado, 23 de abril de 2022",4115,13,5,R$ 50,R$ 250
7796,"terça-feira, 26 de abril de 2022",4058,13,5,R$ 50,R$ 250
7812,"quarta-feira, 27 de abril de 2022",3292,13,5,R$ 50,R$ 250
7896,"sexta-feira, 29 de abril de 2022",7733,13,5,R$ 50,R$ 250
7932,"domingo, 1 de maio de 2022",7063,13,5,R$ 50,R$ 250
8021,"quarta-feira, 4 de maio de 2022",9844,13,5,R$ 50,R$ 250
8031,"quinta-feira, 5 de maio de 2022",273,13,5,R$ 50,R$ 250
8086,"sexta-feira, 6 de maio de 2022",1325,13,5,R$ 50,R$ 250
8168,"segunda-feira, 9 de maio de 2022",7109,13,5,R$ 50,R$ 250
8226,"quarta-feira, 11 de maio de 2022",9680,13,5,R$ 50,R$ 250
8360,"segunda-feira, 16 de maio de 2022",9197,13,5,R$ 50,R$ 250
8483,"sábado, 21 de maio de 2022",8926,13,5,R$ 50,R$ 250
8508,"domingo, 22 de maio de 2022",319,13,5,R$ 50,R$ 250
8540,"segunda-feira, 23 de maio de 2022",400,13,5,R$ 50,R$ 250
8601,"quarta-feira, 25 de maio de 2022",6560,13,5,R$ 50,R$ 250
8776,"terça-feira, 31 de maio de 2022",6488,13,5,R$ 50,R$ 250
8912,"domingo, 5 de junho de 2022",6948,13,5,R$ 50,R$ 250
9003,"quarta-feira, 8 de junho de 2022",5989,13,5,R$ 50,R$ 250
9070,"sábado, 11 de junho de 2022",2936,13,5,R$ 50,R$ 250
9153,"terça-feira, 14 de junho de 2022",9226,13,5,R$ 50,R$ 250
9159,"terça-feira, 14 de junho de 2022",10226,13,5,R$ 50,R$ 250
9200,"quinta-feira, 16 de junho de 2022",5877,13,5,R$ 50,R$ 250
9225,"sexta-feira, 17 de junho de 2022",6559,13,5,R$ 50,R$ 250
9571,"quinta-feira, 30 de junho de 2022",9263,13,5,R$ 50,R$ 250
9628,"sábado, 2 de julho de 2022",6618,13,5,R$ 50,R$ 250
9715,"terça-feira, 5 de julho de 2022",4325,13,5,R$ 50,R$ 250
9757,"quinta-feira, 7 de julho de 2022",7308,13,5,R$ 50,R$ 250
10015,"sexta-feira, 15 de julho de 2022",4225,13,5,R$ 50,R$ 250
10151,"quarta-feira, 20 de julho de 2022",8240,13,5,R$ 50,R$ 250
10290,"terça-feira, 26 de julho de 2022",5559,13,5,R$ 50,R$ 250
10320,"quarta-feira, 27 de julho de 2022",4498,13,5,R$ 50,R$ 250
10432,"segunda-feira, 1 de agosto de 2022",3661,13,5,R$ 50,R$ 250
10503,"quarta-feira, 3 de agosto de 2022",7535,13,5,R$ 50,R$ 250
10510,"quarta-feira, 3 de agosto de 2022",6464,13,5,R$ 50,R$ 250
10926,"sexta-feira, 19 de agosto de 2022",10071,13,5,R$ 50,R$ 250
10950,"sábado, 20 de agosto de 2022",298,13,5,R$ 50,R$ 250
10954,"sábado, 20 de agosto de 2022",2402,13,5,R$ 50,R$ 250
11083,"quinta-feira, 25 de agosto de 2022",2551,13,5,R$ 50,R$ 250
11146,"sábado, 27 de agosto de 2022",7437,13,5,R$ 50,R$ 250
11290,"sexta-feira, 2 de setembro de 2022",7166,13,5,R$ 50,R$ 250
11398,"terça-feira, 6 de setembro de 2022",8687,13,5,R$ 50,R$ 250
11411,"quarta-feira, 7 de setembro de 2022",7166,13,5,R$ 50,R$ 250
11589,"terça-feira, 13 de setembro de 2022",1058,13,5,R$ 50,R$ 250
11727,"domingo, 18 de setembro de 2022",10016,13,5,R$ 50,R$ 250
11879,"sexta-feira, 23 de setembro de 2022",2086,13,5,R$ 50,R$ 250
11896,"sábado, 24 de setembro de 2022",3808,13,5,R$ 50,R$ 250
11949,"segunda-feira, 26 de setembro de 2022",4780,13,5,R$ 50,R$ 250
11961,"segunda-feira, 26 de setembro de 2022",4023,13,5,R$ 50,R$ 250
12111,"sábado, 1 de outubro de 2022",4689,13,5,R$ 50,R$ 250
12183,"terça-feira, 4 de outubro de 2022",5542,13,5,R$ 50,R$ 250
12227,"quinta-feira, 6 de outubro de 2022",9249,13,5,R$ 50,R$ 250
12304,"domingo, 9 de outubro de 2022",6047,13,5,R$ 50,R$ 250
12326,"segunda-feira, 10 de outubro de 2022",3857,13,5,R$ 50,R$ 250
12343,"segunda-feira, 10 de outubro de 2022",5419,13,5,R$ 50,R$ 250
12351,"terça-feira, 11 de outubro de 2022",680,13,5,R$ 50,R$ 250
12369,"terça-feira, 11 de outubro de 2022",2463,13,5,R$ 50,R$ 250
12484,"domingo, 16 de outubro de 2022",2029,13,5,R$ 50,R$ 250
12749,"terça-feira, 25 de outubro de 2022",1871,13,5,R$ 50,R$ 250
13030,"quinta-feira, 3 de novembro de 2022",8991,13,5,R$ 50,R$ 250
13109,"domingo, 6 de novembro de 2022",4497,13,5,R$ 50,R$ 250
13110,"domingo, 6 de novembro de 2022",1693,13,5,R$ 50,R$ 250
13229,"sexta-feira, 11 de novembro de 2022",5542,13,5,R$ 50,R$ 250
13321,"segunda-feira, 14 de novembro de 2022",4490,13,5,R$ 50,R$ 250
13523,"terça-feira, 22 de novembro de 2022",6288,13,5,R$ 50,R$ 250
13573,"quinta-feira, 24 de novembro de 2022",7412,13,5,R$ 50,R$ 250
13577,"quinta-feira, 24 de novembro de 2022",5095,13,5,R$ 50,R$ 250
13679,"segunda-feira, 28 de novembro de 2022",4732,13,5,R$ 50,R$ 250
13682,"segunda-feira, 28 de novembro de 2022",1190,13,5,R$ 50,R$ 250
13683,"segunda-feira, 28 de novembro de 2022",1202,13,5,R$ 50,R$ 250
13848,"quarta-feira, 7 de dezembro de 2022",1622,13,5,R$ 50,R$ 250
13936,"terça-feira, 13 de dezembro de 2022",6615,13,5,R$ 50,R$ 250
13965,"sexta-feira, 16 de dezembro de 2022",6361,13,5,R$ 50,R$ 250
39,"sexta-feira, 1 de janeiro de 2021",4686,1,5,R$ 21,R$ 105
47,"domingo, 3 de janeiro de 2021",6960,1,5,R$ 21,R$ 105
164,"terça-feira, 19 de janeiro de 2021",8818,1,5,R$ 21,R$ 105
392,"segunda-feira, 8 de fevereiro de 2021",9236,1,5,R$ 21,R$ 105
458,"domingo, 14 de fevereiro de 2021",2625,1,5,R$ 21,R$ 105
460,"domingo, 14 de fevereiro de 2021",76,1,5,R$ 21,R$ 105
495,"quarta-feira, 17 de fevereiro de 2021",7189,1,5,R$ 21,R$ 105
625,"domingo, 28 de fevereiro de 2021",1083,1,5,R$ 21,R$ 105
761,"terça-feira, 9 de março de 2021",1466,1,5,R$ 21,R$ 105
767,"terça-feira, 9 de março de 2021",5353,1,5,R$ 21,R$ 105
776,"quarta-feira, 10 de março de 2021",7714,1,5,R$ 21,R$ 105
830,"sábado, 13 de março de 2021",9396,1,5,R$ 21,R$ 105
896,"quinta-feira, 18 de março de 2021",873,1,5,R$ 21,R$ 105
967,"terça-feira, 23 de março de 2021",2096,1,5,R$ 21,R$ 105
973,"terça-feira, 23 de março de 2021",2977,1,5,R$ 21,R$ 105
990,"quarta-feira, 24 de março de 2021",4876,1,5,R$ 21,R$ 105
1042,"domingo, 28 de março de 2021",976,1,5,R$ 21,R$ 105
1281,"terça-feira, 13 de abril de 2021",916,1,5,R$ 21,R$ 105
1287,"quarta-feira, 14 de abril de 2021",9085,1,5,R$ 21,R$ 105
1467,"domingo, 25 de abril de 2021",8164,1,5,R$ 21,R$ 105
1593,"quarta-feira, 5 de maio de 2021",5685,1,5,R$ 21,R$ 105
1700,"quinta-feira, 13 de maio de 2021",4680,1,5,R$ 21,R$ 105
1774,"quarta-feira, 19 de maio de 2021",7607,1,5,R$ 21,R$ 105
1881,"quinta-feira, 27 de maio de 2021",9837,1,5,R$ 21,R$ 105
2139,"sábado, 19 de junho de 2021",2587,1,5,R$ 21,R$ 105
2309,"sexta-feira, 2 de julho de 2021",9866,1,5,R$ 21,R$ 105
2447,"quarta-feira, 14 de julho de 2021",7632,1,5,R$ 21,R$ 105
2551,"quinta-feira, 22 de julho de 2021",4541,1,5,R$ 21,R$ 105
2578,"domingo, 25 de julho de 2021",5086,1,5,R$ 21,R$ 105
2782,"terça-feira, 10 de agosto de 2021",5244,1,5,R$ 21,R$ 105
2788,"terça-feira, 10 de agosto de 2021",1415,1,5,R$ 21,R$ 105
2900,"sexta-feira, 20 de agosto de 2021",5610,1,5,R$ 21,R$ 105
2929,"domingo, 22 de agosto de 2021",7246,1,5,R$ 21,R$ 105
3114,"terça-feira, 7 de setembro de 2021",1706,1,5,R$ 21,R$ 105
3185,"segunda-feira, 13 de setembro de 2021",1941,1,5,R$ 21,R$ 105
3272,"domingo, 19 de setembro de 2021",4065,1,5,R$ 21,R$ 105
3290,"terça-feira, 21 de setembro de 2021",6945,1,5,R$ 21,R$ 105
3296,"quarta-feira, 22 de setembro de 2021",8248,1,5,R$ 21,R$ 105
3326,"sábado, 25 de setembro de 2021",769,1,5,R$ 21,R$ 105
3808,"quarta-feira, 3 de novembro de 2021",1146,1,5,R$ 21,R$ 105
3915,"quinta-feira, 11 de novembro de 2021",1743,1,5,R$ 21,R$ 105
3936,"sábado, 13 de novembro de 2021",3567,1,5,R$ 21,R$ 105
3979,"terça-feira, 16 de novembro de 2021",8317,1,5,R$ 21,R$ 105
4346,"sexta-feira, 10 de dezembro de 2021",346,1,5,R$ 21,R$ 105
4446,"sexta-feira, 17 de dezembro de 2021",9684,1,5,R$ 21,R$ 105
4448,"sexta-feira, 17 de dezembro de 2021",5067,1,5,R$ 21,R$ 105
4452,"sexta-feira, 17 de dezembro de 2021",4961,1,5,R$ 21,R$ 105
4545,"quarta-feira, 22 de dezembro de 2021",9397,1,5,R$ 21,R$ 105
4599,"sábado, 25 de dezembro de 2021",8952,1,5,R$ 21,R$ 105
4755,"domingo, 2 de janeiro de 2022",8746,1,5,R$ 21,R$ 105
4989,"terça-feira, 11 de janeiro de 2022",965,1,5,R$ 21,R$ 105
5076,"sábado, 15 de janeiro de 2022",2063,1,5,R$ 21,R$ 105
5112,"segunda-feira, 17 de janeiro de 2022",179,1,5,R$ 21,R$ 105
5192,"quinta-feira, 20 de janeiro de 2022",3599,1,5,R$ 21,R$ 105
5224,"sexta-feira, 21 de janeiro de 2022",760,1,5,R$ 21,R$ 105
5236,"sexta-feira, 21 de janeiro de 2022",2481,1,5,R$ 21,R$ 105
5360,"quarta-feira, 26 de janeiro de 2022",6369,1,5,R$ 21,R$ 105
5725,"terça-feira, 8 de fevereiro de 2022",211,1,5,R$ 21,R$ 105
5764,"quinta-feira, 10 de fevereiro de 2022",3878,1,5,R$ 21,R$ 105
5970,"quinta-feira, 17 de fevereiro de 2022",6854,1,5,R$ 21,R$ 105
6008,"sexta-feira, 18 de fevereiro de 2022",944,1,5,R$ 21,R$ 105
6091,"segunda-feira, 21 de fevereiro de 2022",2511,1,5,R$ 21,R$ 105
6145,"quarta-feira, 23 de fevereiro de 2022",3644,1,5,R$ 21,R$ 105
6221,"sexta-feira, 25 de fevereiro de 2022",2434,1,5,R$ 21,R$ 105
6233,"sábado, 26 de fevereiro de 2022",3911,1,5,R$ 21,R$ 105
6251,"sábado, 26 de fevereiro de 2022",4731,1,5,R$ 21,R$ 105
6308,"segunda-feira, 28 de fevereiro de 2022",5343,1,5,R$ 21,R$ 105
6593,"sexta-feira, 11 de março de 2022",3982,1,5,R$ 21,R$ 105
6692,"terça-feira, 15 de março de 2022",7134,1,5,R$ 21,R$ 105
6693,"terça-feira, 15 de março de 2022",6001,1,5,R$ 21,R$ 105
6774,"sexta-feira, 18 de março de 2022",2481,1,5,R$ 21,R$ 105
6791,"sábado, 19 de março de 2022",9040,1,5,R$ 21,R$ 105
6860,"terça-feira, 22 de março de 2022",6406,1,5,R$ 21,R$ 105
7042,"terça-feira, 29 de março de 2022",2200,1,5,R$ 21,R$ 105
7149,"sábado, 2 de abril de 2022",5379,1,5,R$ 21,R$ 105
7165,"sábado, 2 de abril de 2022",1720,1,5,R$ 21,R$ 105
7197,"segunda-feira, 4 de abril de 2022",3501,1,5,R$ 21,R$ 105
7558,"segunda-feira, 18 de abril de 2022",4319,1,5,R$ 21,R$ 105
7673,"sexta-feira, 22 de abril de 2022",654,1,5,R$ 21,R$ 105
7790,"terça-feira, 26 de abril de 2022",4284,1,5,R$ 21,R$ 105
7810,"terça-feira, 26 de abril de 2022",1161,1,5,R$ 21,R$ 105
7933,"domingo, 1 de maio de 2022",4873,1,5,R$ 21,R$ 105
8154,"domingo, 8 de maio de 2022",322,1,5,R$ 21,R$ 105
8303,"sábado, 14 de maio de 2022",5669,1,5,R$ 21,R$ 105
8322,"domingo, 15 de maio de 2022",9498,1,5,R$ 21,R$ 105
8336,"segunda-feira, 16 de maio de 2022",10233,1,5,R$ 21,R$ 105
8404,"quarta-feira, 18 de maio de 2022",10076,1,5,R$ 21,R$ 105
8458,"sexta-feira, 20 de maio de 2022",6957,1,5,R$ 21,R$ 105
8572,"terça-feira, 24 de maio de 2022",48,1,5,R$ 21,R$ 105
8703,"sábado, 28 de maio de 2022",9370,1,5,R$ 21,R$ 105
8713,"domingo, 29 de maio de 2022",4259,1,5,R$ 21,R$ 105
8880,"sábado, 4 de junho de 2022",3269,1,5,R$ 21,R$ 105
8889,"domingo, 5 de junho de 2022",2070,1,5,R$ 21,R$ 105
9054,"sábado, 11 de junho de 2022",5512,1,5,R$ 21,R$ 105
9144,"terça-feira, 14 de junho de 2022",4045,1,5,R$ 21,R$ 105
9267,"sábado, 18 de junho de 2022",5124,1,5,R$ 21,R$ 105
9270,"sábado, 18 de junho de 2022",3268,1,5,R$ 21,R$ 105
9315,"segunda-feira, 20 de junho de 2022",9419,1,5,R$ 21,R$ 105
9372,"quarta-feira, 22 de junho de 2022",5938,1,5,R$ 21,R$ 105
9398,"quinta-feira, 23 de junho de 2022",9268,1,5,R$ 21,R$ 105
9442,"sábado, 25 de junho de 2022",6864,1,5,R$ 21,R$ 105
9454,"sábado, 25 de junho de 2022",6944,1,5,R$ 21,R$ 105
9631,"sábado, 2 de julho de 2022",9623,1,5,R$ 21,R$ 105
9638,"sábado, 2 de julho de 2022",4676,1,5,R$ 21,R$ 105
9978,"quinta-feira, 14 de julho de 2022",3489,1,5,R$ 21,R$ 105
10034,"sábado, 16 de julho de 2022",337,1,5,R$ 21,R$ 105
10270,"segunda-feira, 25 de julho de 2022",5124,1,5,R$ 21,R$ 105
10288,"terça-feira, 26 de julho de 2022",9498,1,5,R$ 21,R$ 105
10425,"domingo, 31 de julho de 2022",6394,1,5,R$ 21,R$ 105
10442,"segunda-feira, 1 de agosto de 2022",567,1,5,R$ 21,R$ 105
10472,"terça-feira, 2 de agosto de 2022",933,1,5,R$ 21,R$ 105
10553,"sexta-feira, 5 de agosto de 2022",3841,1,5,R$ 21,R$ 105
10561,"sexta-feira, 5 de agosto de 2022",4797,1,5,R$ 21,R$ 105
10593,"domingo, 7 de agosto de 2022",8528,1,5,R$ 21,R$ 105
10771,"sábado, 13 de agosto de 2022",8248,1,5,R$ 21,R$ 105
10928,"sexta-feira, 19 de agosto de 2022",3365,1,5,R$ 21,R$ 105
10946,"sábado, 20 de agosto de 2022",2919,1,5,R$ 21,R$ 105
11127,"sábado, 27 de agosto de 2022",9343,1,5,R$ 21,R$ 105
11240,"quarta-feira, 31 de agosto de 2022",7306,1,5,R$ 21,R$ 105
11368,"segunda-feira, 5 de setembro de 2022",3002,1,5,R$ 21,R$ 105
11381,"segunda-feira, 5 de setembro de 2022",3982,1,5,R$ 21,R$ 105
11459,"sexta-feira, 9 de setembro de 2022",8870,1,5,R$ 21,R$ 105
11540,"domingo, 11 de setembro de 2022",5896,1,5,R$ 21,R$ 105
11580,"terça-feira, 13 de setembro de 2022",1720,1,5,R$ 21,R$ 105
11590,"terça-feira, 13 de setembro de 2022",3125,1,5,R$ 21,R$ 105
11739,"segunda-feira, 19 de setembro de 2022",2553,1,5,R$ 21,R$ 105
11793,"quarta-feira, 21 de setembro de 2022",9797,1,5,R$ 21,R$ 105
11830,"quinta-feira, 22 de setembro de 2022",4579,1,5,R$ 21,R$ 105
11950,"segunda-feira, 26 de setembro de 2022",10166,1,5,R$ 21,R$ 105
12082,"sexta-feira, 30 de setembro de 2022",341,1,5,R$ 21,R$ 105
12260,"sexta-feira, 7 de outubro de 2022",4789,1,5,R$ 21,R$ 105
12320,"domingo, 9 de outubro de 2022",2176,1,5,R$ 21,R$ 105
12441,"sexta-feira, 14 de outubro de 2022",924,1,5,R$ 21,R$ 105
12492,"domingo, 16 de outubro de 2022",3001,1,5,R$ 21,R$ 105
12597,"quinta-feira, 20 de outubro de 2022",4579,1,5,R$ 21,R$ 105
12608,"quinta-feira, 20 de outubro de 2022",7069,1,5,R$ 21,R$ 105
12663,"sábado, 22 de outubro de 2022",5512,1,5,R$ 21,R$ 105
12753,"terça-feira, 25 de outubro de 2022",8556,1,5,R$ 21,R$ 105
12843,"sexta-feira, 28 de outubro de 2022",803,1,5,R$ 21,R$ 105
12933,"terça-feira, 1 de novembro de 2022",9176,1,5,R$ 21,R$ 105
12944,"terça-feira, 1 de novembro de 2022",8345,1,5,R$ 21,R$ 105
12960,"terça-feira, 1 de novembro de 2022",8952,1,5,R$ 21,R$ 105
13046,"sexta-feira, 4 de novembro de 2022",9249,1,5,R$ 21,R$ 105
13091,"domingo, 6 de novembro de 2022",127,1,5,R$ 21,R$ 105
13108,"domingo, 6 de novembro de 2022",1782,1,5,R$ 21,R$ 105
13278,"sábado, 12 de novembro de 2022",1341,1,5,R$ 21,R$ 105
13330,"segunda-feira, 14 de novembro de 2022",335,1,5,R$ 21,R$ 105
13389,"quarta-feira, 16 de novembro de 2022",8202,1,5,R$ 21,R$ 105
13397,"quarta-feira, 16 de novembro de 2022",4419,1,5,R$ 21,R$ 105
13507,"segunda-feira, 21 de novembro de 2022",2908,1,5,R$ 21,R$ 105
13647,"domingo, 27 de novembro de 2022",2381,1,5,R$ 21,R$ 105
13745,"quinta-feira, 1 de dezembro de 2022",4670,1,5,R$ 21,R$ 105
13838,"terça-feira, 6 de dezembro de 2022",5284,1,5,R$ 21,R$ 105
13878,"sexta-feira, 9 de dezembro de 2022",2963,1,5,R$ 21,R$ 105
13892,"sábado, 10 de dezembro de 2022",1567,1,5,R$ 21,R$ 105
13957,"quinta-feira, 15 de dezembro de 2022",8154,1,5,R$ 21,R$ 105
13966,"sábado, 17 de dezembro de 2022",6631,1,5,R$ 21,R$ 105
14013,"quinta-feira, 22 de dezembro de 2022",6307,1,5,R$ 21,R$ 105
22,"sábado, 9 de janeiro de 2021",20,10,5,R$ 70,R$ 350
139,"domingo, 17 de janeiro de 2021",3334,10,5,R$ 70,R$ 350
141,"domingo, 17 de janeiro de 2021",2021,10,5,R$ 70,R$ 350
248,"quarta-feira, 27 de janeiro de 2021",5143,10,5,R$ 70,R$ 350
296,"segunda-feira, 1 de fevereiro de 2021",9461,10,5,R$ 70,R$ 350
372,"sábado, 6 de fevereiro de 2021",9208,10,5,R$ 70,R$ 350
451,"sábado, 13 de fevereiro de 2021",2896,10,5,R$ 70,R$ 350
463,"domingo, 14 de fevereiro de 2021",10026,10,5,R$ 70,R$ 350
524,"sexta-feira, 19 de fevereiro de 2021",2132,10,5,R$ 70,R$ 350
537,"sábado, 20 de fevereiro de 2021",941,10,5,R$ 70,R$ 350
769,"terça-feira, 9 de março de 2021",4197,10,5,R$ 70,R$ 350
829,"sábado, 13 de março de 2021",4324,10,5,R$ 70,R$ 350
897,"quinta-feira, 18 de março de 2021",9103,10,5,R$ 70,R$ 350
977,"quarta-feira, 24 de março de 2021",1648,10,5,R$ 70,R$ 350
998,"quinta-feira, 25 de março de 2021",1253,10,5,R$ 70,R$ 350
1035,"sábado, 27 de março de 2021",8837,10,5,R$ 70,R$ 350
1226,"sexta-feira, 9 de abril de 2021",4078,10,5,R$ 70,R$ 350
1274,"terça-feira, 13 de abril de 2021",6589,10,5,R$ 70,R$ 350
1516,"quinta-feira, 29 de abril de 2021",4810,10,5,R$ 70,R$ 350
1763,"terça-feira, 18 de maio de 2021",7915,10,5,R$ 70,R$ 350
2101,"quarta-feira, 16 de junho de 2021",180,10,5,R$ 70,R$ 350
2111,"quarta-feira, 16 de junho de 2021",5067,10,5,R$ 70,R$ 350
2152,"domingo, 20 de junho de 2021",5199,10,5,R$ 70,R$ 350
2310,"sexta-feira, 2 de julho de 2021",8094,10,5,R$ 70,R$ 350
2507,"domingo, 18 de julho de 2021",2371,10,5,R$ 70,R$ 350
2664,"domingo, 1 de agosto de 2021",9252,10,5,R$ 70,R$ 350
2688,"segunda-feira, 2 de agosto de 2021",3878,10,5,R$ 70,R$ 350
2709,"quarta-feira, 4 de agosto de 2021",8207,10,5,R$ 70,R$ 350
2881,"quinta-feira, 19 de agosto de 2021",4562,10,5,R$ 70,R$ 350
2914,"sábado, 21 de agosto de 2021",9866,10,5,R$ 70,R$ 350
2939,"segunda-feira, 23 de agosto de 2021",7856,10,5,R$ 70,R$ 350
2949,"segunda-feira, 23 de agosto de 2021",10054,10,5,R$ 70,R$ 350
2974,"quarta-feira, 25 de agosto de 2021",3471,10,5,R$ 70,R$ 350
3079,"sábado, 4 de setembro de 2021",3946,10,5,R$ 70,R$ 350
3220,"quarta-feira, 15 de setembro de 2021",4693,10,5,R$ 70,R$ 350
3303,"quarta-feira, 22 de setembro de 2021",2259,10,5,R$ 70,R$ 350
3312,"sexta-feira, 24 de setembro de 2021",1920,10,5,R$ 70,R$ 350
3337,"domingo, 26 de setembro de 2021",7112,10,5,R$ 70,R$ 350
3339,"domingo, 26 de setembro de 2021",1310,10,5,R$ 70,R$ 350
3433,"domingo, 3 de outubro de 2021",9719,10,5,R$ 70,R$ 350
3636,"quarta-feira, 20 de outubro de 2021",5362,10,5,R$ 70,R$ 350
3881,"segunda-feira, 8 de novembro de 2021",6559,10,5,R$ 70,R$ 350
3996,"quarta-feira, 17 de novembro de 2021",4606,10,5,R$ 70,R$ 350
4180,"terça-feira, 30 de novembro de 2021",7862,10,5,R$ 70,R$ 350
4334,"sexta-feira, 10 de dezembro de 2021",7297,10,5,R$ 70,R$ 350
4337,"sexta-feira, 10 de dezembro de 2021",1197,10,5,R$ 70,R$ 350
4412,"quarta-feira, 15 de dezembro de 2021",1024,10,5,R$ 70,R$ 350
4512,"terça-feira, 21 de dezembro de 2021",465,10,5,R$ 70,R$ 350
4559,"quinta-feira, 23 de dezembro de 2021",6012,10,5,R$ 70,R$ 350
4945,"segunda-feira, 10 de janeiro de 2022",8414,10,5,R$ 70,R$ 350
4967,"terça-feira, 11 de janeiro de 2022",8190,10,5,R$ 70,R$ 350
5198,"quinta-feira, 20 de janeiro de 2022",767,10,5,R$ 70,R$ 350
5235,"sexta-feira, 21 de janeiro de 2022",7727,10,5,R$ 70,R$ 350
5400,"sexta-feira, 28 de janeiro de 2022",5592,10,5,R$ 70,R$ 350
5471,"segunda-feira, 31 de janeiro de 2022",6651,10,5,R$ 70,R$ 350
5489,"segunda-feira, 31 de janeiro de 2022",8850,10,5,R$ 70,R$ 350
5523,"terça-feira, 1 de fevereiro de 2022",4783,10,5,R$ 70,R$ 350
5658,"domingo, 6 de fevereiro de 2022",5466,10,5,R$ 70,R$ 350
5892,"segunda-feira, 14 de fevereiro de 2022",135,10,5,R$ 70,R$ 350
5931,"quarta-feira, 16 de fevereiro de 2022",1614,10,5,R$ 70,R$ 350
6053,"domingo, 20 de fevereiro de 2022",6421,10,5,R$ 70,R$ 350
6112,"terça-feira, 22 de fevereiro de 2022",7663,10,5,R$ 70,R$ 350
6205,"sexta-feira, 25 de fevereiro de 2022",7297,10,5,R$ 70,R$ 350
6252,"sábado, 26 de fevereiro de 2022",6669,10,5,R$ 70,R$ 350
6319,"terça-feira, 1 de março de 2022",4357,10,5,R$ 70,R$ 350
6345,"quarta-feira, 2 de março de 2022",7324,10,5,R$ 70,R$ 350
6348,"quarta-feira, 2 de março de 2022",8454,10,5,R$ 70,R$ 350
6391,"sexta-feira, 4 de março de 2022",2341,10,5,R$ 70,R$ 350
6586,"sexta-feira, 11 de março de 2022",6227,10,5,R$ 70,R$ 350
6642,"domingo, 13 de março de 2022",9019,10,5,R$ 70,R$ 350
6773,"sexta-feira, 18 de março de 2022",2112,10,5,R$ 70,R$ 350
6816,"domingo, 20 de março de 2022",6289,10,5,R$ 70,R$ 350
7012,"segunda-feira, 28 de março de 2022",1959,10,5,R$ 70,R$ 350
7191,"domingo, 3 de abril de 2022",3085,10,5,R$ 70,R$ 350
7206,"segunda-feira, 4 de abril de 2022",983,10,5,R$ 70,R$ 350
7360,"domingo, 10 de abril de 2022",4071,10,5,R$ 70,R$ 350
7492,"sexta-feira, 15 de abril de 2022",6138,10,5,R$ 70,R$ 350
7536,"domingo, 17 de abril de 2022",7627,10,5,R$ 70,R$ 350
7623,"quarta-feira, 20 de abril de 2022",4518,10,5,R$ 70,R$ 350
7643,"quarta-feira, 20 de abril de 2022",9047,10,5,R$ 70,R$ 350
7665,"quinta-feira, 21 de abril de 2022",10025,10,5,R$ 70,R$ 350
7689,"sexta-feira, 22 de abril de 2022",7816,10,5,R$ 70,R$ 350
7714,"sábado, 23 de abril de 2022",3979,10,5,R$ 70,R$ 350
7755,"domingo, 24 de abril de 2022",10026,10,5,R$ 70,R$ 350
7972,"segunda-feira, 2 de maio de 2022",789,10,5,R$ 70,R$ 350
8044,"quinta-feira, 5 de maio de 2022",4750,10,5,R$ 70,R$ 350
8137,"domingo, 8 de maio de 2022",4985,10,5,R$ 70,R$ 350
8144,"domingo, 8 de maio de 2022",8564,10,5,R$ 70,R$ 350
8150,"domingo, 8 de maio de 2022",8529,10,5,R$ 70,R$ 350
8238,"quinta-feira, 12 de maio de 2022",8621,10,5,R$ 70,R$ 350
8298,"sábado, 14 de maio de 2022",6358,10,5,R$ 70,R$ 350
8507,"domingo, 22 de maio de 2022",8717,10,5,R$ 70,R$ 350
8576,"terça-feira, 24 de maio de 2022",636,10,5,R$ 70,R$ 350
8698,"sábado, 28 de maio de 2022",5716,10,5,R$ 70,R$ 350
8727,"domingo, 29 de maio de 2022",3228,10,5,R$ 70,R$ 350
8854,"sexta-feira, 3 de junho de 2022",3552,10,5,R$ 70,R$ 350
8961,"terça-feira, 7 de junho de 2022",9197,10,5,R$ 70,R$ 350
8995,"quarta-feira, 8 de junho de 2022",9586,10,5,R$ 70,R$ 350
9121,"segunda-feira, 13 de junho de 2022",10229,10,5,R$ 70,R$ 350
9249,"sábado, 18 de junho de 2022",8691,10,5,R$ 70,R$ 350
9308,"segunda-feira, 20 de junho de 2022",6910,10,5,R$ 70,R$ 350
9383,"quinta-feira, 23 de junho de 2022",4597,10,5,R$ 70,R$ 350
9392,"quinta-feira, 23 de junho de 2022",5466,10,5,R$ 70,R$ 350
9573,"quinta-feira, 30 de junho de 2022",1941,10,5,R$ 70,R$ 350
9611,"sexta-feira, 1 de julho de 2022",2257,10,5,R$ 70,R$ 350
9747,"quarta-feira, 6 de julho de 2022",918,10,5,R$ 70,R$ 350
9796,"sexta-feira, 8 de julho de 2022",2998,10,5,R$ 70,R$ 350
9819,"sábado, 9 de julho de 2022",9611,10,5,R$ 70,R$ 350
9910,"terça-feira, 12 de julho de 2022",7416,10,5,R$ 70,R$ 350
9921,"terça-feira, 12 de julho de 2022",7994,10,5,R$ 70,R$ 350
10164,"quarta-feira, 20 de julho de 2022",5962,10,5,R$ 70,R$ 350
10247,"domingo, 24 de julho de 2022",5481,10,5,R$ 70,R$ 350
10313,"terça-feira, 26 de julho de 2022",1402,10,5,R$ 70,R$ 350
10316,"terça-feira, 26 de julho de 2022",9811,10,5,R$ 70,R$ 350
10337,"quarta-feira, 27 de julho de 2022",7800,10,5,R$ 70,R$ 350
10374,"sexta-feira, 29 de julho de 2022",5663,10,5,R$ 70,R$ 350
10419,"domingo, 31 de julho de 2022",3787,10,5,R$ 70,R$ 350
10479,"terça-feira, 2 de agosto de 2022",5466,10,5,R$ 70,R$ 350
10485,"terça-feira, 2 de agosto de 2022",7063,10,5,R$ 70,R$ 350
10539,"quinta-feira, 4 de agosto de 2022",5642,10,5,R$ 70,R$ 350
10574,"sábado, 6 de agosto de 2022",5714,10,5,R$ 70,R$ 350
10668,"terça-feira, 9 de agosto de 2022",8596,10,5,R$ 70,R$ 350
10691,"quarta-feira, 10 de agosto de 2022",1295,10,5,R$ 70,R$ 350
10703,"quinta-feira, 11 de agosto de 2022",1850,10,5,R$ 70,R$ 350
10860,"terça-feira, 16 de agosto de 2022",8367,10,5,R$ 70,R$ 350
11004,"segunda-feira, 22 de agosto de 2022",4396,10,5,R$ 70,R$ 350
11238,"quarta-feira, 31 de agosto de 2022",4953,10,5,R$ 70,R$ 350
11386,"terça-feira, 6 de setembro de 2022",8698,10,5,R$ 70,R$ 350
11512,"sábado, 10 de setembro de 2022",5448,10,5,R$ 70,R$ 350
11534,"domingo, 11 de setembro de 2022",9349,10,5,R$ 70,R$ 350
11551,"segunda-feira, 12 de setembro de 2022",8188,10,5,R$ 70,R$ 350
11576,"terça-feira, 13 de setembro de 2022",5577,10,5,R$ 70,R$ 350
11719,"domingo, 18 de setembro de 2022",8667,10,5,R$ 70,R$ 350
11774,"terça-feira, 20 de setembro de 2022",4225,10,5,R$ 70,R$ 350
11872,"sexta-feira, 23 de setembro de 2022",4620,10,5,R$ 70,R$ 350
11909,"sábado, 24 de setembro de 2022",9238,10,5,R$ 70,R$ 350
11972,"segunda-feira, 26 de setembro de 2022",3334,10,5,R$ 70,R$ 350
12150,"segunda-feira, 3 de outubro de 2022",9134,10,5,R$ 70,R$ 350
12272,"sábado, 8 de outubro de 2022",5896,10,5,R$ 70,R$ 350
12377,"quarta-feira, 12 de outubro de 2022",826,10,5,R$ 70,R$ 350
12733,"segunda-feira, 24 de outubro de 2022",7757,10,5,R$ 70,R$ 350
12734,"segunda-feira, 24 de outubro de 2022",7780,10,5,R$ 70,R$ 350
12827,"quinta-feira, 27 de outubro de 2022",7129,10,5,R$ 70,R$ 350
12873,"sábado, 29 de outubro de 2022",9005,10,5,R$ 70,R$ 350
12917,"segunda-feira, 31 de outubro de 2022",1567,10,5,R$ 70,R$ 350
12928,"segunda-feira, 31 de outubro de 2022",4847,10,5,R$ 70,R$ 350
13008,"quinta-feira, 3 de novembro de 2022",1339,10,5,R$ 70,R$ 350
13033,"sexta-feira, 4 de novembro de 2022",7494,10,5,R$ 70,R$ 350
13086,"domingo, 6 de novembro de 2022",1798,10,5,R$ 70,R$ 350
13212,"quinta-feira, 10 de novembro de 2022",1932,10,5,R$ 70,R$ 350
13221,"quinta-feira, 10 de novembro de 2022",3630,10,5,R$ 70,R$ 350
13289,"domingo, 13 de novembro de 2022",6864,10,5,R$ 70,R$ 350
13349,"segunda-feira, 14 de novembro de 2022",664,10,5,R$ 70,R$ 350
13500,"segunda-feira, 21 de novembro de 2022",7989,10,5,R$ 70,R$ 350
13549,"quarta-feira, 23 de novembro de 2022",8734,10,5,R$ 70,R$ 350
13585,"quinta-feira, 24 de novembro de 2022",766,10,5,R$ 70,R$ 350
13597,"sexta-feira, 25 de novembro de 2022",8169,10,5,R$ 70,R$ 350
13599,"sexta-feira, 25 de novembro de 2022",2990,10,5,R$ 70,R$ 350
13648,"domingo, 27 de novembro de 2022",6301,10,5,R$ 70,R$ 350
13700,"terça-feira, 29 de novembro de 2022",5740,10,5,R$ 70,R$ 350
13741,"quinta-feira, 1 de dezembro de 2022",188,10,5,R$ 70,R$ 350
13935,"terça-feira, 13 de dezembro de 2022",3989,10,5,R$ 70,R$ 350
13962,"sexta-feira, 16 de dezembro de 2022",3066,10,5,R$ 70,R$ 350
13988,"segunda-feira, 19 de dezembro de 2022",208,10,5,R$ 70,R$ 350
14047,"terça-feira, 27 de dezembro de 2022",6782,10,5,R$ 70,R$ 350
15,"sábado, 2 de janeiro de 2021",6651,18,5,R$ 45,R$ 225
115,"sexta-feira, 15 de janeiro de 2021",2924,18,5,R$ 45,R$ 225
129,"sábado, 16 de janeiro de 2021",6021,18,5,R$ 45,R$ 225
224,"terça-feira, 26 de janeiro de 2021",9469,18,5,R$ 45,R$ 225
262,"sexta-feira, 29 de janeiro de 2021",1423,18,5,R$ 45,R$ 225
347,"quinta-feira, 4 de fevereiro de 2021",4678,18,5,R$ 45,R$ 225
348,"quinta-feira, 4 de fevereiro de 2021",8269,18,5,R$ 45,R$ 225
367,"sábado, 6 de fevereiro de 2021",2890,18,5,R$ 45,R$ 225
401,"segunda-feira, 8 de fevereiro de 2021",5925,18,5,R$ 45,R$ 225
844,"domingo, 14 de março de 2021",4534,18,5,R$ 45,R$ 225
884,"quarta-feira, 17 de março de 2021",7913,18,5,R$ 45,R$ 225
905,"quinta-feira, 18 de março de 2021",9860,18,5,R$ 45,R$ 225
933,"sábado, 20 de março de 2021",4405,18,5,R$ 45,R$ 225
1029,"sábado, 27 de março de 2021",7065,18,5,R$ 45,R$ 225
1089,"terça-feira, 30 de março de 2021",9505,18,5,R$ 45,R$ 225
1191,"quarta-feira, 7 de abril de 2021",4659,18,5,R$ 45,R$ 225
1239,"sábado, 10 de abril de 2021",7708,18,5,R$ 45,R$ 225
1262,"segunda-feira, 12 de abril de 2021",8844,18,5,R$ 45,R$ 225
1353,"domingo, 18 de abril de 2021",7905,18,5,R$ 45,R$ 225
1358,"domingo, 18 de abril de 2021",7720,18,5,R$ 45,R$ 225
1438,"sexta-feira, 23 de abril de 2021",7502,18,5,R$ 45,R$ 225
1579,"terça-feira, 4 de maio de 2021",312,18,5,R$ 45,R$ 225
1595,"quarta-feira, 5 de maio de 2021",874,18,5,R$ 45,R$ 225
1605,"quarta-feira, 5 de maio de 2021",1079,18,5,R$ 45,R$ 225
2042,"quarta-feira, 9 de junho de 2021",8063,18,5,R$ 45,R$ 225
2130,"sexta-feira, 18 de junho de 2021",5877,18,5,R$ 45,R$ 225
2267,"terça-feira, 29 de junho de 2021",115,18,5,R$ 45,R$ 225
2415,"segunda-feira, 12 de julho de 2021",8551,18,5,R$ 45,R$ 225
2609,"terça-feira, 27 de julho de 2021",4599,18,5,R$ 45,R$ 225
2882,"quinta-feira, 19 de agosto de 2021",2677,18,5,R$ 45,R$ 225
3015,"domingo, 29 de agosto de 2021",7861,18,5,R$ 45,R$ 225
3382,"quinta-feira, 30 de setembro de 2021",8546,18,5,R$ 45,R$ 225
3394,"sexta-feira, 1 de outubro de 2021",9144,18,5,R$ 45,R$ 225
3414,"sábado, 2 de outubro de 2021",5125,18,5,R$ 45,R$ 225
3420,"domingo, 3 de outubro de 2021",8746,18,5,R$ 45,R$ 225
3425,"domingo, 3 de outubro de 2021",4041,18,5,R$ 45,R$ 225
3579,"quinta-feira, 14 de outubro de 2021",7841,18,5,R$ 45,R$ 225
3656,"sexta-feira, 22 de outubro de 2021",9667,18,5,R$ 45,R$ 225
3687,"domingo, 24 de outubro de 2021",2533,18,5,R$ 45,R$ 225
3817,"quarta-feira, 3 de novembro de 2021",1304,18,5,R$ 45,R$ 225
3873,"domingo, 7 de novembro de 2021",4099,18,5,R$ 45,R$ 225
3908,"quinta-feira, 11 de novembro de 2021",4021,18,5,R$ 45,R$ 225
4183,"terça-feira, 30 de novembro de 2021",4522,18,5,R$ 45,R$ 225
4212,"quinta-feira, 2 de dezembro de 2021",5553,18,5,R$ 45,R$ 225
4220,"sexta-feira, 3 de dezembro de 2021",4819,18,5,R$ 45,R$ 225
4348,"sábado, 11 de dezembro de 2021",8272,18,5,R$ 45,R$ 225
4360,"sábado, 11 de dezembro de 2021",1791,18,5,R$ 45,R$ 225
4475,"sábado, 18 de dezembro de 2021",9236,18,5,R$ 45,R$ 225
4491,"domingo, 19 de dezembro de 2021",3025,18,5,R$ 45,R$ 225
4515,"terça-feira, 21 de dezembro de 2021",7870,18,5,R$ 45,R$ 225
4560,"quinta-feira, 23 de dezembro de 2021",1352,18,5,R$ 45,R$ 225
4580,"sexta-feira, 24 de dezembro de 2021",4284,18,5,R$ 45,R$ 225
4846,"quinta-feira, 6 de janeiro de 2022",8966,18,5,R$ 45,R$ 225
4848,"quinta-feira, 6 de janeiro de 2022",2553,18,5,R$ 45,R$ 225
4860,"quinta-feira, 6 de janeiro de 2022",5148,18,5,R$ 45,R$ 225
5067,"sábado, 15 de janeiro de 2022",79,18,5,R$ 45,R$ 225
5160,"quarta-feira, 19 de janeiro de 2022",4892,18,5,R$ 45,R$ 225
5176,"quarta-feira, 19 de janeiro de 2022",1612,18,5,R$ 45,R$ 225
5238,"sexta-feira, 21 de janeiro de 2022",7002,18,5,R$ 45,R$ 225
5269,"domingo, 23 de janeiro de 2022",8921,18,5,R$ 45,R$ 225
5270,"domingo, 23 de janeiro de 2022",3234,18,5,R$ 45,R$ 225
5301,"segunda-feira, 24 de janeiro de 2022",9941,18,5,R$ 45,R$ 225
5322,"terça-feira, 25 de janeiro de 2022",9349,18,5,R$ 45,R$ 225
5397,"sexta-feira, 28 de janeiro de 2022",1553,18,5,R$ 45,R$ 225
5437,"sábado, 29 de janeiro de 2022",3406,18,5,R$ 45,R$ 225
5449,"domingo, 30 de janeiro de 2022",4256,18,5,R$ 45,R$ 225
5566,"quinta-feira, 3 de fevereiro de 2022",9819,18,5,R$ 45,R$ 225
5662,"domingo, 6 de fevereiro de 2022",9644,18,5,R$ 45,R$ 225
5735,"quarta-feira, 9 de fevereiro de 2022",7245,18,5,R$ 45,R$ 225
5847,"domingo, 13 de fevereiro de 2022",4495,18,5,R$ 45,R$ 225
6058,"domingo, 20 de fevereiro de 2022",321,18,5,R$ 45,R$ 225
6070,"domingo, 20 de fevereiro de 2022",5071,18,5,R$ 45,R$ 225
6108,"terça-feira, 22 de fevereiro de 2022",430,18,5,R$ 45,R$ 225
6123,"terça-feira, 22 de fevereiro de 2022",972,18,5,R$ 45,R$ 225
6198,"quinta-feira, 24 de fevereiro de 2022",4810,18,5,R$ 45,R$ 225
6231,"sábado, 26 de fevereiro de 2022",6822,18,5,R$ 45,R$ 225
6321,"terça-feira, 1 de março de 2022",71,18,5,R$ 45,R$ 225
6362,"quinta-feira, 3 de março de 2022",10073,18,5,R$ 45,R$ 225
6441,"sábado, 5 de março de 2022",9390,18,5,R$ 45,R$ 225
6661,"segunda-feira, 14 de março de 2022",3797,18,5,R$ 45,R$ 225
6715,"quarta-feira, 16 de março de 2022",4405,18,5,R$ 45,R$ 225
6759,"sexta-feira, 18 de março de 2022",2278,18,5,R$ 45,R$ 225
6769,"sexta-feira, 18 de março de 2022",806,18,5,R$ 45,R$ 225
6851,"terça-feira, 22 de março de 2022",9125,18,5,R$ 45,R$ 225
7084,"quarta-feira, 30 de março de 2022",749,18,5,R$ 45,R$ 225
7146,"sábado, 2 de abril de 2022",4508,18,5,R$ 45,R$ 225
7286,"quinta-feira, 7 de abril de 2022",6444,18,5,R$ 45,R$ 225
7315,"sexta-feira, 8 de abril de 2022",9728,18,5,R$ 45,R$ 225
7403,"segunda-feira, 11 de abril de 2022",817,18,5,R$ 45,R$ 225
7472,"quinta-feira, 14 de abril de 2022",10081,18,5,R$ 45,R$ 225
7488,"sexta-feira, 15 de abril de 2022",3823,18,5,R$ 45,R$ 225
7518,"sábado, 16 de abril de 2022",4068,18,5,R$ 45,R$ 225
7618,"quarta-feira, 20 de abril de 2022",7063,18,5,R$ 45,R$ 225
7697,"sexta-feira, 22 de abril de 2022",6958,18,5,R$ 45,R$ 225
7734,"sábado, 23 de abril de 2022",4742,18,5,R$ 45,R$ 225
7948,"domingo, 1 de maio de 2022",3174,18,5,R$ 45,R$ 225
8034,"quinta-feira, 5 de maio de 2022",7550,18,5,R$ 45,R$ 225
8049,"quinta-feira, 5 de maio de 2022",8326,18,5,R$ 45,R$ 225
8050,"quinta-feira, 5 de maio de 2022",1788,18,5,R$ 45,R$ 225
8080,"sexta-feira, 6 de maio de 2022",2298,18,5,R$ 45,R$ 225
8170,"segunda-feira, 9 de maio de 2022",5108,18,5,R$ 45,R$ 225
8216,"quarta-feira, 11 de maio de 2022",1374,18,5,R$ 45,R$ 225
8225,"quarta-feira, 11 de maio de 2022",8203,18,5,R$ 45,R$ 225
8337,"segunda-feira, 16 de maio de 2022",6106,18,5,R$ 45,R$ 225
8354,"segunda-feira, 16 de maio de 2022",3048,18,5,R$ 45,R$ 225
8411,"quarta-feira, 18 de maio de 2022",6406,18,5,R$ 45,R$ 225
8478,"sábado, 21 de maio de 2022",5221,18,5,R$ 45,R$ 225
8492,"sábado, 21 de maio de 2022",7769,18,5,R$ 45,R$ 225
8665,"sexta-feira, 27 de maio de 2022",7338,18,5,R$ 45,R$ 225
8712,"domingo, 29 de maio de 2022",5810,18,5,R$ 45,R$ 225
8796,"quarta-feira, 1 de junho de 2022",6912,18,5,R$ 45,R$ 225
8833,"quinta-feira, 2 de junho de 2022",7886,18,5,R$ 45,R$ 225
8971,"terça-feira, 7 de junho de 2022",1260,18,5,R$ 45,R$ 225
9035,"sexta-feira, 10 de junho de 2022",4126,18,5,R$ 45,R$ 225
9122,"segunda-feira, 13 de junho de 2022",8775,18,5,R$ 45,R$ 225
9246,"sábado, 18 de junho de 2022",1958,18,5,R$ 45,R$ 225
9254,"sábado, 18 de junho de 2022",3032,18,5,R$ 45,R$ 225
9258,"sábado, 18 de junho de 2022",7201,18,5,R$ 45,R$ 225
9295,"domingo, 19 de junho de 2022",1607,18,5,R$ 45,R$ 225
9393,"quinta-feira, 23 de junho de 2022",5374,18,5,R$ 45,R$ 225
9473,"domingo, 26 de junho de 2022",4005,18,5,R$ 45,R$ 225
9548,"quarta-feira, 29 de junho de 2022",4736,18,5,R$ 45,R$ 225
9728,"quarta-feira, 6 de julho de 2022",8229,18,5,R$ 45,R$ 225
9824,"sábado, 9 de julho de 2022",6387,18,5,R$ 45,R$ 225
9864,"domingo, 10 de julho de 2022",5256,18,5,R$ 45,R$ 225
9919,"terça-feira, 12 de julho de 2022",5242,18,5,R$ 45,R$ 225
10057,"domingo, 17 de julho de 2022",1524,18,5,R$ 45,R$ 225
10283,"segunda-feira, 25 de julho de 2022",815,18,5,R$ 45,R$ 225
10352,"quinta-feira, 28 de julho de 2022",7204,18,5,R$ 45,R$ 225
10480,"terça-feira, 2 de agosto de 2022",2334,18,5,R$ 45,R$ 225
10542,"quinta-feira, 4 de agosto de 2022",4507,18,5,R$ 45,R$ 225
10670,"terça-feira, 9 de agosto de 2022",8260,18,5,R$ 45,R$ 225
10675,"terça-feira, 9 de agosto de 2022",3065,18,5,R$ 45,R$ 225
10802,"domingo, 14 de agosto de 2022",4960,18,5,R$ 45,R$ 225
11174,"segunda-feira, 29 de agosto de 2022",3558,18,5,R$ 45,R$ 225
11334,"domingo, 4 de setembro de 2022",1240,18,5,R$ 45,R$ 225
11391,"terça-feira, 6 de setembro de 2022",1612,18,5,R$ 45,R$ 225
11463,"sexta-feira, 9 de setembro de 2022",9345,18,5,R$ 45,R$ 225
11548,"segunda-feira, 12 de setembro de 2022",5294,18,5,R$ 45,R$ 225
11615,"quarta-feira, 14 de setembro de 2022",7269,18,5,R$ 45,R$ 225
11678,"sexta-feira, 16 de setembro de 2022",8592,18,5,R$ 45,R$ 225
11689,"sábado, 17 de setembro de 2022",5766,18,5,R$ 45,R$ 225
11752,"segunda-feira, 19 de setembro de 2022",4771,18,5,R$ 45,R$ 225
11781,"terça-feira, 20 de setembro de 2022",1325,18,5,R$ 45,R$ 225
11790,"quarta-feira, 21 de setembro de 2022",4819,18,5,R$ 45,R$ 225
11804,"quarta-feira, 21 de setembro de 2022",2130,18,5,R$ 45,R$ 225
11901,"sábado, 24 de setembro de 2022",4846,18,5,R$ 45,R$ 225
12130,"domingo, 2 de outubro de 2022",400,18,5,R$ 45,R$ 225
12295,"domingo, 9 de outubro de 2022",1330,18,5,R$ 45,R$ 225
12334,"segunda-feira, 10 de outubro de 2022",3528,18,5,R$ 45,R$ 225
12443,"sexta-feira, 14 de outubro de 2022",4520,18,5,R$ 45,R$ 225
12540,"terça-feira, 18 de outubro de 2022",1183,18,5,R$ 45,R$ 225
12696,"domingo, 23 de outubro de 2022",6960,18,5,R$ 45,R$ 225
12751,"terça-feira, 25 de outubro de 2022",4355,18,5,R$ 45,R$ 225
12937,"terça-feira, 1 de novembro de 2022",1460,18,5,R$ 45,R$ 225
12958,"terça-feira, 1 de novembro de 2022",6895,18,5,R$ 45,R$ 225
12975,"terça-feira, 1 de novembro de 2022",2813,18,5,R$ 45,R$ 225
12990,"quarta-feira, 2 de novembro de 2022",6729,18,5,R$ 45,R$ 225
13025,"quinta-feira, 3 de novembro de 2022",5944,18,5,R$ 45,R$ 225
13092,"domingo, 6 de novembro de 2022",4342,18,5,R$ 45,R$ 225
13235,"sexta-feira, 11 de novembro de 2022",1564,18,5,R$ 45,R$ 225
13327,"segunda-feira, 14 de novembro de 2022",1050,18,5,R$ 45,R$ 225
13415,"quinta-feira, 17 de novembro de 2022",4984,18,5,R$ 45,R$ 225
13477,"domingo, 20 de novembro de 2022",5700,18,5,R$ 45,R$ 225
13718,"quarta-feira, 30 de novembro de 2022",1328,18,5,R$ 45,R$ 225
13789,"sábado, 3 de dezembro de 2022",1995,18,5,R$ 45,R$ 225
13791,"sábado, 3 de dezembro de 2022",7711,18,5,R$ 45,R$ 225
13804,"domingo, 4 de dezembro de 2022",3143,18,5,R$ 45,R$ 225
14028,"sábado, 24 de dezembro de 2022",2234,18,5,R$ 45,R$ 225
14038,"domingo, 25 de dezembro de 2022",2269,18,5,R$ 45,R$ 225
23,"domingo, 10 de janeiro de 2021",9795,14,5,"R$ 2,5","R$ 12,5"
130,"sábado, 16 de janeiro de 2021",484,14,5,"R$ 2,5","R$ 12,5"
143,"segunda-feira, 18 de janeiro de 2021",7743,14,5,"R$ 2,5","R$ 12,5"
192,"sábado, 23 de janeiro de 2021",4016,14,5,"R$ 2,5","R$ 12,5"
226,"terça-feira, 26 de janeiro de 2021",5358,14,5,"R$ 2,5","R$ 12,5"
295,"segunda-feira, 1 de fevereiro de 2021",780,14,5,"R$ 2,5","R$ 12,5"
306,"terça-feira, 2 de fevereiro de 2021",4825,14,5,"R$ 2,5","R$ 12,5"
379,"domingo, 7 de fevereiro de 2021",9554,14,5,"R$ 2,5","R$ 12,5"
428,"quinta-feira, 11 de fevereiro de 2021",9014,14,5,"R$ 2,5","R$ 12,5"
446,"sábado, 13 de fevereiro de 2021",3976,14,5,"R$ 2,5","R$ 12,5"
492,"terça-feira, 16 de fevereiro de 2021",5899,14,5,"R$ 2,5","R$ 12,5"
532,"sábado, 20 de fevereiro de 2021",1548,14,5,"R$ 2,5","R$ 12,5"
573,"quarta-feira, 24 de fevereiro de 2021",1869,14,5,"R$ 2,5","R$ 12,5"
631,"domingo, 28 de fevereiro de 2021",5358,14,5,"R$ 2,5","R$ 12,5"
651,"segunda-feira, 1 de março de 2021",9851,14,5,"R$ 2,5","R$ 12,5"
668,"terça-feira, 2 de março de 2021",8275,14,5,"R$ 2,5","R$ 12,5"
679,"quarta-feira, 3 de março de 2021",7439,14,5,"R$ 2,5","R$ 12,5"
681,"quarta-feira, 3 de março de 2021",3692,14,5,"R$ 2,5","R$ 12,5"
744,"segunda-feira, 8 de março de 2021",9306,14,5,"R$ 2,5","R$ 12,5"
755,"segunda-feira, 8 de março de 2021",1794,14,5,"R$ 2,5","R$ 12,5"
825,"sábado, 13 de março de 2021",7262,14,5,"R$ 2,5","R$ 12,5"
873,"quarta-feira, 17 de março de 2021",7702,14,5,"R$ 2,5","R$ 12,5"
1001,"quinta-feira, 25 de março de 2021",7059,14,5,"R$ 2,5","R$ 12,5"
1075,"segunda-feira, 29 de março de 2021",3300,14,5,"R$ 2,5","R$ 12,5"
1122,"sexta-feira, 2 de abril de 2021",504,14,5,"R$ 2,5","R$ 12,5"
1297,"quarta-feira, 14 de abril de 2021",3345,14,5,"R$ 2,5","R$ 12,5"
1335,"sexta-feira, 16 de abril de 2021",3401,14,5,"R$ 2,5","R$ 12,5"
1454,"domingo, 25 de abril de 2021",9928,14,5,"R$ 2,5","R$ 12,5"
1552,"domingo, 2 de maio de 2021",9787,14,5,"R$ 2,5","R$ 12,5"
1693,"quarta-feira, 12 de maio de 2021",7276,14,5,"R$ 2,5","R$ 12,5"
1698,"quarta-feira, 12 de maio de 2021",5303,14,5,"R$ 2,5","R$ 12,5"
1706,"quinta-feira, 13 de maio de 2021",5360,14,5,"R$ 2,5","R$ 12,5"
1775,"quarta-feira, 19 de maio de 2021",4453,14,5,"R$ 2,5","R$ 12,5"
1870,"quarta-feira, 26 de maio de 2021",9825,14,5,"R$ 2,5","R$ 12,5"
1922,"domingo, 30 de maio de 2021",4094,14,5,"R$ 2,5","R$ 12,5"
1958,"quarta-feira, 2 de junho de 2021",4525,14,5,"R$ 2,5","R$ 12,5"
2070,"sábado, 12 de junho de 2021",5301,14,5,"R$ 2,5","R$ 12,5"
2088,"terça-feira, 15 de junho de 2021",4767,14,5,"R$ 2,5","R$ 12,5"
2189,"terça-feira, 22 de junho de 2021",1484,14,5,"R$ 2,5","R$ 12,5"
2967,"quarta-feira, 25 de agosto de 2021",8351,14,5,"R$ 2,5","R$ 12,5"
3057,"quinta-feira, 2 de setembro de 2021",673,14,5,"R$ 2,5","R$ 12,5"
3224,"quinta-feira, 16 de setembro de 2021",9567,14,5,"R$ 2,5","R$ 12,5"
3291,"terça-feira, 21 de setembro de 2021",91,14,5,"R$ 2,5","R$ 12,5"
3521,"sábado, 9 de outubro de 2021",770,14,5,"R$ 2,5","R$ 12,5"
3674,"sábado, 23 de outubro de 2021",3041,14,5,"R$ 2,5","R$ 12,5"
3722,"quarta-feira, 27 de outubro de 2021",1306,14,5,"R$ 2,5","R$ 12,5"
3896,"terça-feira, 9 de novembro de 2021",2770,14,5,"R$ 2,5","R$ 12,5"
4030,"sexta-feira, 19 de novembro de 2021",5250,14,5,"R$ 2,5","R$ 12,5"
4078,"terça-feira, 23 de novembro de 2021",7051,14,5,"R$ 2,5","R$ 12,5"
4190,"quarta-feira, 1 de dezembro de 2021",8511,14,5,"R$ 2,5","R$ 12,5"
4200,"quarta-feira, 1 de dezembro de 2021",8457,14,5,"R$ 2,5","R$ 12,5"
4295,"terça-feira, 7 de dezembro de 2021",4463,14,5,"R$ 2,5","R$ 12,5"
4330,"sexta-feira, 10 de dezembro de 2021",2171,14,5,"R$ 2,5","R$ 12,5"
4341,"sexta-feira, 10 de dezembro de 2021",6169,14,5,"R$ 2,5","R$ 12,5"
4509,"terça-feira, 21 de dezembro de 2021",2448,14,5,"R$ 2,5","R$ 12,5"
4963,"terça-feira, 11 de janeiro de 2022",9629,14,5,"R$ 2,5","R$ 12,5"
4975,"terça-feira, 11 de janeiro de 2022",6912,14,5,"R$ 2,5","R$ 12,5"
5061,"sábado, 15 de janeiro de 2022",1162,14,5,"R$ 2,5","R$ 12,5"
5225,"sexta-feira, 21 de janeiro de 2022",5223,14,5,"R$ 2,5","R$ 12,5"
5249,"sábado, 22 de janeiro de 2022",7862,14,5,"R$ 2,5","R$ 12,5"
5253,"sábado, 22 de janeiro de 2022",2130,14,5,"R$ 2,5","R$ 12,5"
5317,"terça-feira, 25 de janeiro de 2022",4364,14,5,"R$ 2,5","R$ 12,5"
5375,"quinta-feira, 27 de janeiro de 2022",8169,14,5,"R$ 2,5","R$ 12,5"
5383,"quinta-feira, 27 de janeiro de 2022",3753,14,5,"R$ 2,5","R$ 12,5"
5579,"quinta-feira, 3 de fevereiro de 2022",4853,14,5,"R$ 2,5","R$ 12,5"
5757,"quarta-feira, 9 de fevereiro de 2022",4941,14,5,"R$ 2,5","R$ 12,5"
5760,"quinta-feira, 10 de fevereiro de 2022",5002,14,5,"R$ 2,5","R$ 12,5"
5780,"quinta-feira, 10 de fevereiro de 2022",6982,14,5,"R$ 2,5","R$ 12,5"
5828,"sábado, 12 de fevereiro de 2022",6950,14,5,"R$ 2,5","R$ 12,5"
6122,"terça-feira, 22 de fevereiro de 2022",187,14,5,"R$ 2,5","R$ 12,5"
6197,"quinta-feira, 24 de fevereiro de 2022",4753,14,5,"R$ 2,5","R$ 12,5"
6253,"domingo, 27 de fevereiro de 2022",697,14,5,"R$ 2,5","R$ 12,5"
6291,"segunda-feira, 28 de fevereiro de 2022",850,14,5,"R$ 2,5","R$ 12,5"
6298,"segunda-feira, 28 de fevereiro de 2022",221,14,5,"R$ 2,5","R$ 12,5"
6303,"segunda-feira, 28 de fevereiro de 2022",9395,14,5,"R$ 2,5","R$ 12,5"
6398,"sexta-feira, 4 de março de 2022",8203,14,5,"R$ 2,5","R$ 12,5"
6400,"sexta-feira, 4 de março de 2022",1682,14,5,"R$ 2,5","R$ 12,5"
6465,"segunda-feira, 7 de março de 2022",6001,14,5,"R$ 2,5","R$ 12,5"
6569,"quinta-feira, 10 de março de 2022",3970,14,5,"R$ 2,5","R$ 12,5"
6579,"sexta-feira, 11 de março de 2022",2094,14,5,"R$ 2,5","R$ 12,5"
6688,"terça-feira, 15 de março de 2022",1722,14,5,"R$ 2,5","R$ 12,5"
6771,"sexta-feira, 18 de março de 2022",7836,14,5,"R$ 2,5","R$ 12,5"
6960,"sábado, 26 de março de 2022",1334,14,5,"R$ 2,5","R$ 12,5"
7157,"sábado, 2 de abril de 2022",4914,14,5,"R$ 2,5","R$ 12,5"
7238,"terça-feira, 5 de abril de 2022",9097,14,5,"R$ 2,5","R$ 12,5"
7396,"segunda-feira, 11 de abril de 2022",7836,14,5,"R$ 2,5","R$ 12,5"
7439,"quarta-feira, 13 de abril de 2022",6048,14,5,"R$ 2,5","R$ 12,5"
7587,"terça-feira, 19 de abril de 2022",3152,14,5,"R$ 2,5","R$ 12,5"
7589,"terça-feira, 19 de abril de 2022",1636,14,5,"R$ 2,5","R$ 12,5"
7621,"quarta-feira, 20 de abril de 2022",6138,14,5,"R$ 2,5","R$ 12,5"
7692,"sexta-feira, 22 de abril de 2022",2651,14,5,"R$ 2,5","R$ 12,5"
7711,"sábado, 23 de abril de 2022",8963,14,5,"R$ 2,5","R$ 12,5"
7723,"sábado, 23 de abril de 2022",1567,14,5,"R$ 2,5","R$ 12,5"
7779,"segunda-feira, 25 de abril de 2022",7003,14,5,"R$ 2,5","R$ 12,5"
7824,"quarta-feira, 27 de abril de 2022",1850,14,5,"R$ 2,5","R$ 12,5"
7911,"sábado, 30 de abril de 2022",1754,14,5,"R$ 2,5","R$ 12,5"
7915,"sábado, 30 de abril de 2022",5606,14,5,"R$ 2,5","R$ 12,5"
7976,"terça-feira, 3 de maio de 2022",6757,14,5,"R$ 2,5","R$ 12,5"
8041,"quinta-feira, 5 de maio de 2022",6864,14,5,"R$ 2,5","R$ 12,5"
8084,"sexta-feira, 6 de maio de 2022",2310,14,5,"R$ 2,5","R$ 12,5"
8097,"sábado, 7 de maio de 2022",9394,14,5,"R$ 2,5","R$ 12,5"
8104,"sábado, 7 de maio de 2022",7614,14,5,"R$ 2,5","R$ 12,5"
8400,"quarta-feira, 18 de maio de 2022",7206,14,5,"R$ 2,5","R$ 12,5"
8413,"quinta-feira, 19 de maio de 2022",5113,14,5,"R$ 2,5","R$ 12,5"
8467,"sexta-feira, 20 de maio de 2022",5348,14,5,"R$ 2,5","R$ 12,5"
8527,"domingo, 22 de maio de 2022",5757,14,5,"R$ 2,5","R$ 12,5"
8618,"quinta-feira, 26 de maio de 2022",9422,14,5,"R$ 2,5","R$ 12,5"
8701,"sábado, 28 de maio de 2022",2221,14,5,"R$ 2,5","R$ 12,5"
8742,"segunda-feira, 30 de maio de 2022",3174,14,5,"R$ 2,5","R$ 12,5"
8752,"segunda-feira, 30 de maio de 2022",1770,14,5,"R$ 2,5","R$ 12,5"
8781,"terça-feira, 31 de maio de 2022",5099,14,5,"R$ 2,5","R$ 12,5"
9000,"quarta-feira, 8 de junho de 2022",399,14,5,"R$ 2,5","R$ 12,5"
9059,"sábado, 11 de junho de 2022",8670,14,5,"R$ 2,5","R$ 12,5"
9097,"domingo, 12 de junho de 2022",193,14,5,"R$ 2,5","R$ 12,5"
9113,"segunda-feira, 13 de junho de 2022",6004,14,5,"R$ 2,5","R$ 12,5"
9127,"segunda-feira, 13 de junho de 2022",5452,14,5,"R$ 2,5","R$ 12,5"
9237,"sexta-feira, 17 de junho de 2022",3661,14,5,"R$ 2,5","R$ 12,5"
9265,"sábado, 18 de junho de 2022",1444,14,5,"R$ 2,5","R$ 12,5"
9268,"sábado, 18 de junho de 2022",9286,14,5,"R$ 2,5","R$ 12,5"
9470,"domingo, 26 de junho de 2022",1161,14,5,"R$ 2,5","R$ 12,5"
9514,"terça-feira, 28 de junho de 2022",7063,14,5,"R$ 2,5","R$ 12,5"
9547,"quarta-feira, 29 de junho de 2022",597,14,5,"R$ 2,5","R$ 12,5"
9645,"domingo, 3 de julho de 2022",2908,14,5,"R$ 2,5","R$ 12,5"
9791,"sexta-feira, 8 de julho de 2022",5206,14,5,"R$ 2,5","R$ 12,5"
9859,"domingo, 10 de julho de 2022",2510,14,5,"R$ 2,5","R$ 12,5"
9907,"terça-feira, 12 de julho de 2022",3085,14,5,"R$ 2,5","R$ 12,5"
9923,"terça-feira, 12 de julho de 2022",4477,14,5,"R$ 2,5","R$ 12,5"
10100,"segunda-feira, 18 de julho de 2022",5181,14,5,"R$ 2,5","R$ 12,5"
10140,"terça-feira, 19 de julho de 2022",7555,14,5,"R$ 2,5","R$ 12,5"
10168,"quarta-feira, 20 de julho de 2022",7541,14,5,"R$ 2,5","R$ 12,5"
10368,"sexta-feira, 29 de julho de 2022",10008,14,5,"R$ 2,5","R$ 12,5"
10538,"quinta-feira, 4 de agosto de 2022",52,14,5,"R$ 2,5","R$ 12,5"
10590,"sábado, 6 de agosto de 2022",9788,14,5,"R$ 2,5","R$ 12,5"
10636,"segunda-feira, 8 de agosto de 2022",2883,14,5,"R$ 2,5","R$ 12,5"
11158,"domingo, 28 de agosto de 2022",1583,14,5,"R$ 2,5","R$ 12,5"
11180,"segunda-feira, 29 de agosto de 2022",4226,14,5,"R$ 2,5","R$ 12,5"
11244,"quarta-feira, 31 de agosto de 2022",4985,14,5,"R$ 2,5","R$ 12,5"
11378,"segunda-feira, 5 de setembro de 2022",1770,14,5,"R$ 2,5","R$ 12,5"
11672,"sexta-feira, 16 de setembro de 2022",3372,14,5,"R$ 2,5","R$ 12,5"
11788,"quarta-feira, 21 de setembro de 2022",8915,14,5,"R$ 2,5","R$ 12,5"
11865,"sexta-feira, 23 de setembro de 2022",5740,14,5,"R$ 2,5","R$ 12,5"
12051,"quinta-feira, 29 de setembro de 2022",955,14,5,"R$ 2,5","R$ 12,5"
12052,"quinta-feira, 29 de setembro de 2022",6034,14,5,"R$ 2,5","R$ 12,5"
12053,"quinta-feira, 29 de setembro de 2022",7700,14,5,"R$ 2,5","R$ 12,5"
12098,"sábado, 1 de outubro de 2022",5766,14,5,"R$ 2,5","R$ 12,5"
12173,"terça-feira, 4 de outubro de 2022",3099,14,5,"R$ 2,5","R$ 12,5"
12181,"terça-feira, 4 de outubro de 2022",3068,14,5,"R$ 2,5","R$ 12,5"
12241,"sexta-feira, 7 de outubro de 2022",3018,14,5,"R$ 2,5","R$ 12,5"
12266,"sexta-feira, 7 de outubro de 2022",8470,14,5,"R$ 2,5","R$ 12,5"
12371,"terça-feira, 11 de outubro de 2022",8624,14,5,"R$ 2,5","R$ 12,5"
12429,"quinta-feira, 13 de outubro de 2022",9025,14,5,"R$ 2,5","R$ 12,5"
12529,"segunda-feira, 17 de outubro de 2022",2998,14,5,"R$ 2,5","R$ 12,5"
12563,"quarta-feira, 19 de outubro de 2022",8203,14,5,"R$ 2,5","R$ 12,5"
12661,"sábado, 22 de outubro de 2022",9644,14,5,"R$ 2,5","R$ 12,5"
12782,"quarta-feira, 26 de outubro de 2022",2258,14,5,"R$ 2,5","R$ 12,5"
13143,"terça-feira, 8 de novembro de 2022",4317,14,5,"R$ 2,5","R$ 12,5"
13177,"quarta-feira, 9 de novembro de 2022",1393,14,5,"R$ 2,5","R$ 12,5"
13246,"sexta-feira, 11 de novembro de 2022",6715,14,5,"R$ 2,5","R$ 12,5"
13290,"domingo, 13 de novembro de 2022",5826,14,5,"R$ 2,5","R$ 12,5"
13424,"quinta-feira, 17 de novembro de 2022",2468,14,5,"R$ 2,5","R$ 12,5"
13450,"sábado, 19 de novembro de 2022",3777,14,5,"R$ 2,5","R$ 12,5"
13483,"domingo, 20 de novembro de 2022",3138,14,5,"R$ 2,5","R$ 12,5"
13490,"domingo, 20 de novembro de 2022",2175,14,5,"R$ 2,5","R$ 12,5"
13673,"segunda-feira, 28 de novembro de 2022",5315,14,5,"R$ 2,5","R$ 12,5"
13711,"terça-feira, 29 de novembro de 2022",224,14,5,"R$ 2,5","R$ 12,5"
13752,"quinta-feira, 1 de dezembro de 2022",5256,14,5,"R$ 2,5","R$ 12,5"
13799,"sábado, 3 de dezembro de 2022",344,14,5,"R$ 2,5","R$ 12,5"
13843,"terça-feira, 6 de dezembro de 2022",3198,14,5,"R$ 2,5","R$ 12,5"
13980,"domingo, 18 de dezembro de 2022",8943,14,5,"R$ 2,5","R$ 12,5"
13996,"terça-feira, 20 de dezembro de 2022",5951,14,5,"R$ 2,5","R$ 12,5"
37,"sexta-feira, 1 de janeiro de 2021",6510,3,5,R$ 27,R$ 135
155,"segunda-feira, 18 de janeiro de 2021",8269,3,5,R$ 27,R$ 135
303,"segunda-feira, 1 de fevereiro de 2021",6273,3,5,R$ 27,R$ 135
359,"sexta-feira, 5 de fevereiro de 2021",10039,3,5,R$ 27,R$ 135
705,"sexta-feira, 5 de março de 2021",5920,3,5,R$ 27,R$ 135
736,"domingo, 7 de março de 2021",10118,3,5,R$ 27,R$ 135
850,"segunda-feira, 15 de março de 2021",10019,3,5,R$ 27,R$ 135
885,"quinta-feira, 18 de março de 2021",6172,3,5,R$ 27,R$ 135
980,"quarta-feira, 24 de março de 2021",3932,3,5,R$ 27,R$ 135
1140,"sábado, 3 de abril de 2021",570,3,5,R$ 27,R$ 135
1167,"segunda-feira, 5 de abril de 2021",4282,3,5,R$ 27,R$ 135
1415,"quinta-feira, 22 de abril de 2021",8518,3,5,R$ 27,R$ 135
1428,"sexta-feira, 23 de abril de 2021",782,3,5,R$ 27,R$ 135
1441,"sábado, 24 de abril de 2021",5501,3,5,R$ 27,R$ 135
1517,"quinta-feira, 29 de abril de 2021",10225,3,5,R$ 27,R$ 135
2052,"sexta-feira, 11 de junho de 2021",521,3,5,R$ 27,R$ 135
2091,"terça-feira, 15 de junho de 2021",5163,3,5,R$ 27,R$ 135
2323,"sábado, 3 de julho de 2021",595,3,5,R$ 27,R$ 135
2392,"domingo, 11 de julho de 2021",9951,3,5,R$ 27,R$ 135
2432,"terça-feira, 13 de julho de 2021",995,3,5,R$ 27,R$ 135
2460,"quinta-feira, 15 de julho de 2021",5405,3,5,R$ 27,R$ 135
2553,"quinta-feira, 22 de julho de 2021",2201,3,5,R$ 27,R$ 135
2569,"sábado, 24 de julho de 2021",9997,3,5,R$ 27,R$ 135
3009,"domingo, 29 de agosto de 2021",5847,3,5,R$ 27,R$ 135
3199,"segunda-feira, 13 de setembro de 2021",3109,3,5,R$ 27,R$ 135
3203,"terça-feira, 14 de setembro de 2021",6528,3,5,R$ 27,R$ 135
3232,"quinta-feira, 16 de setembro de 2021",4292,3,5,R$ 27,R$ 135
3240,"sexta-feira, 17 de setembro de 2021",4032,3,5,R$ 27,R$ 135
3266,"domingo, 19 de setembro de 2021",6021,3,5,R$ 27,R$ 135
3267,"domingo, 19 de setembro de 2021",96,3,5,R$ 27,R$ 135
3367,"quarta-feira, 29 de setembro de 2021",3163,3,5,R$ 27,R$ 135
3412,"sábado, 2 de outubro de 2021",4595,3,5,R$ 27,R$ 135
3469,"terça-feira, 5 de outubro de 2021",1807,3,5,R$ 27,R$ 135
3604,"sábado, 16 de outubro de 2021",3969,3,5,R$ 27,R$ 135
3690,"domingo, 24 de outubro de 2021",2405,3,5,R$ 27,R$ 135
3701,"segunda-feira, 25 de outubro de 2021",9691,3,5,R$ 27,R$ 135
3705,"terça-feira, 26 de outubro de 2021",3197,3,5,R$ 27,R$ 135
3986,"terça-feira, 16 de novembro de 2021",565,3,5,R$ 27,R$ 135
3991,"quarta-feira, 17 de novembro de 2021",8574,3,5,R$ 27,R$ 135
4019,"quinta-feira, 18 de novembro de 2021",9111,3,5,R$ 27,R$ 135
4122,"sexta-feira, 26 de novembro de 2021",158,3,5,R$ 27,R$ 135
4144,"sábado, 27 de novembro de 2021",2438,3,5,R$ 27,R$ 135
4231,"sexta-feira, 3 de dezembro de 2021",5256,3,5,R$ 27,R$ 135
4242,"sábado, 4 de dezembro de 2021",981,3,5,R$ 27,R$ 135
4252,"sábado, 4 de dezembro de 2021",3113,3,5,R$ 27,R$ 135
4291,"terça-feira, 7 de dezembro de 2021",1214,3,5,R$ 27,R$ 135
4344,"sexta-feira, 10 de dezembro de 2021",1720,3,5,R$ 27,R$ 135
4493,"domingo, 19 de dezembro de 2021",6288,3,5,R$ 27,R$ 135
4495,"segunda-feira, 20 de dezembro de 2021",739,3,5,R$ 27,R$ 135
4535,"quarta-feira, 22 de dezembro de 2021",9855,3,5,R$ 27,R$ 135
4540,"quarta-feira, 22 de dezembro de 2021",7534,3,5,R$ 27,R$ 135
4584,"sábado, 25 de dezembro de 2021",6388,3,5,R$ 27,R$ 135
4600,"domingo, 26 de dezembro de 2021",4021,3,5,R$ 27,R$ 135
4720,"sexta-feira, 31 de dezembro de 2021",2011,3,5,R$ 27,R$ 135
4771,"domingo, 2 de janeiro de 2022",8682,3,5,R$ 27,R$ 135
4780,"segunda-feira, 3 de janeiro de 2022",2438,3,5,R$ 27,R$ 135
4791,"segunda-feira, 3 de janeiro de 2022",10189,3,5,R$ 27,R$ 135
4796,"segunda-feira, 3 de janeiro de 2022",1626,3,5,R$ 27,R$ 135
4844,"quinta-feira, 6 de janeiro de 2022",1978,3,5,R$ 27,R$ 135
4869,"quinta-feira, 6 de janeiro de 2022",921,3,5,R$ 27,R$ 135
4932,"domingo, 9 de janeiro de 2022",4009,3,5,R$ 27,R$ 135
4948,"segunda-feira, 10 de janeiro de 2022",6208,3,5,R$ 27,R$ 135
5025,"quinta-feira, 13 de janeiro de 2022",5872,3,5,R$ 27,R$ 135
5069,"sábado, 15 de janeiro de 2022",9747,3,5,R$ 27,R$ 135
5117,"segunda-feira, 17 de janeiro de 2022",3334,3,5,R$ 27,R$ 135
5128,"segunda-feira, 17 de janeiro de 2022",6317,3,5,R$ 27,R$ 135
5130,"segunda-feira, 17 de janeiro de 2022",3978,3,5,R$ 27,R$ 135
5135,"terça-feira, 18 de janeiro de 2022",8289,3,5,R$ 27,R$ 135
5138,"terça-feira, 18 de janeiro de 2022",8534,3,5,R$ 27,R$ 135
5143,"terça-feira, 18 de janeiro de 2022",3080,3,5,R$ 27,R$ 135
5215,"quinta-feira, 20 de janeiro de 2022",1753,3,5,R$ 27,R$ 135
5372,"quinta-feira, 27 de janeiro de 2022",751,3,5,R$ 27,R$ 135
5468,"segunda-feira, 31 de janeiro de 2022",1549,3,5,R$ 27,R$ 135
5524,"terça-feira, 1 de fevereiro de 2022",9904,3,5,R$ 27,R$ 135
5570,"quinta-feira, 3 de fevereiro de 2022",8322,3,5,R$ 27,R$ 135
5571,"quinta-feira, 3 de fevereiro de 2022",919,3,5,R$ 27,R$ 135
5629,"sábado, 5 de fevereiro de 2022",4932,3,5,R$ 27,R$ 135
5704,"terça-feira, 8 de fevereiro de 2022",4256,3,5,R$ 27,R$ 135
5813,"sábado, 12 de fevereiro de 2022",1553,3,5,R$ 27,R$ 135
5831,"sábado, 12 de fevereiro de 2022",564,3,5,R$ 27,R$ 135
5974,"quinta-feira, 17 de fevereiro de 2022",7917,3,5,R$ 27,R$ 135
6032,"sábado, 19 de fevereiro de 2022",4417,3,5,R$ 27,R$ 135
6125,"terça-feira, 22 de fevereiro de 2022",2697,3,5,R$ 27,R$ 135
6183,"quinta-feira, 24 de fevereiro de 2022",5852,3,5,R$ 27,R$ 135
6186,"quinta-feira, 24 de fevereiro de 2022",6785,3,5,R$ 27,R$ 135
6211,"sexta-feira, 25 de fevereiro de 2022",2618,3,5,R$ 27,R$ 135
6243,"sábado, 26 de fevereiro de 2022",7149,3,5,R$ 27,R$ 135
6249,"sábado, 26 de fevereiro de 2022",9644,3,5,R$ 27,R$ 135
6258,"domingo, 27 de fevereiro de 2022",4655,3,5,R$ 27,R$ 135
6330,"terça-feira, 1 de março de 2022",1141,3,5,R$ 27,R$ 135
6350,"quarta-feira, 2 de março de 2022",121,3,5,R$ 27,R$ 135
6392,"sexta-feira, 4 de março de 2022",5881,3,5,R$ 27,R$ 135
6401,"sexta-feira, 4 de março de 2022",9897,3,5,R$ 27,R$ 135
6437,"sábado, 5 de março de 2022",3714,3,5,R$ 27,R$ 135
6481,"segunda-feira, 7 de março de 2022",9837,3,5,R$ 27,R$ 135
6527,"quarta-feira, 9 de março de 2022",5984,3,5,R$ 27,R$ 135
6749,"quinta-feira, 17 de março de 2022",529,3,5,R$ 27,R$ 135
6892,"quarta-feira, 23 de março de 2022",9942,3,5,R$ 27,R$ 135
6965,"sábado, 26 de março de 2022",3285,3,5,R$ 27,R$ 135
7058,"quarta-feira, 30 de março de 2022",8293,3,5,R$ 27,R$ 135
7106,"quinta-feira, 31 de março de 2022",2063,3,5,R$ 27,R$ 135
7211,"segunda-feira, 4 de abril de 2022",976,3,5,R$ 27,R$ 135
7215,"segunda-feira, 4 de abril de 2022",6305,3,5,R$ 27,R$ 135
7226,"terça-feira, 5 de abril de 2022",4409,3,5,R$ 27,R$ 135
7253,"quarta-feira, 6 de abril de 2022",8963,3,5,R$ 27,R$ 135
7445,"quarta-feira, 13 de abril de 2022",9728,3,5,R$ 27,R$ 135
8329,"domingo, 15 de maio de 2022",1614,3,5,R$ 27,R$ 135
8387,"quarta-feira, 18 de maio de 2022",8376,3,5,R$ 27,R$ 135
8469,"sexta-feira, 20 de maio de 2022",4796,3,5,R$ 27,R$ 135
8549,"segunda-feira, 23 de maio de 2022",4579,3,5,R$ 27,R$ 135
8600,"quarta-feira, 25 de maio de 2022",6098,3,5,R$ 27,R$ 135
8998,"quarta-feira, 8 de junho de 2022",4925,3,5,R$ 27,R$ 135
9126,"segunda-feira, 13 de junho de 2022",2749,3,5,R$ 27,R$ 135
9155,"terça-feira, 14 de junho de 2022",4767,3,5,R$ 27,R$ 135
9227,"sexta-feira, 17 de junho de 2022",8336,3,5,R$ 27,R$ 135
9971,"quinta-feira, 14 de julho de 2022",2749,3,5,R$ 27,R$ 135
10008,"sexta-feira, 15 de julho de 2022",8063,3,5,R$ 27,R$ 135
10039,"sábado, 16 de julho de 2022",911,3,5,R$ 27,R$ 135
10212,"sexta-feira, 22 de julho de 2022",1845,3,5,R$ 27,R$ 135
10295,"terça-feira, 26 de julho de 2022",6069,3,5,R$ 27,R$ 135
10429,"domingo, 31 de julho de 2022",1357,3,5,R$ 27,R$ 135
10437,"segunda-feira, 1 de agosto de 2022",3808,3,5,R$ 27,R$ 135
10625,"segunda-feira, 8 de agosto de 2022",838,3,5,R$ 27,R$ 135
10773,"sábado, 13 de agosto de 2022",7946,3,5,R$ 27,R$ 135
10774,"sábado, 13 de agosto de 2022",9896,3,5,R$ 27,R$ 135
10783,"sábado, 13 de agosto de 2022",983,3,5,R$ 27,R$ 135
10817,"domingo, 14 de agosto de 2022",7770,3,5,R$ 27,R$ 135
10820,"domingo, 14 de agosto de 2022",4396,3,5,R$ 27,R$ 135
10827,"segunda-feira, 15 de agosto de 2022",6690,3,5,R$ 27,R$ 135
10837,"segunda-feira, 15 de agosto de 2022",5909,3,5,R$ 27,R$ 135
11047,"quarta-feira, 24 de agosto de 2022",4568,3,5,R$ 27,R$ 135
11113,"sexta-feira, 26 de agosto de 2022",6669,3,5,R$ 27,R$ 135
11115,"sexta-feira, 26 de agosto de 2022",6603,3,5,R$ 27,R$ 135
11203,"terça-feira, 30 de agosto de 2022",2468,3,5,R$ 27,R$ 135
11366,"segunda-feira, 5 de setembro de 2022",8296,3,5,R$ 27,R$ 135
11596,"terça-feira, 13 de setembro de 2022",7617,3,5,R$ 27,R$ 135
11606,"quarta-feira, 14 de setembro de 2022",5374,3,5,R$ 27,R$ 135
11779,"terça-feira, 20 de setembro de 2022",4745,3,5,R$ 27,R$ 135
11794,"quarta-feira, 21 de setembro de 2022",299,3,5,R$ 27,R$ 135
11964,"segunda-feira, 26 de setembro de 2022",8204,3,5,R$ 27,R$ 135
11987,"terça-feira, 27 de setembro de 2022",6048,3,5,R$ 27,R$ 135
12050,"quinta-feira, 29 de setembro de 2022",5687,3,5,R$ 27,R$ 135
12129,"domingo, 2 de outubro de 2022",104,3,5,R$ 27,R$ 135
12195,"quarta-feira, 5 de outubro de 2022",2769,3,5,R$ 27,R$ 135
12244,"sexta-feira, 7 de outubro de 2022",1930,3,5,R$ 27,R$ 135
12264,"sexta-feira, 7 de outubro de 2022",4514,3,5,R$ 27,R$ 135
12285,"sábado, 8 de outubro de 2022",7448,3,5,R$ 27,R$ 135
12289,"sábado, 8 de outubro de 2022",10059,3,5,R$ 27,R$ 135
12358,"terça-feira, 11 de outubro de 2022",9049,3,5,R$ 27,R$ 135
12411,"quinta-feira, 13 de outubro de 2022",4049,3,5,R$ 27,R$ 135
12421,"quinta-feira, 13 de outubro de 2022",9790,3,5,R$ 27,R$ 135
12606,"quinta-feira, 20 de outubro de 2022",7614,3,5,R$ 27,R$ 135
12674,"sábado, 22 de outubro de 2022",4198,3,5,R$ 27,R$ 135
12702,"domingo, 23 de outubro de 2022",1325,3,5,R$ 27,R$ 135
12738,"segunda-feira, 24 de outubro de 2022",2756,3,5,R$ 27,R$ 135
12748,"terça-feira, 25 de outubro de 2022",7321,3,5,R$ 27,R$ 135
12918,"segunda-feira, 31 de outubro de 2022",4727,3,5,R$ 27,R$ 135
13019,"quinta-feira, 3 de novembro de 2022",10251,3,5,R$ 27,R$ 135
13022,"quinta-feira, 3 de novembro de 2022",2551,3,5,R$ 27,R$ 135
13187,"quarta-feira, 9 de novembro de 2022",3422,3,5,R$ 27,R$ 135
13192,"quarta-feira, 9 de novembro de 2022",110,3,5,R$ 27,R$ 135
13252,"sexta-feira, 11 de novembro de 2022",8314,3,5,R$ 27,R$ 135
13274,"sábado, 12 de novembro de 2022",5256,3,5,R$ 27,R$ 135
13442,"sexta-feira, 18 de novembro de 2022",5985,3,5,R$ 27,R$ 135
13531,"terça-feira, 22 de novembro de 2022",1116,3,5,R$ 27,R$ 135
13537,"terça-feira, 22 de novembro de 2022",4020,3,5,R$ 27,R$ 135
13559,"quarta-feira, 23 de novembro de 2022",4913,3,5,R$ 27,R$ 135
13691,"terça-feira, 29 de novembro de 2022",4558,3,5,R$ 27,R$ 135
13773,"sexta-feira, 2 de dezembro de 2022",6348,3,5,R$ 27,R$ 135
13858,"quinta-feira, 8 de dezembro de 2022",8388,3,5,R$ 27,R$ 135
13982,"domingo, 18 de dezembro de 2022",8252,3,5,R$ 27,R$ 135
14052,"quarta-feira, 28 de dezembro de 2022",378,3,5,R$ 27,R$ 135
79,"sábado, 9 de janeiro de 2021",6021,4,5,R$ 6,R$ 30
498,"quarta-feira, 17 de fevereiro de 2021",8504,4,5,R$ 6,R$ 30
540,"domingo, 21 de fevereiro de 2021",10033,4,5,R$ 6,R$ 30
808,"sexta-feira, 12 de março de 2021",1567,4,5,R$ 6,R$ 30
924,"sexta-feira, 19 de março de 2021",8123,4,5,R$ 6,R$ 30
1036,"sábado, 27 de março de 2021",8810,4,5,R$ 6,R$ 30
1065,"segunda-feira, 29 de março de 2021",6424,4,5,R$ 6,R$ 30
1480,"terça-feira, 27 de abril de 2021",6642,4,5,R$ 6,R$ 30
1492,"terça-feira, 27 de abril de 2021",6832,4,5,R$ 6,R$ 30
1535,"sábado, 1 de maio de 2021",2398,4,5,R$ 6,R$ 30
1549,"domingo, 2 de maio de 2021",5682,4,5,R$ 6,R$ 30
1560,"segunda-feira, 3 de maio de 2021",1491,4,5,R$ 6,R$ 30
1734,"domingo, 16 de maio de 2021",2623,4,5,R$ 6,R$ 30
1783,"quarta-feira, 19 de maio de 2021",115,4,5,R$ 6,R$ 30
1803,"sexta-feira, 21 de maio de 2021",9064,4,5,R$ 6,R$ 30
1845,"segunda-feira, 24 de maio de 2021",7117,4,5,R$ 6,R$ 30
1897,"sábado, 29 de maio de 2021",8966,4,5,R$ 6,R$ 30
2027,"terça-feira, 8 de junho de 2021",4599,4,5,R$ 6,R$ 30
2105,"quarta-feira, 16 de junho de 2021",8663,4,5,R$ 6,R$ 30
2134,"sexta-feira, 18 de junho de 2021",8015,4,5,R$ 6,R$ 30
2242,"domingo, 27 de junho de 2021",3426,4,5,R$ 6,R$ 30
2338,"segunda-feira, 5 de julho de 2021",3222,4,5,R$ 6,R$ 30
2394,"domingo, 11 de julho de 2021",5694,4,5,R$ 6,R$ 30
2406,"domingo, 11 de julho de 2021",49,4,5,R$ 6,R$ 30
2436,"terça-feira, 13 de julho de 2021",5009,4,5,R$ 6,R$ 30
2489,"sábado, 17 de julho de 2021",8255,4,5,R$ 6,R$ 30
2511,"domingo, 18 de julho de 2021",398,4,5,R$ 6,R$ 30
2741,"sábado, 7 de agosto de 2021",7109,4,5,R$ 6,R$ 30
2758,"domingo, 8 de agosto de 2021",2547,4,5,R$ 6,R$ 30
2826,"sexta-feira, 13 de agosto de 2021",3840,4,5,R$ 6,R$ 30
2859,"segunda-feira, 16 de agosto de 2021",161,4,5,R$ 6,R$ 30
2888,"quinta-feira, 19 de agosto de 2021",7449,4,5,R$ 6,R$ 30
2891,"quinta-feira, 19 de agosto de 2021",8840,4,5,R$ 6,R$ 30
2952,"terça-feira, 24 de agosto de 2021",6168,4,5,R$ 6,R$ 30
3017,"domingo, 29 de agosto de 2021",5147,4,5,R$ 6,R$ 30
3048,"quarta-feira, 1 de setembro de 2021",2523,4,5,R$ 6,R$ 30
3056,"quinta-feira, 2 de setembro de 2021",7366,4,5,R$ 6,R$ 30
3112,"segunda-feira, 6 de setembro de 2021",7319,4,5,R$ 6,R$ 30
3115,"terça-feira, 7 de setembro de 2021",4784,4,5,R$ 6,R$ 30
3123,"terça-feira, 7 de setembro de 2021",7896,4,5,R$ 6,R$ 30
3135,"quinta-feira, 9 de setembro de 2021",6301,4,5,R$ 6,R$ 30
3178,"domingo, 12 de setembro de 2021",7607,4,5,R$ 6,R$ 30
3310,"quinta-feira, 23 de setembro de 2021",7106,4,5,R$ 6,R$ 30
3460,"terça-feira, 5 de outubro de 2021",4507,4,5,R$ 6,R$ 30
3499,"sexta-feira, 8 de outubro de 2021",9747,4,5,R$ 6,R$ 30
3560,"quarta-feira, 13 de outubro de 2021",4370,4,5,R$ 6,R$ 30
3589,"sexta-feira, 15 de outubro de 2021",5144,4,5,R$ 6,R$ 30
3689,"domingo, 24 de outubro de 2021",158,4,5,R$ 6,R$ 30
4034,"sábado, 20 de novembro de 2021",6256,4,5,R$ 6,R$ 30
4131,"sexta-feira, 26 de novembro de 2021",4004,4,5,R$ 6,R$ 30
4253,"sábado, 4 de dezembro de 2021",5158,4,5,R$ 6,R$ 30
4281,"segunda-feira, 6 de dezembro de 2021",7274,4,5,R$ 6,R$ 30
4497,"segunda-feira, 20 de dezembro de 2021",7672,4,5,R$ 6,R$ 30
4500,"segunda-feira, 20 de dezembro de 2021",154,4,5,R$ 6,R$ 30
4513,"terça-feira, 21 de dezembro de 2021",3327,4,5,R$ 6,R$ 30
4570,"sexta-feira, 24 de dezembro de 2021",8960,4,5,R$ 6,R$ 30
4732,"sábado, 1 de janeiro de 2022",3639,4,5,R$ 6,R$ 30
4740,"sábado, 1 de janeiro de 2022",1271,4,5,R$ 6,R$ 30
4841,"quarta-feira, 5 de janeiro de 2022",3390,4,5,R$ 6,R$ 30
4928,"domingo, 9 de janeiro de 2022",5597,4,5,R$ 6,R$ 30
5028,"quinta-feira, 13 de janeiro de 2022",2556,4,5,R$ 6,R$ 30
5104,"domingo, 16 de janeiro de 2022",7315,4,5,R$ 6,R$ 30
5126,"segunda-feira, 17 de janeiro de 2022",6307,4,5,R$ 6,R$ 30
5207,"quinta-feira, 20 de janeiro de 2022",1393,4,5,R$ 6,R$ 30
5232,"sexta-feira, 21 de janeiro de 2022",4925,4,5,R$ 6,R$ 30
5325,"terça-feira, 25 de janeiro de 2022",8615,4,5,R$ 6,R$ 30
5342,"quarta-feira, 26 de janeiro de 2022",7051,4,5,R$ 6,R$ 30
5363,"quarta-feira, 26 de janeiro de 2022",7051,4,5,R$ 6,R$ 30
5455,"domingo, 30 de janeiro de 2022",831,4,5,R$ 6,R$ 30
5613,"sexta-feira, 4 de fevereiro de 2022",4187,4,5,R$ 6,R$ 30
5643,"sábado, 5 de fevereiro de 2022",5986,4,5,R$ 6,R$ 30
5808,"sexta-feira, 11 de fevereiro de 2022",7852,4,5,R$ 6,R$ 30
5855,"domingo, 13 de fevereiro de 2022",7300,4,5,R$ 6,R$ 30
5889,"segunda-feira, 14 de fevereiro de 2022",8911,4,5,R$ 6,R$ 30
5891,"segunda-feira, 14 de fevereiro de 2022",5070,4,5,R$ 6,R$ 30
6089,"segunda-feira, 21 de fevereiro de 2022",7355,4,5,R$ 6,R$ 30
6100,"segunda-feira, 21 de fevereiro de 2022",8338,4,5,R$ 6,R$ 30
6131,"quarta-feira, 23 de fevereiro de 2022",59,4,5,R$ 6,R$ 30
6522,"quarta-feira, 9 de março de 2022",5172,4,5,R$ 6,R$ 30
6652,"segunda-feira, 14 de março de 2022",6161,4,5,R$ 6,R$ 30
6670,"segunda-feira, 14 de março de 2022",7121,4,5,R$ 6,R$ 30
6703,"terça-feira, 15 de março de 2022",663,4,5,R$ 6,R$ 30
6736,"quinta-feira, 17 de março de 2022",5642,4,5,R$ 6,R$ 30
6757,"sexta-feira, 18 de março de 2022",8351,4,5,R$ 6,R$ 30
6824,"segunda-feira, 21 de março de 2022",1431,4,5,R$ 6,R$ 30
6839,"segunda-feira, 21 de março de 2022",9383,4,5,R$ 6,R$ 30
6884,"quarta-feira, 23 de março de 2022",8685,4,5,R$ 6,R$ 30
6906,"quinta-feira, 24 de março de 2022",8164,4,5,R$ 6,R$ 30
6939,"sexta-feira, 25 de março de 2022",644,4,5,R$ 6,R$ 30
6976,"domingo, 27 de março de 2022",2309,4,5,R$ 6,R$ 30
7091,"quinta-feira, 31 de março de 2022",10026,4,5,R$ 6,R$ 30
7176,"domingo, 3 de abril de 2022",1447,4,5,R$ 6,R$ 30
7261,"quarta-feira, 6 de abril de 2022",7989,4,5,R$ 6,R$ 30
7443,"quarta-feira, 13 de abril de 2022",5148,4,5,R$ 6,R$ 30
7467,"quinta-feira, 14 de abril de 2022",2828,4,5,R$ 6,R$ 30
7507,"sábado, 16 de abril de 2022",5208,4,5,R$ 6,R$ 30
7565,"segunda-feira, 18 de abril de 2022",8742,4,5,R$ 6,R$ 30
7649,"quinta-feira, 21 de abril de 2022",2901,4,5,R$ 6,R$ 30
7728,"sábado, 23 de abril de 2022",9999,4,5,R$ 6,R$ 30
7729,"sábado, 23 de abril de 2022",2533,4,5,R$ 6,R$ 30
7740,"domingo, 24 de abril de 2022",5615,4,5,R$ 6,R$ 30
8131,"domingo, 8 de maio de 2022",9728,4,5,R$ 6,R$ 30
8357,"segunda-feira, 16 de maio de 2022",1942,4,5,R$ 6,R$ 30
8463,"sexta-feira, 20 de maio de 2022",6607,4,5,R$ 6,R$ 30
8552,"segunda-feira, 23 de maio de 2022",3937,4,5,R$ 6,R$ 30
8802,"quarta-feira, 1 de junho de 2022",7454,4,5,R$ 6,R$ 30
8824,"quinta-feira, 2 de junho de 2022",7472,4,5,R$ 6,R$ 30
8936,"segunda-feira, 6 de junho de 2022",5590,4,5,R$ 6,R$ 30
8943,"segunda-feira, 6 de junho de 2022",7718,4,5,R$ 6,R$ 30
9004,"quarta-feira, 8 de junho de 2022",6618,4,5,R$ 6,R$ 30
9056,"sábado, 11 de junho de 2022",4727,4,5,R$ 6,R$ 30
9100,"domingo, 12 de junho de 2022",8708,4,5,R$ 6,R$ 30
9298,"segunda-feira, 20 de junho de 2022",8452,4,5,R$ 6,R$ 30
9462,"domingo, 26 de junho de 2022",2613,4,5,R$ 6,R$ 30
9575,"quinta-feira, 30 de junho de 2022",4315,4,5,R$ 6,R$ 30
9668,"segunda-feira, 4 de julho de 2022",1429,4,5,R$ 6,R$ 30
9704,"terça-feira, 5 de julho de 2022",5478,4,5,R$ 6,R$ 30
9839,"domingo, 10 de julho de 2022",6313,4,5,R$ 6,R$ 30
9909,"terça-feira, 12 de julho de 2022",6542,4,5,R$ 6,R$ 30
10076,"domingo, 17 de julho de 2022",5631,4,5,R$ 6,R$ 30
10077,"domingo, 17 de julho de 2022",5457,4,5,R$ 6,R$ 30
10104,"segunda-feira, 18 de julho de 2022",2586,4,5,R$ 6,R$ 30
10111,"terça-feira, 19 de julho de 2022",3225,4,5,R$ 6,R$ 30
10156,"quarta-feira, 20 de julho de 2022",9318,4,5,R$ 6,R$ 30
10221,"sexta-feira, 22 de julho de 2022",7016,4,5,R$ 6,R$ 30
10382,"sexta-feira, 29 de julho de 2022",4101,4,5,R$ 6,R$ 30
10523,"quinta-feira, 4 de agosto de 2022",2629,4,5,R$ 6,R$ 30
10526,"quinta-feira, 4 de agosto de 2022",3234,4,5,R$ 6,R$ 30
10572,"sábado, 6 de agosto de 2022",8454,4,5,R$ 6,R$ 30
10685,"quarta-feira, 10 de agosto de 2022",5114,4,5,R$ 6,R$ 30
10714,"quinta-feira, 11 de agosto de 2022",1003,4,5,R$ 6,R$ 30
10756,"sexta-feira, 12 de agosto de 2022",9844,4,5,R$ 6,R$ 30
10838,"segunda-feira, 15 de agosto de 2022",8952,4,5,R$ 6,R$ 30
10866,"terça-feira, 16 de agosto de 2022",3589,4,5,R$ 6,R$ 30
10942,"sexta-feira, 19 de agosto de 2022",959,4,5,R$ 6,R$ 30
11042,"quarta-feira, 24 de agosto de 2022",510,4,5,R$ 6,R$ 30
11049,"quarta-feira, 24 de agosto de 2022",6081,4,5,R$ 6,R$ 30
11106,"sexta-feira, 26 de agosto de 2022",3366,4,5,R$ 6,R$ 30
11135,"sábado, 27 de agosto de 2022",9942,4,5,R$ 6,R$ 30
11152,"domingo, 28 de agosto de 2022",5642,4,5,R$ 6,R$ 30
11208,"terça-feira, 30 de agosto de 2022",2850,4,5,R$ 6,R$ 30
11336,"domingo, 4 de setembro de 2022",8827,4,5,R$ 6,R$ 30
11364,"segunda-feira, 5 de setembro de 2022",4615,4,5,R$ 6,R$ 30
11379,"segunda-feira, 5 de setembro de 2022",4870,4,5,R$ 6,R$ 30
11404,"quarta-feira, 7 de setembro de 2022",1183,4,5,R$ 6,R$ 30
11430,"quarta-feira, 7 de setembro de 2022",9812,4,5,R$ 6,R$ 30
11462,"sexta-feira, 9 de setembro de 2022",5558,4,5,R$ 6,R$ 30
11529,"domingo, 11 de setembro de 2022",3602,4,5,R$ 6,R$ 30
11631,"quinta-feira, 15 de setembro de 2022",3448,4,5,R$ 6,R$ 30
11684,"sábado, 17 de setembro de 2022",2924,4,5,R$ 6,R$ 30
11744,"segunda-feira, 19 de setembro de 2022",5576,4,5,R$ 6,R$ 30
11772,"terça-feira, 20 de setembro de 2022",3882,4,5,R$ 6,R$ 30
11934,"domingo, 25 de setembro de 2022",1495,4,5,R$ 6,R$ 30
11962,"segunda-feira, 26 de setembro de 2022",6805,4,5,R$ 6,R$ 30
12254,"sexta-feira, 7 de outubro de 2022",1690,4,5,R$ 6,R$ 30
12345,"segunda-feira, 10 de outubro de 2022",5368,4,5,R$ 6,R$ 30
12420,"quinta-feira, 13 de outubro de 2022",1397,4,5,R$ 6,R$ 30
12496,"domingo, 16 de outubro de 2022",191,4,5,R$ 6,R$ 30
12588,"quarta-feira, 19 de outubro de 2022",1636,4,5,R$ 6,R$ 30
12636,"sexta-feira, 21 de outubro de 2022",4719,4,5,R$ 6,R$ 30
12694,"domingo, 23 de outubro de 2022",1787,4,5,R$ 6,R$ 30
12718,"segunda-feira, 24 de outubro de 2022",2153,4,5,R$ 6,R$ 30
12839,"sexta-feira, 28 de outubro de 2022",7356,4,5,R$ 6,R$ 30
12875,"sábado, 29 de outubro de 2022",8338,4,5,R$ 6,R$ 30
12957,"terça-feira, 1 de novembro de 2022",4731,4,5,R$ 6,R$ 30
13009,"quinta-feira, 3 de novembro de 2022",739,4,5,R$ 6,R$ 30
13131,"segunda-feira, 7 de novembro de 2022",2638,4,5,R$ 6,R$ 30
13314,"domingo, 13 de novembro de 2022",10071,4,5,R$ 6,R$ 30
13378,"quarta-feira, 16 de novembro de 2022",10002,4,5,R$ 6,R$ 30
13440,"sexta-feira, 18 de novembro de 2022",1370,4,5,R$ 6,R$ 30
13707,"terça-feira, 29 de novembro de 2022",4391,4,5,R$ 6,R$ 30
14008,"quinta-feira, 22 de dezembro de 2022",5159,4,5,R$ 6,R$ 30
61,"terça-feira, 5 de janeiro de 2021",3533,19,5,R$ 40,R$ 200
72,"sexta-feira, 8 de janeiro de 2021",8593,19,5,R$ 40,R$ 200
83,"domingo, 10 de janeiro de 2021",4396,19,5,R$ 40,R$ 200
101,"quarta-feira, 13 de janeiro de 2021",4021,19,5,R$ 40,R$ 200
148,"segunda-feira, 18 de janeiro de 2021",7359,19,5,R$ 40,R$ 200
162,"terça-feira, 19 de janeiro de 2021",7781,19,5,R$ 40,R$ 200
477,"segunda-feira, 15 de fevereiro de 2021",9976,19,5,R$ 40,R$ 200
558,"segunda-feira, 22 de fevereiro de 2021",2513,19,5,R$ 40,R$ 200
600,"sexta-feira, 26 de fevereiro de 2021",8897,19,5,R$ 40,R$ 200
659,"terça-feira, 2 de março de 2021",9855,19,5,R$ 40,R$ 200
685,"quarta-feira, 3 de março de 2021",9481,19,5,R$ 40,R$ 200
725,"sábado, 6 de março de 2021",7266,19,5,R$ 40,R$ 200
756,"segunda-feira, 8 de março de 2021",1532,19,5,R$ 40,R$ 200
799,"quinta-feira, 11 de março de 2021",4659,19,5,R$ 40,R$ 200
939,"sábado, 20 de março de 2021",7105,19,5,R$ 40,R$ 200
962,"segunda-feira, 22 de março de 2021",7775,19,5,R$ 40,R$ 200
1055,"domingo, 28 de março de 2021",551,19,5,R$ 40,R$ 200
1207,"quinta-feira, 8 de abril de 2021",2405,19,5,R$ 40,R$ 200
1210,"quinta-feira, 8 de abril de 2021",10012,19,5,R$ 40,R$ 200
1261,"segunda-feira, 12 de abril de 2021",3918,19,5,R$ 40,R$ 200
1265,"segunda-feira, 12 de abril de 2021",5857,19,5,R$ 40,R$ 200
1279,"terça-feira, 13 de abril de 2021",10091,19,5,R$ 40,R$ 200
1339,"sábado, 17 de abril de 2021",4527,19,5,R$ 40,R$ 200
1499,"quarta-feira, 28 de abril de 2021",2366,19,5,R$ 40,R$ 200
1507,"quarta-feira, 28 de abril de 2021",1820,19,5,R$ 40,R$ 200
1529,"sábado, 1 de maio de 2021",9471,19,5,R$ 40,R$ 200
1622,"quinta-feira, 6 de maio de 2021",6854,19,5,R$ 40,R$ 200
1709,"quinta-feira, 13 de maio de 2021",5765,19,5,R$ 40,R$ 200
1744,"segunda-feira, 17 de maio de 2021",2556,19,5,R$ 40,R$ 200
1801,"sexta-feira, 21 de maio de 2021",1097,19,5,R$ 40,R$ 200
1847,"terça-feira, 25 de maio de 2021",3387,19,5,R$ 40,R$ 200
1875,"quinta-feira, 27 de maio de 2021",8062,19,5,R$ 40,R$ 200
1974,"sexta-feira, 4 de junho de 2021",4340,19,5,R$ 40,R$ 200
2204,"quinta-feira, 24 de junho de 2021",2547,19,5,R$ 40,R$ 200
2205,"quinta-feira, 24 de junho de 2021",373,19,5,R$ 40,R$ 200
2376,"sexta-feira, 9 de julho de 2021",8851,19,5,R$ 40,R$ 200
2665,"domingo, 1 de agosto de 2021",190,19,5,R$ 40,R$ 200
2693,"terça-feira, 3 de agosto de 2021",2908,19,5,R$ 40,R$ 200
2924,"domingo, 22 de agosto de 2021",1468,19,5,R$ 40,R$ 200
2942,"segunda-feira, 23 de agosto de 2021",3869,19,5,R$ 40,R$ 200
2957,"terça-feira, 24 de agosto de 2021",4841,19,5,R$ 40,R$ 200
2963,"quarta-feira, 25 de agosto de 2021",4507,19,5,R$ 40,R$ 200
2979,"quinta-feira, 26 de agosto de 2021",5393,19,5,R$ 40,R$ 200
3047,"quarta-feira, 1 de setembro de 2021",4938,19,5,R$ 40,R$ 200
3408,"sábado, 2 de outubro de 2021",3476,19,5,R$ 40,R$ 200
3424,"domingo, 3 de outubro de 2021",7909,19,5,R$ 40,R$ 200
3551,"terça-feira, 12 de outubro de 2021",6712,19,5,R$ 40,R$ 200
3600,"sábado, 16 de outubro de 2021",9063,19,5,R$ 40,R$ 200
3622,"segunda-feira, 18 de outubro de 2021",10126,19,5,R$ 40,R$ 200
3720,"quarta-feira, 27 de outubro de 2021",3965,19,5,R$ 40,R$ 200
3803,"terça-feira, 2 de novembro de 2021",5310,19,5,R$ 40,R$ 200
3863,"sábado, 6 de novembro de 2021",4075,19,5,R$ 40,R$ 200
3973,"segunda-feira, 15 de novembro de 2021",9697,19,5,R$ 40,R$ 200
4012,"quinta-feira, 18 de novembro de 2021",2260,19,5,R$ 40,R$ 200
4018,"quinta-feira, 18 de novembro de 2021",3875,19,5,R$ 40,R$ 200
4053,"domingo, 21 de novembro de 2021",9233,19,5,R$ 40,R$ 200
4074,"segunda-feira, 22 de novembro de 2021",1245,19,5,R$ 40,R$ 200
4127,"sexta-feira, 26 de novembro de 2021",6182,19,5,R$ 40,R$ 200
4137,"sábado, 27 de novembro de 2021",1187,19,5,R$ 40,R$ 200
4162,"segunda-feira, 29 de novembro de 2021",1610,19,5,R$ 40,R$ 200
4235,"sexta-feira, 3 de dezembro de 2021",3854,19,5,R$ 40,R$ 200
4581,"sexta-feira, 24 de dezembro de 2021",6712,19,5,R$ 40,R$ 200
4618,"domingo, 26 de dezembro de 2021",5665,19,5,R$ 40,R$ 200
4628,"segunda-feira, 27 de dezembro de 2021",6947,19,5,R$ 40,R$ 200
4630,"segunda-feira, 27 de dezembro de 2021",5501,19,5,R$ 40,R$ 200
4672,"quarta-feira, 29 de dezembro de 2021",5590,19,5,R$ 40,R$ 200
4943,"segunda-feira, 10 de janeiro de 2022",9504,19,5,R$ 40,R$ 200
4960,"segunda-feira, 10 de janeiro de 2022",8697,19,5,R$ 40,R$ 200
5042,"sexta-feira, 14 de janeiro de 2022",7328,19,5,R$ 40,R$ 200
5140,"terça-feira, 18 de janeiro de 2022",1659,19,5,R$ 40,R$ 200
5152,"terça-feira, 18 de janeiro de 2022",3976,19,5,R$ 40,R$ 200
5168,"quarta-feira, 19 de janeiro de 2022",6793,19,5,R$ 40,R$ 200
5257,"sábado, 22 de janeiro de 2022",9169,19,5,R$ 40,R$ 200
5381,"quinta-feira, 27 de janeiro de 2022",5348,19,5,R$ 40,R$ 200
5410,"sábado, 29 de janeiro de 2022",5734,19,5,R$ 40,R$ 200
5446,"domingo, 30 de janeiro de 2022",5952,19,5,R$ 40,R$ 200
5589,"quinta-feira, 3 de fevereiro de 2022",7365,19,5,R$ 40,R$ 200
5694,"segunda-feira, 7 de fevereiro de 2022",6010,19,5,R$ 40,R$ 200
5711,"terça-feira, 8 de fevereiro de 2022",7239,19,5,R$ 40,R$ 200
5714,"terça-feira, 8 de fevereiro de 2022",2450,19,5,R$ 40,R$ 200
5803,"sexta-feira, 11 de fevereiro de 2022",7626,19,5,R$ 40,R$ 200
6050,"domingo, 20 de fevereiro de 2022",2868,19,5,R$ 40,R$ 200
6180,"quinta-feira, 24 de fevereiro de 2022",5428,19,5,R$ 40,R$ 200
6305,"segunda-feira, 28 de fevereiro de 2022",3070,19,5,R$ 40,R$ 200
6445,"domingo, 6 de março de 2022",6227,19,5,R$ 40,R$ 200
6525,"quarta-feira, 9 de março de 2022",5631,19,5,R$ 40,R$ 200
6745,"quinta-feira, 17 de março de 2022",6100,19,5,R$ 40,R$ 200
6826,"segunda-feira, 21 de março de 2022",4807,19,5,R$ 40,R$ 200
7086,"quarta-feira, 30 de março de 2022",3440,19,5,R$ 40,R$ 200
7125,"sexta-feira, 1 de abril de 2022",9937,19,5,R$ 40,R$ 200
7132,"sexta-feira, 1 de abril de 2022",7782,19,5,R$ 40,R$ 200
7137,"sexta-feira, 1 de abril de 2022",9251,19,5,R$ 40,R$ 200
7163,"sábado, 2 de abril de 2022",3185,19,5,R$ 40,R$ 200
7228,"terça-feira, 5 de abril de 2022",8834,19,5,R$ 40,R$ 200
7397,"segunda-feira, 11 de abril de 2022",6726,19,5,R$ 40,R$ 200
7672,"quinta-feira, 21 de abril de 2022",3667,19,5,R$ 40,R$ 200
7708,"sábado, 23 de abril de 2022",4174,19,5,R$ 40,R$ 200
7780,"segunda-feira, 25 de abril de 2022",8326,19,5,R$ 40,R$ 200
7826,"quarta-feira, 27 de abril de 2022",7652,19,5,R$ 40,R$ 200
7909,"sábado, 30 de abril de 2022",2551,19,5,R$ 40,R$ 200
7959,"segunda-feira, 2 de maio de 2022",6679,19,5,R$ 40,R$ 200
7968,"segunda-feira, 2 de maio de 2022",1571,19,5,R$ 40,R$ 200
7978,"terça-feira, 3 de maio de 2022",5973,19,5,R$ 40,R$ 200
8077,"sexta-feira, 6 de maio de 2022",211,19,5,R$ 40,R$ 200
8355,"segunda-feira, 16 de maio de 2022",6632,19,5,R$ 40,R$ 200
8364,"segunda-feira, 16 de maio de 2022",7097,19,5,R$ 40,R$ 200
8370,"terça-feira, 17 de maio de 2022",7620,19,5,R$ 40,R$ 200
8396,"quarta-feira, 18 de maio de 2022",9682,19,5,R$ 40,R$ 200
8424,"quinta-feira, 19 de maio de 2022",8457,19,5,R$ 40,R$ 200
8586,"terça-feira, 24 de maio de 2022",8239,19,5,R$ 40,R$ 200
8595,"quarta-feira, 25 de maio de 2022",6807,19,5,R$ 40,R$ 200
8606,"quarta-feira, 25 de maio de 2022",5757,19,5,R$ 40,R$ 200
8827,"quinta-feira, 2 de junho de 2022",1965,19,5,R$ 40,R$ 200
8872,"sábado, 4 de junho de 2022",1598,19,5,R$ 40,R$ 200
8939,"segunda-feira, 6 de junho de 2022",8242,19,5,R$ 40,R$ 200
8956,"terça-feira, 7 de junho de 2022",9527,19,5,R$ 40,R$ 200
9232,"sexta-feira, 17 de junho de 2022",2605,19,5,R$ 40,R$ 200
9323,"segunda-feira, 20 de junho de 2022",2797,19,5,R$ 40,R$ 200
9336,"terça-feira, 21 de junho de 2022",194,19,5,R$ 40,R$ 200
9467,"domingo, 26 de junho de 2022",8825,19,5,R$ 40,R$ 200
9502,"terça-feira, 28 de junho de 2022",5432,19,5,R$ 40,R$ 200
9561,"quinta-feira, 30 de junho de 2022",9311,19,5,R$ 40,R$ 200
9666,"domingo, 3 de julho de 2022",6558,19,5,R$ 40,R$ 200
9774,"quinta-feira, 7 de julho de 2022",10033,19,5,R$ 40,R$ 200
9815,"sexta-feira, 8 de julho de 2022",8113,19,5,R$ 40,R$ 200
9875,"segunda-feira, 11 de julho de 2022",7074,19,5,R$ 40,R$ 200
10013,"sexta-feira, 15 de julho de 2022",4732,19,5,R$ 40,R$ 200
10075,"domingo, 17 de julho de 2022",828,19,5,R$ 40,R$ 200
10303,"terça-feira, 26 de julho de 2022",10178,19,5,R$ 40,R$ 200
10507,"quarta-feira, 3 de agosto de 2022",10177,19,5,R$ 40,R$ 200
10807,"domingo, 14 de agosto de 2022",8937,19,5,R$ 40,R$ 200
10847,"terça-feira, 16 de agosto de 2022",1788,19,5,R$ 40,R$ 200
10994,"domingo, 21 de agosto de 2022",6592,19,5,R$ 40,R$ 200
11014,"segunda-feira, 22 de agosto de 2022",3537,19,5,R$ 40,R$ 200
11236,"quarta-feira, 31 de agosto de 2022",7884,19,5,R$ 40,R$ 200
11279,"quinta-feira, 1 de setembro de 2022",8728,19,5,R$ 40,R$ 200
11302,"sexta-feira, 2 de setembro de 2022",5036,19,5,R$ 40,R$ 200
11324,"sábado, 3 de setembro de 2022",1448,19,5,R$ 40,R$ 200
11416,"quarta-feira, 7 de setembro de 2022",8640,19,5,R$ 40,R$ 200
11505,"sábado, 10 de setembro de 2022",7013,19,5,R$ 40,R$ 200
11777,"terça-feira, 20 de setembro de 2022",7615,19,5,R$ 40,R$ 200
11803,"quarta-feira, 21 de setembro de 2022",5466,19,5,R$ 40,R$ 200
11897,"sábado, 24 de setembro de 2022",9662,19,5,R$ 40,R$ 200
11994,"terça-feira, 27 de setembro de 2022",6324,19,5,R$ 40,R$ 200
12015,"quarta-feira, 28 de setembro de 2022",3593,19,5,R$ 40,R$ 200
12165,"terça-feira, 4 de outubro de 2022",8203,19,5,R$ 40,R$ 200
12194,"quarta-feira, 5 de outubro de 2022",9280,19,5,R$ 40,R$ 200
12199,"quarta-feira, 5 de outubro de 2022",4774,19,5,R$ 40,R$ 200
12200,"quarta-feira, 5 de outubro de 2022",7700,19,5,R$ 40,R$ 200
12501,"domingo, 16 de outubro de 2022",5284,19,5,R$ 40,R$ 200
12558,"quarta-feira, 19 de outubro de 2022",2439,19,5,R$ 40,R$ 200
12677,"sábado, 22 de outubro de 2022",9558,19,5,R$ 40,R$ 200
12879,"domingo, 30 de outubro de 2022",2446,19,5,R$ 40,R$ 200
12971,"terça-feira, 1 de novembro de 2022",7377,19,5,R$ 40,R$ 200
13034,"sexta-feira, 4 de novembro de 2022",2852,19,5,R$ 40,R$ 200
13089,"domingo, 6 de novembro de 2022",5913,19,5,R$ 40,R$ 200
13218,"quinta-feira, 10 de novembro de 2022",7153,19,5,R$ 40,R$ 200
13237,"sexta-feira, 11 de novembro de 2022",3808,19,5,R$ 40,R$ 200
13283,"sábado, 12 de novembro de 2022",1297,19,5,R$ 40,R$ 200
13319,"domingo, 13 de novembro de 2022",8619,19,5,R$ 40,R$ 200
13342,"segunda-feira, 14 de novembro de 2022",8564,19,5,R$ 40,R$ 200
13345,"segunda-feira, 14 de novembro de 2022",8191,19,5,R$ 40,R$ 200
13385,"quarta-feira, 16 de novembro de 2022",1004,19,5,R$ 40,R$ 200
13454,"sábado, 19 de novembro de 2022",5346,19,5,R$ 40,R$ 200
13571,"quarta-feira, 23 de novembro de 2022",7663,19,5,R$ 40,R$ 200
13584,"quinta-feira, 24 de novembro de 2022",4868,19,5,R$ 40,R$ 200
13587,"quinta-feira, 24 de novembro de 2022",5642,19,5,R$ 40,R$ 200
13635,"sábado, 26 de novembro de 2022",2218,19,5,R$ 40,R$ 200
13732,"quarta-feira, 30 de novembro de 2022",8670,19,5,R$ 40,R$ 200
13761,"sexta-feira, 2 de dezembro de 2022",5610,19,5,R$ 40,R$ 200
13816,"domingo, 4 de dezembro de 2022",8487,19,5,R$ 40,R$ 200
13921,"segunda-feira, 12 de dezembro de 2022",5905,19,5,R$ 40,R$ 200
13949,"quarta-feira, 14 de dezembro de 2022",3613,19,5,R$ 40,R$ 200
14053,"quarta-feira, 28 de dezembro de 2022",7234,19,5,R$ 40,R$ 200
2,"domingo, 20 de dezembro de 2020",7841,7,5,R$ 60,R$ 300
55,"terça-feira, 5 de janeiro de 2021",2533,7,5,R$ 60,R$ 300
274,"sábado, 30 de janeiro de 2021",5038,7,5,R$ 60,R$ 300
311,"terça-feira, 2 de fevereiro de 2021",8171,7,5,R$ 60,R$ 300
326,"terça-feira, 2 de fevereiro de 2021",8557,7,5,R$ 60,R$ 300
328,"terça-feira, 2 de fevereiro de 2021",5379,7,5,R$ 60,R$ 300
333,"quarta-feira, 3 de fevereiro de 2021",5984,7,5,R$ 60,R$ 300
405,"terça-feira, 9 de fevereiro de 2021",4315,7,5,R$ 60,R$ 300
476,"segunda-feira, 15 de fevereiro de 2021",4165,7,5,R$ 60,R$ 300
559,"segunda-feira, 22 de fevereiro de 2021",9928,7,5,R$ 60,R$ 300
576,"quarta-feira, 24 de fevereiro de 2021",625,7,5,R$ 60,R$ 300
593,"quinta-feira, 25 de fevereiro de 2021",8963,7,5,R$ 60,R$ 300
624,"domingo, 28 de fevereiro de 2021",9401,7,5,R$ 60,R$ 300
732,"domingo, 7 de março de 2021",5920,7,5,R$ 60,R$ 300
763,"terça-feira, 9 de março de 2021",7547,7,5,R$ 60,R$ 300
802,"sexta-feira, 12 de março de 2021",3586,7,5,R$ 60,R$ 300
1110,"quinta-feira, 1 de abril de 2021",6182,7,5,R$ 60,R$ 300
1141,"sábado, 3 de abril de 2021",5400,7,5,R$ 60,R$ 300
1185,"terça-feira, 6 de abril de 2021",9788,7,5,R$ 60,R$ 300
1257,"domingo, 11 de abril de 2021",5532,7,5,R$ 60,R$ 300
1362,"domingo, 18 de abril de 2021",10147,7,5,R$ 60,R$ 300
1377,"segunda-feira, 19 de abril de 2021",4249,7,5,R$ 60,R$ 300
1387,"terça-feira, 20 de abril de 2021",2787,7,5,R$ 60,R$ 300
1395,"terça-feira, 20 de abril de 2021",1427,7,5,R$ 60,R$ 300
1458,"domingo, 25 de abril de 2021",6021,7,5,R$ 60,R$ 300
1485,"terça-feira, 27 de abril de 2021",1720,7,5,R$ 60,R$ 300
1649,"domingo, 9 de maio de 2021",9383,7,5,R$ 60,R$ 300
1664,"segunda-feira, 10 de maio de 2021",6792,7,5,R$ 60,R$ 300
1746,"segunda-feira, 17 de maio de 2021",975,7,5,R$ 60,R$ 300
1789,"quinta-feira, 20 de maio de 2021",7558,7,5,R$ 60,R$ 300
1819,"sábado, 22 de maio de 2021",3577,7,5,R$ 60,R$ 300
1832,"domingo, 23 de maio de 2021",5598,7,5,R$ 60,R$ 300
1941,"terça-feira, 1 de junho de 2021",3463,7,5,R$ 60,R$ 300
2058,"sexta-feira, 11 de junho de 2021",9469,7,5,R$ 60,R$ 300
2107,"quarta-feira, 16 de junho de 2021",5537,7,5,R$ 60,R$ 300
2116,"quarta-feira, 16 de junho de 2021",7257,7,5,R$ 60,R$ 300
2196,"quarta-feira, 23 de junho de 2021",180,7,5,R$ 60,R$ 300
2208,"quinta-feira, 24 de junho de 2021",8887,7,5,R$ 60,R$ 300
2268,"terça-feira, 29 de junho de 2021",3936,7,5,R$ 60,R$ 300
2441,"quarta-feira, 14 de julho de 2021",4868,7,5,R$ 60,R$ 300
2482,"sábado, 17 de julho de 2021",6262,7,5,R$ 60,R$ 300
2501,"sábado, 17 de julho de 2021",10167,7,5,R$ 60,R$ 300
2635,"quinta-feira, 29 de julho de 2021",7835,7,5,R$ 60,R$ 300
2656,"sábado, 31 de julho de 2021",5944,7,5,R$ 60,R$ 300
2675,"segunda-feira, 2 de agosto de 2021",4315,7,5,R$ 60,R$ 300
2813,"quinta-feira, 12 de agosto de 2021",7607,7,5,R$ 60,R$ 300
2862,"terça-feira, 17 de agosto de 2021",9814,7,5,R$ 60,R$ 300
2928,"domingo, 22 de agosto de 2021",1538,7,5,R$ 60,R$ 300
3064,"sexta-feira, 3 de setembro de 2021",4630,7,5,R$ 60,R$ 300
3105,"segunda-feira, 6 de setembro de 2021",6113,7,5,R$ 60,R$ 300
3221,"quinta-feira, 16 de setembro de 2021",3816,7,5,R$ 60,R$ 300
3332,"domingo, 26 de setembro de 2021",5435,7,5,R$ 60,R$ 300
3349,"segunda-feira, 27 de setembro de 2021",2625,7,5,R$ 60,R$ 300
3502,"sexta-feira, 8 de outubro de 2021",9937,7,5,R$ 60,R$ 300
3510,"sexta-feira, 8 de outubro de 2021",2076,7,5,R$ 60,R$ 300
3582,"sexta-feira, 15 de outubro de 2021",4460,7,5,R$ 60,R$ 300
3717,"quarta-feira, 27 de outubro de 2021",7591,7,5,R$ 60,R$ 300
3762,"sábado, 30 de outubro de 2021",7407,7,5,R$ 60,R$ 300
3884,"segunda-feira, 8 de novembro de 2021",7441,7,5,R$ 60,R$ 300
4106,"quarta-feira, 24 de novembro de 2021",2587,7,5,R$ 60,R$ 300
4184,"terça-feira, 30 de novembro de 2021",5026,7,5,R$ 60,R$ 300
4227,"sexta-feira, 3 de dezembro de 2021",9111,7,5,R$ 60,R$ 300
4345,"sexta-feira, 10 de dezembro de 2021",9393,7,5,R$ 60,R$ 300
4409,"quarta-feira, 15 de dezembro de 2021",3422,7,5,R$ 60,R$ 300
4461,"sexta-feira, 17 de dezembro de 2021",7810,7,5,R$ 60,R$ 300
4553,"quinta-feira, 23 de dezembro de 2021",8960,7,5,R$ 60,R$ 300
4710,"sexta-feira, 31 de dezembro de 2021",7952,7,5,R$ 60,R$ 300
4736,"sábado, 1 de janeiro de 2022",4069,7,5,R$ 60,R$ 300
4800,"terça-feira, 4 de janeiro de 2022",9513,7,5,R$ 60,R$ 300
4804,"terça-feira, 4 de janeiro de 2022",3435,7,5,R$ 60,R$ 300
4935,"domingo, 9 de janeiro de 2022",896,7,5,R$ 60,R$ 300
5166,"quarta-feira, 19 de janeiro de 2022",5813,7,5,R$ 60,R$ 300
5170,"quarta-feira, 19 de janeiro de 2022",5494,7,5,R$ 60,R$ 300
5180,"quarta-feira, 19 de janeiro de 2022",4205,7,5,R$ 60,R$ 300
5188,"quinta-feira, 20 de janeiro de 2022",3889,7,5,R$ 60,R$ 300
5278,"domingo, 23 de janeiro de 2022",6677,7,5,R$ 60,R$ 300
5356,"quarta-feira, 26 de janeiro de 2022",1744,7,5,R$ 60,R$ 300
5585,"quinta-feira, 3 de fevereiro de 2022",1244,7,5,R$ 60,R$ 300
5671,"domingo, 6 de fevereiro de 2022",5222,7,5,R$ 60,R$ 300
5690,"segunda-feira, 7 de fevereiro de 2022",9149,7,5,R$ 60,R$ 300
5707,"terça-feira, 8 de fevereiro de 2022",71,7,5,R$ 60,R$ 300
5800,"sexta-feira, 11 de fevereiro de 2022",8846,7,5,R$ 60,R$ 300
5829,"sábado, 12 de fevereiro de 2022",9062,7,5,R$ 60,R$ 300
5911,"terça-feira, 15 de fevereiro de 2022",921,7,5,R$ 60,R$ 300
6105,"terça-feira, 22 de fevereiro de 2022",5909,7,5,R$ 60,R$ 300
6182,"quinta-feira, 24 de fevereiro de 2022",4355,7,5,R$ 60,R$ 300
6354,"quarta-feira, 2 de março de 2022",5478,7,5,R$ 60,R$ 300
6647,"domingo, 13 de março de 2022",5852,7,5,R$ 60,R$ 300
6658,"segunda-feira, 14 de março de 2022",3760,7,5,R$ 60,R$ 300
6725,"quarta-feira, 16 de março de 2022",3152,7,5,R$ 60,R$ 300
6885,"quarta-feira, 23 de março de 2022",7158,7,5,R$ 60,R$ 300
6895,"quarta-feira, 23 de março de 2022",4579,7,5,R$ 60,R$ 300
6919,"sexta-feira, 25 de março de 2022",4437,7,5,R$ 60,R$ 300
6950,"sábado, 26 de março de 2022",1991,7,5,R$ 60,R$ 300
6954,"sábado, 26 de março de 2022",7622,7,5,R$ 60,R$ 300
7081,"quarta-feira, 30 de março de 2022",3065,7,5,R$ 60,R$ 300
7214,"segunda-feira, 4 de abril de 2022",7584,7,5,R$ 60,R$ 300
7353,"sábado, 9 de abril de 2022",1180,7,5,R$ 60,R$ 300
7359,"domingo, 10 de abril de 2022",7113,7,5,R$ 60,R$ 300
7392,"segunda-feira, 11 de abril de 2022",7307,7,5,R$ 60,R$ 300
7415,"terça-feira, 12 de abril de 2022",1056,7,5,R$ 60,R$ 300
7542,"domingo, 17 de abril de 2022",1070,7,5,R$ 60,R$ 300
7744,"domingo, 24 de abril de 2022",587,7,5,R$ 60,R$ 300
7751,"domingo, 24 de abril de 2022",6010,7,5,R$ 60,R$ 300
7768,"segunda-feira, 25 de abril de 2022",5324,7,5,R$ 60,R$ 300
8143,"domingo, 8 de maio de 2022",7565,7,5,R$ 60,R$ 300
8204,"terça-feira, 10 de maio de 2022",3870,7,5,R$ 60,R$ 300
8228,"quarta-feira, 11 de maio de 2022",3808,7,5,R$ 60,R$ 300
8272,"sexta-feira, 13 de maio de 2022",9887,7,5,R$ 60,R$ 300
8309,"domingo, 15 de maio de 2022",8374,7,5,R$ 60,R$ 300
8345,"segunda-feira, 16 de maio de 2022",6787,7,5,R$ 60,R$ 300
8431,"quinta-feira, 19 de maio de 2022",8351,7,5,R$ 60,R$ 300
8541,"segunda-feira, 23 de maio de 2022",4153,7,5,R$ 60,R$ 300
8647,"sexta-feira, 27 de maio de 2022",60,7,5,R$ 60,R$ 300
8765,"terça-feira, 31 de maio de 2022",4499,7,5,R$ 60,R$ 300
8816,"quinta-feira, 2 de junho de 2022",4541,7,5,R$ 60,R$ 300
8982,"quarta-feira, 8 de junho de 2022",4826,7,5,R$ 60,R$ 300
9057,"sábado, 11 de junho de 2022",2779,7,5,R$ 60,R$ 300
9251,"sábado, 18 de junho de 2022",8821,7,5,R$ 60,R$ 300
9351,"terça-feira, 21 de junho de 2022",4234,7,5,R$ 60,R$ 300
9437,"sábado, 25 de junho de 2022",6076,7,5,R$ 60,R$ 300
9554,"quarta-feira, 29 de junho de 2022",3437,7,5,R$ 60,R$ 300
9636,"sábado, 2 de julho de 2022",680,7,5,R$ 60,R$ 300
9641,"sábado, 2 de julho de 2022",3225,7,5,R$ 60,R$ 300
9661,"domingo, 3 de julho de 2022",3761,7,5,R$ 60,R$ 300
10085,"segunda-feira, 18 de julho de 2022",272,7,5,R$ 60,R$ 300
10114,"terça-feira, 19 de julho de 2022",4524,7,5,R$ 60,R$ 300
10246,"domingo, 24 de julho de 2022",5833,7,5,R$ 60,R$ 300
10357,"quinta-feira, 28 de julho de 2022",4858,7,5,R$ 60,R$ 300
10482,"terça-feira, 2 de agosto de 2022",3608,7,5,R$ 60,R$ 300
10760,"sexta-feira, 12 de agosto de 2022",5900,7,5,R$ 60,R$ 300
10805,"domingo, 14 de agosto de 2022",6652,7,5,R$ 60,R$ 300
10832,"segunda-feira, 15 de agosto de 2022",4026,7,5,R$ 60,R$ 300
10915,"quinta-feira, 18 de agosto de 2022",8522,7,5,R$ 60,R$ 300
11164,"domingo, 28 de agosto de 2022",8867,7,5,R$ 60,R$ 300
11313,"sábado, 3 de setembro de 2022",3021,7,5,R$ 60,R$ 300
11405,"quarta-feira, 7 de setembro de 2022",655,7,5,R$ 60,R$ 300
11413,"quarta-feira, 7 de setembro de 2022",2942,7,5,R$ 60,R$ 300
11441,"quinta-feira, 8 de setembro de 2022",9227,7,5,R$ 60,R$ 300
11643,"quinta-feira, 15 de setembro de 2022",8363,7,5,R$ 60,R$ 300
11732,"domingo, 18 de setembro de 2022",6461,7,5,R$ 60,R$ 300
11773,"terça-feira, 20 de setembro de 2022",7132,7,5,R$ 60,R$ 300
11780,"terça-feira, 20 de setembro de 2022",8462,7,5,R$ 60,R$ 300
11969,"segunda-feira, 26 de setembro de 2022",1152,7,5,R$ 60,R$ 300
11977,"terça-feira, 27 de setembro de 2022",2273,7,5,R$ 60,R$ 300
12073,"sexta-feira, 30 de setembro de 2022",2023,7,5,R$ 60,R$ 300
12084,"sábado, 1 de outubro de 2022",2178,7,5,R$ 60,R$ 300
12158,"terça-feira, 4 de outubro de 2022",9037,7,5,R$ 60,R$ 300
12160,"terça-feira, 4 de outubro de 2022",5536,7,5,R$ 60,R$ 300
12187,"quarta-feira, 5 de outubro de 2022",8182,7,5,R$ 60,R$ 300
12300,"domingo, 9 de outubro de 2022",7146,7,5,R$ 60,R$ 300
12415,"quinta-feira, 13 de outubro de 2022",9272,7,5,R$ 60,R$ 300
12507,"domingo, 16 de outubro de 2022",2957,7,5,R$ 60,R$ 300
12526,"segunda-feira, 17 de outubro de 2022",9625,7,5,R$ 60,R$ 300
12551,"terça-feira, 18 de outubro de 2022",10160,7,5,R$ 60,R$ 300
12574,"quarta-feira, 19 de outubro de 2022",9467,7,5,R$ 60,R$ 300
12775,"quarta-feira, 26 de outubro de 2022",1805,7,5,R$ 60,R$ 300
13084,"domingo, 6 de novembro de 2022",3753,7,5,R$ 60,R$ 300
13105,"domingo, 6 de novembro de 2022",99,7,5,R$ 60,R$ 300
13124,"segunda-feira, 7 de novembro de 2022",2070,7,5,R$ 60,R$ 300
13234,"sexta-feira, 11 de novembro de 2022",3100,7,5,R$ 60,R$ 300
13253,"sexta-feira, 11 de novembro de 2022",2475,7,5,R$ 60,R$ 300
13254,"sexta-feira, 11 de novembro de 2022",7700,7,5,R$ 60,R$ 300
13339,"segunda-feira, 14 de novembro de 2022",7989,7,5,R$ 60,R$ 300
13400,"quarta-feira, 16 de novembro de 2022",8263,7,5,R$ 60,R$ 300
13406,"quinta-feira, 17 de novembro de 2022",4670,7,5,R$ 60,R$ 300
13495,"segunda-feira, 21 de novembro de 2022",8964,7,5,R$ 60,R$ 300
13607,"sexta-feira, 25 de novembro de 2022",5971,7,5,R$ 60,R$ 300
13622,"sábado, 26 de novembro de 2022",4239,7,5,R$ 60,R$ 300
13747,"quinta-feira, 1 de dezembro de 2022",4374,7,5,R$ 60,R$ 300
13755,"quinta-feira, 1 de dezembro de 2022",2047,7,5,R$ 60,R$ 300
13769,"sexta-feira, 2 de dezembro de 2022",4319,7,5,R$ 60,R$ 300
13906,"domingo, 11 de dezembro de 2022",3513,7,5,R$ 60,R$ 300
14014,"quinta-feira, 22 de dezembro de 2022",974,7,5,R$ 60,R$ 300
112,"quinta-feira, 14 de janeiro de 2021",8818,5,5,R$ 7,R$ 35
123,"sexta-feira, 15 de janeiro de 2021",3938,5,5,R$ 7,R$ 35
134,"domingo, 17 de janeiro de 2021",8154,5,5,R$ 7,R$ 35
322,"terça-feira, 2 de fevereiro de 2021",6792,5,5,R$ 7,R$ 35
323,"terça-feira, 2 de fevereiro de 2021",3755,5,5,R$ 7,R$ 35
324,"terça-feira, 2 de fevereiro de 2021",5553,5,5,R$ 7,R$ 35
341,"quarta-feira, 3 de fevereiro de 2021",3239,5,5,R$ 7,R$ 35
606,"sábado, 27 de fevereiro de 2021",5960,5,5,R$ 7,R$ 35
633,"domingo, 28 de fevereiro de 2021",80,5,5,R$ 7,R$ 35
676,"quarta-feira, 3 de março de 2021",8730,5,5,R$ 7,R$ 35
881,"quarta-feira, 17 de março de 2021",5542,5,5,R$ 7,R$ 35
928,"sábado, 20 de março de 2021",3202,5,5,R$ 7,R$ 35
1079,"terça-feira, 30 de março de 2021",1048,5,5,R$ 7,R$ 35
1083,"terça-feira, 30 de março de 2021",3612,5,5,R$ 7,R$ 35
1232,"sábado, 10 de abril de 2021",6690,5,5,R$ 7,R$ 35
1235,"sábado, 10 de abril de 2021",8787,5,5,R$ 7,R$ 35
1236,"sábado, 10 de abril de 2021",3716,5,5,R$ 7,R$ 35
1407,"quarta-feira, 21 de abril de 2021",3287,5,5,R$ 7,R$ 35
1411,"quarta-feira, 21 de abril de 2021",392,5,5,R$ 7,R$ 35
1491,"terça-feira, 27 de abril de 2021",8947,5,5,R$ 7,R$ 35
1567,"segunda-feira, 3 de maio de 2021",3567,5,5,R$ 7,R$ 35
1714,"quinta-feira, 13 de maio de 2021",8181,5,5,R$ 7,R$ 35
1822,"sábado, 22 de maio de 2021",4608,5,5,R$ 7,R$ 35
1841,"segunda-feira, 24 de maio de 2021",5158,5,5,R$ 7,R$ 35
1855,"quarta-feira, 26 de maio de 2021",1634,5,5,R$ 7,R$ 35
1885,"sexta-feira, 28 de maio de 2021",976,5,5,R$ 7,R$ 35
1930,"segunda-feira, 31 de maio de 2021",5868,5,5,R$ 7,R$ 35
1982,"sexta-feira, 4 de junho de 2021",5203,5,5,R$ 7,R$ 35
1994,"sábado, 5 de junho de 2021",7731,5,5,R$ 7,R$ 35
2290,"quarta-feira, 30 de junho de 2021",8068,5,5,R$ 7,R$ 35
2421,"segunda-feira, 12 de julho de 2021",5984,5,5,R$ 7,R$ 35
2464,"sexta-feira, 16 de julho de 2021",9937,5,5,R$ 7,R$ 35
2490,"sábado, 17 de julho de 2021",9252,5,5,R$ 7,R$ 35
2563,"sexta-feira, 23 de julho de 2021",997,5,5,R$ 7,R$ 35
2587,"domingo, 25 de julho de 2021",44,5,5,R$ 7,R$ 35
2696,"terça-feira, 3 de agosto de 2021",6307,5,5,R$ 7,R$ 35
2750,"domingo, 8 de agosto de 2021",8196,5,5,R$ 7,R$ 35
2756,"domingo, 8 de agosto de 2021",6904,5,5,R$ 7,R$ 35
2764,"domingo, 8 de agosto de 2021",7813,5,5,R$ 7,R$ 35
2823,"sexta-feira, 13 de agosto de 2021",4562,5,5,R$ 7,R$ 35
2906,"sexta-feira, 20 de agosto de 2021",6459,5,5,R$ 7,R$ 35
2994,"sexta-feira, 27 de agosto de 2021",9728,5,5,R$ 7,R$ 35
3026,"segunda-feira, 30 de agosto de 2021",6168,5,5,R$ 7,R$ 35
3375,"quinta-feira, 30 de setembro de 2021",6214,5,5,R$ 7,R$ 35
3450,"segunda-feira, 4 de outubro de 2021",10075,5,5,R$ 7,R$ 35
3609,"domingo, 17 de outubro de 2021",9891,5,5,R$ 7,R$ 35
3623,"terça-feira, 19 de outubro de 2021",4712,5,5,R$ 7,R$ 35
3637,"quarta-feira, 20 de outubro de 2021",1965,5,5,R$ 7,R$ 35
3673,"sábado, 23 de outubro de 2021",8647,5,5,R$ 7,R$ 35
3735,"quinta-feira, 28 de outubro de 2021",6123,5,5,R$ 7,R$ 35
3767,"sábado, 30 de outubro de 2021",8536,5,5,R$ 7,R$ 35
3831,"quinta-feira, 4 de novembro de 2021",2553,5,5,R$ 7,R$ 35
4150,"domingo, 28 de novembro de 2021",274,5,5,R$ 7,R$ 35
4186,"quarta-feira, 1 de dezembro de 2021",1074,5,5,R$ 7,R$ 35
4299,"terça-feira, 7 de dezembro de 2021",6640,5,5,R$ 7,R$ 35
4333,"sexta-feira, 10 de dezembro de 2021",465,5,5,R$ 7,R$ 35
4375,"domingo, 12 de dezembro de 2021",8499,5,5,R$ 7,R$ 35
4489,"domingo, 19 de dezembro de 2021",5989,5,5,R$ 7,R$ 35
4498,"segunda-feira, 20 de dezembro de 2021",1178,5,5,R$ 7,R$ 35
4731,"sábado, 1 de janeiro de 2022",5295,5,5,R$ 7,R$ 35
4827,"quarta-feira, 5 de janeiro de 2022",1145,5,5,R$ 7,R$ 35
4973,"terça-feira, 11 de janeiro de 2022",7241,5,5,R$ 7,R$ 35
4996,"quarta-feira, 12 de janeiro de 2022",7267,5,5,R$ 7,R$ 35
5254,"sábado, 22 de janeiro de 2022",7628,5,5,R$ 7,R$ 35
5260,"sábado, 22 de janeiro de 2022",2625,5,5,R$ 7,R$ 35
5266,"domingo, 23 de janeiro de 2022",2248,5,5,R$ 7,R$ 35
5464,"segunda-feira, 31 de janeiro de 2022",1849,5,5,R$ 7,R$ 35
5496,"terça-feira, 1 de fevereiro de 2022",2735,5,5,R$ 7,R$ 35
5650,"sábado, 5 de fevereiro de 2022",6446,5,5,R$ 7,R$ 35
5944,"quarta-feira, 16 de fevereiro de 2022",5053,5,5,R$ 7,R$ 35
5968,"quinta-feira, 17 de fevereiro de 2022",663,5,5,R$ 7,R$ 35
6034,"sábado, 19 de fevereiro de 2022",9342,5,5,R$ 7,R$ 35
6043,"domingo, 20 de fevereiro de 2022",7969,5,5,R$ 7,R$ 35
6048,"domingo, 20 de fevereiro de 2022",7496,5,5,R$ 7,R$ 35
6113,"terça-feira, 22 de fevereiro de 2022",10263,5,5,R$ 7,R$ 35
6115,"terça-feira, 22 de fevereiro de 2022",9895,5,5,R$ 7,R$ 35
6149,"quarta-feira, 23 de fevereiro de 2022",7593,5,5,R$ 7,R$ 35
6200,"sexta-feira, 25 de fevereiro de 2022",2510,5,5,R$ 7,R$ 35
6246,"sábado, 26 de fevereiro de 2022",57,5,5,R$ 7,R$ 35
6265,"domingo, 27 de fevereiro de 2022",1805,5,5,R$ 7,R$ 35
6406,"sexta-feira, 4 de março de 2022",2048,5,5,R$ 7,R$ 35
6435,"sábado, 5 de março de 2022",9644,5,5,R$ 7,R$ 35
6497,"terça-feira, 8 de março de 2022",6203,5,5,R$ 7,R$ 35
6507,"terça-feira, 8 de março de 2022",248,5,5,R$ 7,R$ 35
6564,"quinta-feira, 10 de março de 2022",76,5,5,R$ 7,R$ 35
6599,"sexta-feira, 11 de março de 2022",2814,5,5,R$ 7,R$ 35
6696,"terça-feira, 15 de março de 2022",5290,5,5,R$ 7,R$ 35
6785,"sábado, 19 de março de 2022",4731,5,5,R$ 7,R$ 35
6845,"segunda-feira, 21 de março de 2022",8708,5,5,R$ 7,R$ 35
6956,"sábado, 26 de março de 2022",9317,5,5,R$ 7,R$ 35
7022,"segunda-feira, 28 de março de 2022",6933,5,5,R$ 7,R$ 35
7144,"sexta-feira, 1 de abril de 2022",3436,5,5,R$ 7,R$ 35
7287,"quinta-feira, 7 de abril de 2022",6608,5,5,R$ 7,R$ 35
7369,"domingo, 10 de abril de 2022",9182,5,5,R$ 7,R$ 35
7382,"domingo, 10 de abril de 2022",9644,5,5,R$ 7,R$ 35
7489,"sexta-feira, 15 de abril de 2022",9928,5,5,R$ 7,R$ 35
7505,"sábado, 16 de abril de 2022",554,5,5,R$ 7,R$ 35
7698,"sexta-feira, 22 de abril de 2022",1578,5,5,R$ 7,R$ 35
7716,"sábado, 23 de abril de 2022",3495,5,5,R$ 7,R$ 35
7747,"domingo, 24 de abril de 2022",6113,5,5,R$ 7,R$ 35
7890,"sexta-feira, 29 de abril de 2022",7526,5,5,R$ 7,R$ 35
7955,"segunda-feira, 2 de maio de 2022",2054,5,5,R$ 7,R$ 35
8026,"quarta-feira, 4 de maio de 2022",588,5,5,R$ 7,R$ 35
8070,"sexta-feira, 6 de maio de 2022",1371,5,5,R$ 7,R$ 35
8174,"segunda-feira, 9 de maio de 2022",632,5,5,R$ 7,R$ 35
8307,"sábado, 14 de maio de 2022",1957,5,5,R$ 7,R$ 35
8513,"domingo, 22 de maio de 2022",8550,5,5,R$ 7,R$ 35
8649,"sexta-feira, 27 de maio de 2022",3004,5,5,R$ 7,R$ 35
8762,"terça-feira, 31 de maio de 2022",7569,5,5,R$ 7,R$ 35
8783,"terça-feira, 31 de maio de 2022",1350,5,5,R$ 7,R$ 35
8786,"terça-feira, 31 de maio de 2022",1843,5,5,R$ 7,R$ 35
9130,"terça-feira, 14 de junho de 2022",5129,5,5,R$ 7,R$ 35
9193,"quinta-feira, 16 de junho de 2022",8164,5,5,R$ 7,R$ 35
9211,"quinta-feira, 16 de junho de 2022",2695,5,5,R$ 7,R$ 35
9280,"domingo, 19 de junho de 2022",6934,5,5,R$ 7,R$ 35
9445,"sábado, 25 de junho de 2022",7696,5,5,R$ 7,R$ 35
9542,"quarta-feira, 29 de junho de 2022",6896,5,5,R$ 7,R$ 35
9673,"segunda-feira, 4 de julho de 2022",5481,5,5,R$ 7,R$ 35
9722,"quarta-feira, 6 de julho de 2022",1402,5,5,R$ 7,R$ 35
9733,"quarta-feira, 6 de julho de 2022",2439,5,5,R$ 7,R$ 35
9871,"domingo, 10 de julho de 2022",3796,5,5,R$ 7,R$ 35
9915,"terça-feira, 12 de julho de 2022",9438,5,5,R$ 7,R$ 35
10108,"segunda-feira, 18 de julho de 2022",2829,5,5,R$ 7,R$ 35
10243,"domingo, 24 de julho de 2022",4620,5,5,R$ 7,R$ 35
10519,"quarta-feira, 3 de agosto de 2022",1432,5,5,R$ 7,R$ 35
10570,"sábado, 6 de agosto de 2022",1281,5,5,R$ 7,R$ 35
10588,"sábado, 6 de agosto de 2022",8364,5,5,R$ 7,R$ 35
10594,"domingo, 7 de agosto de 2022",10266,5,5,R$ 7,R$ 35
10660,"terça-feira, 9 de agosto de 2022",10210,5,5,R$ 7,R$ 35
10893,"quarta-feira, 17 de agosto de 2022",9835,5,5,R$ 7,R$ 35
10909,"quinta-feira, 18 de agosto de 2022",1607,5,5,R$ 7,R$ 35
10976,"domingo, 21 de agosto de 2022",1038,5,5,R$ 7,R$ 35
11077,"quinta-feira, 25 de agosto de 2022",1196,5,5,R$ 7,R$ 35
11189,"segunda-feira, 29 de agosto de 2022",8667,5,5,R$ 7,R$ 35
11219,"terça-feira, 30 de agosto de 2022",6237,5,5,R$ 7,R$ 35
11233,"quarta-feira, 31 de agosto de 2022",105,5,5,R$ 7,R$ 35
11245,"quarta-feira, 31 de agosto de 2022",5927,5,5,R$ 7,R$ 35
11278,"quinta-feira, 1 de setembro de 2022",9897,5,5,R$ 7,R$ 35
11318,"sábado, 3 de setembro de 2022",2371,5,5,R$ 7,R$ 35
11395,"terça-feira, 6 de setembro de 2022",2762,5,5,R$ 7,R$ 35
11451,"quinta-feira, 8 de setembro de 2022",2141,5,5,R$ 7,R$ 35
11520,"sábado, 10 de setembro de 2022",1343,5,5,R$ 7,R$ 35
11633,"quinta-feira, 15 de setembro de 2022",4096,5,5,R$ 7,R$ 35
11661,"sexta-feira, 16 de setembro de 2022",8649,5,5,R$ 7,R$ 35
11725,"domingo, 18 de setembro de 2022",1942,5,5,R$ 7,R$ 35
11920,"domingo, 25 de setembro de 2022",3363,5,5,R$ 7,R$ 35
11989,"terça-feira, 27 de setembro de 2022",4691,5,5,R$ 7,R$ 35
12230,"quinta-feira, 6 de outubro de 2022",1076,5,5,R$ 7,R$ 35
12292,"sábado, 8 de outubro de 2022",6665,5,5,R$ 7,R$ 35
12354,"terça-feira, 11 de outubro de 2022",1147,5,5,R$ 7,R$ 35
12401,"quinta-feira, 13 de outubro de 2022",9134,5,5,R$ 7,R$ 35
12426,"quinta-feira, 13 de outubro de 2022",753,5,5,R$ 7,R$ 35
12516,"segunda-feira, 17 de outubro de 2022",4627,5,5,R$ 7,R$ 35
12537,"terça-feira, 18 de outubro de 2022",4226,5,5,R$ 7,R$ 35
12604,"quinta-feira, 20 de outubro de 2022",8254,5,5,R$ 7,R$ 35
12669,"sábado, 22 de outubro de 2022",4198,5,5,R$ 7,R$ 35
12681,"sábado, 22 de outubro de 2022",6288,5,5,R$ 7,R$ 35
12710,"segunda-feira, 24 de outubro de 2022",6464,5,5,R$ 7,R$ 35
12793,"quarta-feira, 26 de outubro de 2022",8915,5,5,R$ 7,R$ 35
12795,"quarta-feira, 26 de outubro de 2022",178,5,5,R$ 7,R$ 35
12854,"sexta-feira, 28 de outubro de 2022",3906,5,5,R$ 7,R$ 35
12908,"domingo, 30 de outubro de 2022",2448,5,5,R$ 7,R$ 35
12942,"terça-feira, 1 de novembro de 2022",728,5,5,R$ 7,R$ 35
13026,"quinta-feira, 3 de novembro de 2022",2790,5,5,R$ 7,R$ 35
13066,"sábado, 5 de novembro de 2022",2830,5,5,R$ 7,R$ 35
13081,"sábado, 5 de novembro de 2022",4956,5,5,R$ 7,R$ 35
13123,"segunda-feira, 7 de novembro de 2022",6960,5,5,R$ 7,R$ 35
13232,"sexta-feira, 11 de novembro de 2022",9017,5,5,R$ 7,R$ 35
13256,"sexta-feira, 11 de novembro de 2022",1443,5,5,R$ 7,R$ 35
13351,"terça-feira, 15 de novembro de 2022",804,5,5,R$ 7,R$ 35
13408,"quinta-feira, 17 de novembro de 2022",6948,5,5,R$ 7,R$ 35
13546,"quarta-feira, 23 de novembro de 2022",3654,5,5,R$ 7,R$ 35
13594,"sexta-feira, 25 de novembro de 2022",7789,5,5,R$ 7,R$ 35
13619,"sábado, 26 de novembro de 2022",5008,5,5,R$ 7,R$ 35
13805,"domingo, 4 de dezembro de 2022",8754,5,5,R$ 7,R$ 35
13876,"sexta-feira, 9 de dezembro de 2022",3658,5,5,R$ 7,R$ 35
13918,"segunda-feira, 12 de dezembro de 2022",4152,5,5,R$ 7,R$ 35
14001,"terça-feira, 20 de dezembro de 2022",9504,5,5,R$ 7,R$ 35
1,"sábado, 19 de dezembro de 2020",7223,20,5,R$ 80,R$ 400
51,"segunda-feira, 4 de janeiro de 2021",3799,20,5,R$ 80,R$ 400
70,"sexta-feira, 8 de janeiro de 2021",7576,20,5,R$ 80,R$ 400
140,"domingo, 17 de janeiro de 2021",8731,20,5,R$ 80,R$ 400
290,"domingo, 31 de janeiro de 2021",2295,20,5,R$ 80,R$ 400
514,"quinta-feira, 18 de fevereiro de 2021",8901,20,5,R$ 80,R$ 400
587,"quinta-feira, 25 de fevereiro de 2021",9064,20,5,R$ 80,R$ 400
647,"segunda-feira, 1 de março de 2021",6113,20,5,R$ 80,R$ 400
724,"sábado, 6 de março de 2021",2921,20,5,R$ 80,R$ 400
842,"domingo, 14 de março de 2021",4397,20,5,R$ 80,R$ 400
845,"domingo, 14 de março de 2021",9642,20,5,R$ 80,R$ 400
1000,"quinta-feira, 25 de março de 2021",2054,20,5,R$ 80,R$ 400
1014,"sexta-feira, 26 de março de 2021",9781,20,5,R$ 80,R$ 400
1059,"segunda-feira, 29 de março de 2021",8000,20,5,R$ 80,R$ 400
1068,"segunda-feira, 29 de março de 2021",3728,20,5,R$ 80,R$ 400
1114,"quinta-feira, 1 de abril de 2021",868,20,5,R$ 80,R$ 400
1318,"quinta-feira, 15 de abril de 2021",3027,20,5,R$ 80,R$ 400
1398,"terça-feira, 20 de abril de 2021",9679,20,5,R$ 80,R$ 400
1540,"domingo, 2 de maio de 2021",9831,20,5,R$ 80,R$ 400
1581,"terça-feira, 4 de maio de 2021",3758,20,5,R$ 80,R$ 400
1597,"quarta-feira, 5 de maio de 2021",3097,20,5,R$ 80,R$ 400
1661,"domingo, 9 de maio de 2021",4116,20,5,R$ 80,R$ 400
1791,"quinta-feira, 20 de maio de 2021",8953,20,5,R$ 80,R$ 400
1878,"quinta-feira, 27 de maio de 2021",6806,20,5,R$ 80,R$ 400
2018,"segunda-feira, 7 de junho de 2021",448,20,5,R$ 80,R$ 400
2056,"sexta-feira, 11 de junho de 2021",9797,20,5,R$ 80,R$ 400
2219,"quinta-feira, 24 de junho de 2021",467,20,5,R$ 80,R$ 400
2303,"sexta-feira, 2 de julho de 2021",6417,20,5,R$ 80,R$ 400
2378,"sexta-feira, 9 de julho de 2021",2672,20,5,R$ 80,R$ 400
2452,"quinta-feira, 15 de julho de 2021",8860,20,5,R$ 80,R$ 400
2487,"sábado, 17 de julho de 2021",3352,20,5,R$ 80,R$ 400
2562,"sexta-feira, 23 de julho de 2021",780,20,5,R$ 80,R$ 400
2718,"quinta-feira, 5 de agosto de 2021",8937,20,5,R$ 80,R$ 400
2776,"segunda-feira, 9 de agosto de 2021",3000,20,5,R$ 80,R$ 400
2799,"quarta-feira, 11 de agosto de 2021",7250,20,5,R$ 80,R$ 400
2806,"quinta-feira, 12 de agosto de 2021",1791,20,5,R$ 80,R$ 400
2998,"sábado, 28 de agosto de 2021",3938,20,5,R$ 80,R$ 400
3010,"domingo, 29 de agosto de 2021",2976,20,5,R$ 80,R$ 400
3053,"quinta-feira, 2 de setembro de 2021",1023,20,5,R$ 80,R$ 400
3161,"sábado, 11 de setembro de 2021",2907,20,5,R$ 80,R$ 400
3169,"sábado, 11 de setembro de 2021",1175,20,5,R$ 80,R$ 400
3192,"segunda-feira, 13 de setembro de 2021",7514,20,5,R$ 80,R$ 400
3462,"terça-feira, 5 de outubro de 2021",6617,20,5,R$ 80,R$ 400
3534,"domingo, 10 de outubro de 2021",5204,20,5,R$ 80,R$ 400
3569,"quarta-feira, 13 de outubro de 2021",7694,20,5,R$ 80,R$ 400
3576,"quinta-feira, 14 de outubro de 2021",1491,20,5,R$ 80,R$ 400
3594,"sexta-feira, 15 de outubro de 2021",3932,20,5,R$ 80,R$ 400
3598,"sábado, 16 de outubro de 2021",5092,20,5,R$ 80,R$ 400
3634,"quarta-feira, 20 de outubro de 2021",3512,20,5,R$ 80,R$ 400
3699,"segunda-feira, 25 de outubro de 2021",7193,20,5,R$ 80,R$ 400
3770,"domingo, 31 de outubro de 2021",937,20,5,R$ 80,R$ 400
3774,"domingo, 31 de outubro de 2021",4099,20,5,R$ 80,R$ 400
3792,"terça-feira, 2 de novembro de 2021",8452,20,5,R$ 80,R$ 400
3797,"terça-feira, 2 de novembro de 2021",6172,20,5,R$ 80,R$ 400
3837,"quinta-feira, 4 de novembro de 2021",8730,20,5,R$ 80,R$ 400
3849,"sábado, 6 de novembro de 2021",5924,20,5,R$ 80,R$ 400
3866,"sábado, 6 de novembro de 2021",8778,20,5,R$ 80,R$ 400
3871,"domingo, 7 de novembro de 2021",1442,20,5,R$ 80,R$ 400
3912,"quinta-feira, 11 de novembro de 2021",4030,20,5,R$ 80,R$ 400
3934,"sábado, 13 de novembro de 2021",4085,20,5,R$ 80,R$ 400
3959,"segunda-feira, 15 de novembro de 2021",5542,20,5,R$ 80,R$ 400
4046,"sábado, 20 de novembro de 2021",158,20,5,R$ 80,R$ 400
4142,"sábado, 27 de novembro de 2021",7014,20,5,R$ 80,R$ 400
4194,"quarta-feira, 1 de dezembro de 2021",1004,20,5,R$ 80,R$ 400
4221,"sexta-feira, 3 de dezembro de 2021",4691,20,5,R$ 80,R$ 400
4225,"sexta-feira, 3 de dezembro de 2021",7862,20,5,R$ 80,R$ 400
4249,"sábado, 4 de dezembro de 2021",4417,20,5,R$ 80,R$ 400
4422,"quarta-feira, 15 de dezembro de 2021",511,20,5,R$ 80,R$ 400
4428,"quarta-feira, 15 de dezembro de 2021",4881,20,5,R$ 80,R$ 400
4503,"segunda-feira, 20 de dezembro de 2021",1162,20,5,R$ 80,R$ 400
4506,"segunda-feira, 20 de dezembro de 2021",3889,20,5,R$ 80,R$ 400
4577,"sexta-feira, 24 de dezembro de 2021",4610,20,5,R$ 80,R$ 400
4593,"sábado, 25 de dezembro de 2021",2086,20,5,R$ 80,R$ 400
4620,"domingo, 26 de dezembro de 2021",10008,20,5,R$ 80,R$ 400
4676,"quinta-feira, 30 de dezembro de 2021",4004,20,5,R$ 80,R$ 400
4747,"sábado, 1 de janeiro de 2022",6265,20,5,R$ 80,R$ 400
4760,"domingo, 2 de janeiro de 2022",9037,20,5,R$ 80,R$ 400
4765,"domingo, 2 de janeiro de 2022",4892,20,5,R$ 80,R$ 400
4801,"terça-feira, 4 de janeiro de 2022",2712,20,5,R$ 80,R$ 400
5077,"sábado, 15 de janeiro de 2022",7685,20,5,R$ 80,R$ 400
5081,"sábado, 15 de janeiro de 2022",820,20,5,R$ 80,R$ 400
5106,"domingo, 16 de janeiro de 2022",7315,20,5,R$ 80,R$ 400
5302,"segunda-feira, 24 de janeiro de 2022",8862,20,5,R$ 80,R$ 400
5388,"quinta-feira, 27 de janeiro de 2022",4881,20,5,R$ 80,R$ 400
5393,"sexta-feira, 28 de janeiro de 2022",5610,20,5,R$ 80,R$ 400
5414,"sábado, 29 de janeiro de 2022",753,20,5,R$ 80,R$ 400
5440,"domingo, 30 de janeiro de 2022",2927,20,5,R$ 80,R$ 400
5476,"segunda-feira, 31 de janeiro de 2022",8486,20,5,R$ 80,R$ 400
5731,"terça-feira, 8 de fevereiro de 2022",7113,20,5,R$ 80,R$ 400
5921,"terça-feira, 15 de fevereiro de 2022",7366,20,5,R$ 80,R$ 400
5990,"sexta-feira, 18 de fevereiro de 2022",1571,20,5,R$ 80,R$ 400
6049,"domingo, 20 de fevereiro de 2022",4011,20,5,R$ 80,R$ 400
6194,"quinta-feira, 24 de fevereiro de 2022",8745,20,5,R$ 80,R$ 400
6304,"segunda-feira, 28 de fevereiro de 2022",2462,20,5,R$ 80,R$ 400
6385,"quinta-feira, 3 de março de 2022",4444,20,5,R$ 80,R$ 400
6444,"domingo, 6 de março de 2022",2622,20,5,R$ 80,R$ 400
6452,"domingo, 6 de março de 2022",760,20,5,R$ 80,R$ 400
6484,"segunda-feira, 7 de março de 2022",5478,20,5,R$ 80,R$ 400
6772,"sexta-feira, 18 de março de 2022",9746,20,5,R$ 80,R$ 400
7158,"sábado, 2 de abril de 2022",5295,20,5,R$ 80,R$ 400
7187,"domingo, 3 de abril de 2022",8947,20,5,R$ 80,R$ 400
7190,"domingo, 3 de abril de 2022",1484,20,5,R$ 80,R$ 400
7306,"sexta-feira, 8 de abril de 2022",8371,20,5,R$ 80,R$ 400
7828,"quarta-feira, 27 de abril de 2022",2777,20,5,R$ 80,R$ 400
7862,"quinta-feira, 28 de abril de 2022",4853,20,5,R$ 80,R$ 400
7901,"sexta-feira, 29 de abril de 2022",9195,20,5,R$ 80,R$ 400
8065,"sexta-feira, 6 de maio de 2022",8683,20,5,R$ 80,R$ 400
8140,"domingo, 8 de maio de 2022",8915,20,5,R$ 80,R$ 400
8261,"sexta-feira, 13 de maio de 2022",1507,20,5,R$ 80,R$ 400
8283,"sexta-feira, 13 de maio de 2022",8345,20,5,R$ 80,R$ 400
8319,"domingo, 15 de maio de 2022",843,20,5,R$ 80,R$ 400
8670,"sexta-feira, 27 de maio de 2022",211,20,5,R$ 80,R$ 400
8751,"segunda-feira, 30 de maio de 2022",3852,20,5,R$ 80,R$ 400
8768,"terça-feira, 31 de maio de 2022",4676,20,5,R$ 80,R$ 400
8777,"terça-feira, 31 de maio de 2022",7356,20,5,R$ 80,R$ 400
8849,"sexta-feira, 3 de junho de 2022",6950,20,5,R$ 80,R$ 400
9089,"domingo, 12 de junho de 2022",7702,20,5,R$ 80,R$ 400
9091,"domingo, 12 de junho de 2022",3256,20,5,R$ 80,R$ 400
9145,"terça-feira, 14 de junho de 2022",6105,20,5,R$ 80,R$ 400
9209,"quinta-feira, 16 de junho de 2022",4868,20,5,R$ 80,R$ 400
9217,"sexta-feira, 17 de junho de 2022",8266,20,5,R$ 80,R$ 400
9292,"domingo, 19 de junho de 2022",4973,20,5,R$ 80,R$ 400
9352,"terça-feira, 21 de junho de 2022",3119,20,5,R$ 80,R$ 400
9420,"sexta-feira, 24 de junho de 2022",4925,20,5,R$ 80,R$ 400
9651,"domingo, 3 de julho de 2022",9125,20,5,R$ 80,R$ 400
9758,"quinta-feira, 7 de julho de 2022",1425,20,5,R$ 80,R$ 400
9783,"quinta-feira, 7 de julho de 2022",9743,20,5,R$ 80,R$ 400
9832,"sábado, 9 de julho de 2022",3210,20,5,R$ 80,R$ 400
9895,"segunda-feira, 11 de julho de 2022",6254,20,5,R$ 80,R$ 400
9898,"segunda-feira, 11 de julho de 2022",1942,20,5,R$ 80,R$ 400
9962,"quinta-feira, 14 de julho de 2022",4224,20,5,R$ 80,R$ 400
9967,"quinta-feira, 14 de julho de 2022",10033,20,5,R$ 80,R$ 400
9998,"sexta-feira, 15 de julho de 2022",1427,20,5,R$ 80,R$ 400
10097,"segunda-feira, 18 de julho de 2022",139,20,5,R$ 80,R$ 400
10124,"terça-feira, 19 de julho de 2022",8534,20,5,R$ 80,R$ 400
10203,"sexta-feira, 22 de julho de 2022",4913,20,5,R$ 80,R$ 400
10268,"segunda-feira, 25 de julho de 2022",5261,20,5,R$ 80,R$ 400
10304,"terça-feira, 26 de julho de 2022",7016,20,5,R$ 80,R$ 400
10327,"quarta-feira, 27 de julho de 2022",8952,20,5,R$ 80,R$ 400
10386,"sexta-feira, 29 de julho de 2022",9844,20,5,R$ 80,R$ 400
10475,"terça-feira, 2 de agosto de 2022",2200,20,5,R$ 80,R$ 400
10533,"quinta-feira, 4 de agosto de 2022",1421,20,5,R$ 80,R$ 400
10619,"segunda-feira, 8 de agosto de 2022",8463,20,5,R$ 80,R$ 400
10649,"segunda-feira, 8 de agosto de 2022",6444,20,5,R$ 80,R$ 400
10733,"quinta-feira, 11 de agosto de 2022",7711,20,5,R$ 80,R$ 400
10782,"sábado, 13 de agosto de 2022",8860,20,5,R$ 80,R$ 400
10795,"domingo, 14 de agosto de 2022",7361,20,5,R$ 80,R$ 400
10824,"domingo, 14 de agosto de 2022",2697,20,5,R$ 80,R$ 400
10888,"quarta-feira, 17 de agosto de 2022",7110,20,5,R$ 80,R$ 400
10905,"quinta-feira, 18 de agosto de 2022",1192,20,5,R$ 80,R$ 400
11050,"quarta-feira, 24 de agosto de 2022",9092,20,5,R$ 80,R$ 400
11081,"quinta-feira, 25 de agosto de 2022",10150,20,5,R$ 80,R$ 400
11094,"quinta-feira, 25 de agosto de 2022",9644,20,5,R$ 80,R$ 400
11155,"domingo, 28 de agosto de 2022",7831,20,5,R$ 80,R$ 400
11197,"segunda-feira, 29 de agosto de 2022",3440,20,5,R$ 80,R$ 400
11665,"sexta-feira, 16 de setembro de 2022",850,20,5,R$ 80,R$ 400
11674,"sexta-feira, 16 de setembro de 2022",5519,20,5,R$ 80,R$ 400
11690,"sábado, 17 de setembro de 2022",2868,20,5,R$ 80,R$ 400
11718,"domingo, 18 de setembro de 2022",10104,20,5,R$ 80,R$ 400
11844,"quinta-feira, 22 de setembro de 2022",4520,20,5,R$ 80,R$ 400
11849,"quinta-feira, 22 de setembro de 2022",9004,20,5,R$ 80,R$ 400
11854,"sexta-feira, 23 de setembro de 2022",8860,20,5,R$ 80,R$ 400
11882,"sexta-feira, 23 de setembro de 2022",782,20,5,R$ 80,R$ 400
12055,"quinta-feira, 29 de setembro de 2022",104,20,5,R$ 80,R$ 400
12062,"quinta-feira, 29 de setembro de 2022",6075,20,5,R$ 80,R$ 400
12127,"domingo, 2 de outubro de 2022",7207,20,5,R$ 80,R$ 400
12161,"terça-feira, 4 de outubro de 2022",4815,20,5,R$ 80,R$ 400
12208,"quarta-feira, 5 de outubro de 2022",7356,20,5,R$ 80,R$ 400
12419,"quinta-feira, 13 de outubro de 2022",7039,20,5,R$ 80,R$ 400
12491,"domingo, 16 de outubro de 2022",534,20,5,R$ 80,R$ 400
12522,"segunda-feira, 17 de outubro de 2022",4616,20,5,R$ 80,R$ 400
12825,"quinta-feira, 27 de outubro de 2022",4325,20,5,R$ 80,R$ 400
12840,"sexta-feira, 28 de outubro de 2022",7511,20,5,R$ 80,R$ 400
13005,"quarta-feira, 2 de novembro de 2022",7989,20,5,R$ 80,R$ 400
13068,"sábado, 5 de novembro de 2022",4657,20,5,R$ 80,R$ 400
13610,"sexta-feira, 25 de novembro de 2022",4375,20,5,R$ 80,R$ 400
13689,"terça-feira, 29 de novembro de 2022",3388,20,5,R$ 80,R$ 400
13742,"quinta-feira, 1 de dezembro de 2022",2596,20,5,R$ 80,R$ 400
13763,"sexta-feira, 2 de dezembro de 2022",7448,20,5,R$ 80,R$ 400
13793,"sábado, 3 de dezembro de 2022",5965,20,5,R$ 80,R$ 400
13924,"segunda-feira, 12 de dezembro de 2022",3104,20,5,R$ 80,R$ 400
14033,"domingo, 25 de dezembro de 2022",4105,20,5,R$ 80,R$ 400
20,"quinta-feira, 7 de janeiro de 2021",3458,2,5,R$ 24,R$ 120
289,"domingo, 31 de janeiro de 2021",6843,2,5,R$ 24,R$ 120
309,"terça-feira, 2 de fevereiro de 2021",9736,2,5,R$ 24,R$ 120
336,"quarta-feira, 3 de fevereiro de 2021",1561,2,5,R$ 24,R$ 120
425,"quinta-feira, 11 de fevereiro de 2021",8435,2,5,R$ 24,R$ 120
518,"sexta-feira, 19 de fevereiro de 2021",2270,2,5,R$ 24,R$ 120
521,"sexta-feira, 19 de fevereiro de 2021",9327,2,5,R$ 24,R$ 120
912,"sexta-feira, 19 de março de 2021",4783,2,5,R$ 24,R$ 120
948,"domingo, 21 de março de 2021",3305,2,5,R$ 24,R$ 120
969,"terça-feira, 23 de março de 2021",1005,2,5,R$ 24,R$ 120
1002,"quinta-feira, 25 de março de 2021",3000,2,5,R$ 24,R$ 120
1149,"sábado, 3 de abril de 2021",2296,2,5,R$ 24,R$ 120
1159,"domingo, 4 de abril de 2021",4962,2,5,R$ 24,R$ 120
1188,"terça-feira, 6 de abril de 2021",10243,2,5,R$ 24,R$ 120
1254,"domingo, 11 de abril de 2021",2907,2,5,R$ 24,R$ 120
1267,"segunda-feira, 12 de abril de 2021",1950,2,5,R$ 24,R$ 120
1424,"quinta-feira, 22 de abril de 2021",3236,2,5,R$ 24,R$ 120
1460,"domingo, 25 de abril de 2021",4525,2,5,R$ 24,R$ 120
1562,"segunda-feira, 3 de maio de 2021",1093,2,5,R$ 24,R$ 120
1570,"terça-feira, 4 de maio de 2021",2977,2,5,R$ 24,R$ 120
1576,"terça-feira, 4 de maio de 2021",2869,2,5,R$ 24,R$ 120
1607,"quarta-feira, 5 de maio de 2021",9846,2,5,R$ 24,R$ 120
1756,"segunda-feira, 17 de maio de 2021",9837,2,5,R$ 24,R$ 120
1779,"quarta-feira, 19 de maio de 2021",1449,2,5,R$ 24,R$ 120
1854,"terça-feira, 25 de maio de 2021",4739,2,5,R$ 24,R$ 120
1919,"domingo, 30 de maio de 2021",4567,2,5,R$ 24,R$ 120
1949,"quarta-feira, 2 de junho de 2021",5590,2,5,R$ 24,R$ 120
1990,"sexta-feira, 4 de junho de 2021",8623,2,5,R$ 24,R$ 120
2020,"segunda-feira, 7 de junho de 2021",8351,2,5,R$ 24,R$ 120
2030,"terça-feira, 8 de junho de 2021",4525,2,5,R$ 24,R$ 120
2059,"sexta-feira, 11 de junho de 2021",9623,2,5,R$ 24,R$ 120
2180,"terça-feira, 22 de junho de 2021",10055,2,5,R$ 24,R$ 120
2366,"quinta-feira, 8 de julho de 2021",3349,2,5,R$ 24,R$ 120
2384,"sábado, 10 de julho de 2021",3716,2,5,R$ 24,R$ 120
2429,"terça-feira, 13 de julho de 2021",5644,2,5,R$ 24,R$ 120
2508,"domingo, 18 de julho de 2021",8199,2,5,R$ 24,R$ 120
2550,"quinta-feira, 22 de julho de 2021",7978,2,5,R$ 24,R$ 120
2552,"quinta-feira, 22 de julho de 2021",8196,2,5,R$ 24,R$ 120
2673,"domingo, 1 de agosto de 2021",7849,2,5,R$ 24,R$ 120
3060,"sexta-feira, 3 de setembro de 2021",8098,2,5,R$ 24,R$ 120
3195,"segunda-feira, 13 de setembro de 2021",3109,2,5,R$ 24,R$ 120
3263,"domingo, 19 de setembro de 2021",5912,2,5,R$ 24,R$ 120
3276,"domingo, 19 de setembro de 2021",2918,2,5,R$ 24,R$ 120
3324,"sábado, 25 de setembro de 2021",900,2,5,R$ 24,R$ 120
3377,"quinta-feira, 30 de setembro de 2021",2459,2,5,R$ 24,R$ 120
3409,"sábado, 2 de outubro de 2021",5355,2,5,R$ 24,R$ 120
3486,"quarta-feira, 6 de outubro de 2021",10012,2,5,R$ 24,R$ 120
3567,"quarta-feira, 13 de outubro de 2021",2547,2,5,R$ 24,R$ 120
3838,"quinta-feira, 4 de novembro de 2021",4364,2,5,R$ 24,R$ 120
3926,"sexta-feira, 12 de novembro de 2021",3153,2,5,R$ 24,R$ 120
3927,"sexta-feira, 12 de novembro de 2021",10262,2,5,R$ 24,R$ 120
4107,"quinta-feira, 25 de novembro de 2021",9171,2,5,R$ 24,R$ 120
4134,"sábado, 27 de novembro de 2021",4340,2,5,R$ 24,R$ 120
4145,"sábado, 27 de novembro de 2021",621,2,5,R$ 24,R$ 120
4156,"domingo, 28 de novembro de 2021",1410,2,5,R$ 24,R$ 120
4391,"segunda-feira, 13 de dezembro de 2021",3418,2,5,R$ 24,R$ 120
4420,"quarta-feira, 15 de dezembro de 2021",10186,2,5,R$ 24,R$ 120
4531,"quarta-feira, 22 de dezembro de 2021",9745,2,5,R$ 24,R$ 120
4623,"segunda-feira, 27 de dezembro de 2021",5827,2,5,R$ 24,R$ 120
4659,"terça-feira, 28 de dezembro de 2021",8816,2,5,R$ 24,R$ 120
4673,"quarta-feira, 29 de dezembro de 2021",5659,2,5,R$ 24,R$ 120
4766,"domingo, 2 de janeiro de 2022",8269,2,5,R$ 24,R$ 120
4784,"segunda-feira, 3 de janeiro de 2022",2958,2,5,R$ 24,R$ 120
4845,"quinta-feira, 6 de janeiro de 2022",10021,2,5,R$ 24,R$ 120
4885,"sexta-feira, 7 de janeiro de 2022",9929,2,5,R$ 24,R$ 120
4891,"sexta-feira, 7 de janeiro de 2022",2654,2,5,R$ 24,R$ 120
5063,"sábado, 15 de janeiro de 2022",7209,2,5,R$ 24,R$ 120
5064,"sábado, 15 de janeiro de 2022",10250,2,5,R$ 24,R$ 120
5154,"terça-feira, 18 de janeiro de 2022",8867,2,5,R$ 24,R$ 120
5201,"quinta-feira, 20 de janeiro de 2022",8793,2,5,R$ 24,R$ 120
5206,"quinta-feira, 20 de janeiro de 2022",9826,2,5,R$ 24,R$ 120
5211,"quinta-feira, 20 de janeiro de 2022",1041,2,5,R$ 24,R$ 120
5231,"sexta-feira, 21 de janeiro de 2022",2600,2,5,R$ 24,R$ 120
5305,"segunda-feira, 24 de janeiro de 2022",4436,2,5,R$ 24,R$ 120
5321,"terça-feira, 25 de janeiro de 2022",5659,2,5,R$ 24,R$ 120
5435,"sábado, 29 de janeiro de 2022",3808,2,5,R$ 24,R$ 120
5695,"segunda-feira, 7 de fevereiro de 2022",5631,2,5,R$ 24,R$ 120
5956,"quinta-feira, 17 de fevereiro de 2022",4350,2,5,R$ 24,R$ 120
6045,"domingo, 20 de fevereiro de 2022",8825,2,5,R$ 24,R$ 120
6167,"quarta-feira, 23 de fevereiro de 2022",3060,2,5,R$ 24,R$ 120
6189,"quinta-feira, 24 de fevereiro de 2022",9025,2,5,R$ 24,R$ 120
6218,"sexta-feira, 25 de fevereiro de 2022",2878,2,5,R$ 24,R$ 120
6238,"sábado, 26 de fevereiro de 2022",4198,2,5,R$ 24,R$ 120
6276,"domingo, 27 de fevereiro de 2022",670,2,5,R$ 24,R$ 120
6331,"terça-feira, 1 de março de 2022",4384,2,5,R$ 24,R$ 120
6458,"domingo, 6 de março de 2022",5537,2,5,R$ 24,R$ 120
6533,"quarta-feira, 9 de março de 2022",9197,2,5,R$ 24,R$ 120
6609,"sábado, 12 de março de 2022",6722,2,5,R$ 24,R$ 120
6718,"quarta-feira, 16 de março de 2022",8534,2,5,R$ 24,R$ 120
6822,"segunda-feira, 21 de março de 2022",7051,2,5,R$ 24,R$ 120
6893,"quarta-feira, 23 de março de 2022",5973,2,5,R$ 24,R$ 120
7129,"sexta-feira, 1 de abril de 2022",2528,2,5,R$ 24,R$ 120
7291,"quinta-feira, 7 de abril de 2022",5518,2,5,R$ 24,R$ 120
7316,"sexta-feira, 8 de abril de 2022",1850,2,5,R$ 24,R$ 120
7378,"domingo, 10 de abril de 2022",1871,2,5,R$ 24,R$ 120
7413,"segunda-feira, 11 de abril de 2022",3661,2,5,R$ 24,R$ 120
7433,"quarta-feira, 13 de abril de 2022",1460,2,5,R$ 24,R$ 120
7475,"quinta-feira, 14 de abril de 2022",1588,2,5,R$ 24,R$ 120
7626,"quarta-feira, 20 de abril de 2022",4431,2,5,R$ 24,R$ 120
7702,"sexta-feira, 22 de abril de 2022",7206,2,5,R$ 24,R$ 120
7713,"sábado, 23 de abril de 2022",3695,2,5,R$ 24,R$ 120
7881,"sexta-feira, 29 de abril de 2022",1856,2,5,R$ 24,R$ 120
7905,"sábado, 30 de abril de 2022",1370,2,5,R$ 24,R$ 120
7908,"sábado, 30 de abril de 2022",9930,2,5,R$ 24,R$ 120
7965,"segunda-feira, 2 de maio de 2022",3823,2,5,R$ 24,R$ 120
7987,"terça-feira, 3 de maio de 2022",7072,2,5,R$ 24,R$ 120
8013,"quarta-feira, 4 de maio de 2022",4766,2,5,R$ 24,R$ 120
8024,"quarta-feira, 4 de maio de 2022",5099,2,5,R$ 24,R$ 120
8056,"quinta-feira, 5 de maio de 2022",382,2,5,R$ 24,R$ 120
8103,"sábado, 7 de maio de 2022",5503,2,5,R$ 24,R$ 120
8198,"terça-feira, 10 de maio de 2022",491,2,5,R$ 24,R$ 120
8253,"quinta-feira, 12 de maio de 2022",9533,2,5,R$ 24,R$ 120
8365,"segunda-feira, 16 de maio de 2022",8351,2,5,R$ 24,R$ 120
8374,"terça-feira, 17 de maio de 2022",1289,2,5,R$ 24,R$ 120
8392,"quarta-feira, 18 de maio de 2022",5464,2,5,R$ 24,R$ 120
8405,"quarta-feira, 18 de maio de 2022",9790,2,5,R$ 24,R$ 120
8470,"sexta-feira, 20 de maio de 2022",9123,2,5,R$ 24,R$ 120
8754,"segunda-feira, 30 de maio de 2022",5869,2,5,R$ 24,R$ 120
8845,"sexta-feira, 3 de junho de 2022",8510,2,5,R$ 24,R$ 120
8919,"segunda-feira, 6 de junho de 2022",5536,2,5,R$ 24,R$ 120
8958,"terça-feira, 7 de junho de 2022",976,2,5,R$ 24,R$ 120
9015,"quinta-feira, 9 de junho de 2022",2354,2,5,R$ 24,R$ 120
9114,"segunda-feira, 13 de junho de 2022",6968,2,5,R$ 24,R$ 120
9141,"terça-feira, 14 de junho de 2022",3366,2,5,R$ 24,R$ 120
9166,"quarta-feira, 15 de junho de 2022",7852,2,5,R$ 24,R$ 120
9273,"sábado, 18 de junho de 2022",3125,2,5,R$ 24,R$ 120
9334,"terça-feira, 21 de junho de 2022",1112,2,5,R$ 24,R$ 120
9557,"quarta-feira, 29 de junho de 2022",6358,2,5,R$ 24,R$ 120
9621,"sábado, 2 de julho de 2022",4941,2,5,R$ 24,R$ 120
9635,"sábado, 2 de julho de 2022",5433,2,5,R$ 24,R$ 120
9665,"domingo, 3 de julho de 2022",286,2,5,R$ 24,R$ 120
9685,"segunda-feira, 4 de julho de 2022",3328,2,5,R$ 24,R$ 120
9780,"quinta-feira, 7 de julho de 2022",1738,2,5,R$ 24,R$ 120
9798,"sexta-feira, 8 de julho de 2022",9610,2,5,R$ 24,R$ 120
9817,"sexta-feira, 8 de julho de 2022",8279,2,5,R$ 24,R$ 120
9860,"domingo, 10 de julho de 2022",9837,2,5,R$ 24,R$ 120
9935,"quarta-feira, 13 de julho de 2022",2665,2,5,R$ 24,R$ 120
9960,"quarta-feira, 13 de julho de 2022",8089,2,5,R$ 24,R$ 120
9986,"quinta-feira, 14 de julho de 2022",4343,2,5,R$ 24,R$ 120
10049,"domingo, 17 de julho de 2022",7213,2,5,R$ 24,R$ 120
10064,"domingo, 17 de julho de 2022",5488,2,5,R$ 24,R$ 120
10078,"domingo, 17 de julho de 2022",6762,2,5,R$ 24,R$ 120
10112,"terça-feira, 19 de julho de 2022",7221,2,5,R$ 24,R$ 120
10117,"terça-feira, 19 de julho de 2022",10034,2,5,R$ 24,R$ 120
10231,"sábado, 23 de julho de 2022",4239,2,5,R$ 24,R$ 120
10431,"domingo, 31 de julho de 2022",6161,2,5,R$ 24,R$ 120
10447,"segunda-feira, 1 de agosto de 2022",7986,2,5,R$ 24,R$ 120
10579,"sábado, 6 de agosto de 2022",2998,2,5,R$ 24,R$ 120
10605,"domingo, 7 de agosto de 2022",5877,2,5,R$ 24,R$ 120
10890,"quarta-feira, 17 de agosto de 2022",3857,2,5,R$ 24,R$ 120
11002,"segunda-feira, 22 de agosto de 2022",5348,2,5,R$ 24,R$ 120
11024,"terça-feira, 23 de agosto de 2022",1607,2,5,R$ 24,R$ 120
11040,"terça-feira, 23 de agosto de 2022",2286,2,5,R$ 24,R$ 120
11056,"quarta-feira, 24 de agosto de 2022",1259,2,5,R$ 24,R$ 120
11237,"quarta-feira, 31 de agosto de 2022",7963,2,5,R$ 24,R$ 120
11731,"domingo, 18 de setembro de 2022",4700,2,5,R$ 24,R$ 120
11821,"quinta-feira, 22 de setembro de 2022",337,2,5,R$ 24,R$ 120
11884,"sexta-feira, 23 de setembro de 2022",9631,2,5,R$ 24,R$ 120
11954,"segunda-feira, 26 de setembro de 2022",6196,2,5,R$ 24,R$ 120
12049,"quinta-feira, 29 de setembro de 2022",1894,2,5,R$ 24,R$ 120
12078,"sexta-feira, 30 de setembro de 2022",8558,2,5,R$ 24,R$ 120
12198,"quarta-feira, 5 de outubro de 2022",5608,2,5,R$ 24,R$ 120
12307,"domingo, 9 de outubro de 2022",6372,2,5,R$ 24,R$ 120
12344,"segunda-feira, 10 de outubro de 2022",753,2,5,R$ 24,R$ 120
12349,"terça-feira, 11 de outubro de 2022",5572,2,5,R$ 24,R$ 120
12471,"sábado, 15 de outubro de 2022",9631,2,5,R$ 24,R$ 120
12699,"domingo, 23 de outubro de 2022",9826,2,5,R$ 24,R$ 120
12712,"segunda-feira, 24 de outubro de 2022",9891,2,5,R$ 24,R$ 120
12930,"segunda-feira, 31 de outubro de 2022",4807,2,5,R$ 24,R$ 120
13023,"quinta-feira, 3 de novembro de 2022",5133,2,5,R$ 24,R$ 120
13165,"quarta-feira, 9 de novembro de 2022",1371,2,5,R$ 24,R$ 120
13195,"quinta-feira, 10 de novembro de 2022",3982,2,5,R$ 24,R$ 120
13355,"terça-feira, 15 de novembro de 2022",904,2,5,R$ 24,R$ 120
13434,"sexta-feira, 18 de novembro de 2022",573,2,5,R$ 24,R$ 120
13480,"domingo, 20 de novembro de 2022",3780,2,5,R$ 24,R$ 120
13557,"quarta-feira, 23 de novembro de 2022",3795,2,5,R$ 24,R$ 120
13668,"segunda-feira, 28 de novembro de 2022",7934,2,5,R$ 24,R$ 120
13710,"terça-feira, 29 de novembro de 2022",9394,2,5,R$ 24,R$ 120
13800,"sábado, 3 de dezembro de 2022",3330,2,5,R$ 24,R$ 120
13819,"domingo, 4 de dezembro de 2022",3319,2,5,R$ 24,R$ 120
13874,"sexta-feira, 9 de dezembro de 2022",8825,2,5,R$ 24,R$ 120
13888,"sábado, 10 de dezembro de 2022",6647,2,5,R$ 24,R$ 120
13899,"sábado, 10 de dezembro de 2022",3567,2,5,R$ 24,R$ 120
14036,"domingo, 25 de dezembro de 2022",7887,2,5,R$ 24,R$ 120
17,"segunda-feira, 4 de janeiro de 2021",6161,12,5,R$ 46,R$ 230
132,"sábado, 16 de janeiro de 2021",5973,12,5,R$ 46,R$ 230
145,"segunda-feira, 18 de janeiro de 2021",6518,12,5,R$ 46,R$ 230
220,"segunda-feira, 25 de janeiro de 2021",6866,12,5,R$ 46,R$ 230
232,"quarta-feira, 27 de janeiro de 2021",5476,12,5,R$ 46,R$ 230
470,"segunda-feira, 15 de fevereiro de 2021",3336,12,5,R$ 46,R$ 230
551,"segunda-feira, 22 de fevereiro de 2021",8202,12,5,R$ 46,R$ 230
611,"sábado, 27 de fevereiro de 2021",9871,12,5,R$ 46,R$ 230
636,"domingo, 28 de fevereiro de 2021",4615,12,5,R$ 46,R$ 230
805,"sexta-feira, 12 de março de 2021",6307,12,5,R$ 46,R$ 230
807,"sexta-feira, 12 de março de 2021",5174,12,5,R$ 46,R$ 230
847,"domingo, 14 de março de 2021",4327,12,5,R$ 46,R$ 230
852,"segunda-feira, 15 de março de 2021",7379,12,5,R$ 46,R$ 230
916,"sexta-feira, 19 de março de 2021",7696,12,5,R$ 46,R$ 230
936,"sábado, 20 de março de 2021",9115,12,5,R$ 46,R$ 230
1012,"sexta-feira, 26 de março de 2021",2032,12,5,R$ 46,R$ 230
1017,"sexta-feira, 26 de março de 2021",7132,12,5,R$ 46,R$ 230
1053,"domingo, 28 de março de 2021",226,12,5,R$ 46,R$ 230
1066,"segunda-feira, 29 de março de 2021",8367,12,5,R$ 46,R$ 230
1126,"sexta-feira, 2 de abril de 2021",7930,12,5,R$ 46,R$ 230
1176,"segunda-feira, 5 de abril de 2021",4039,12,5,R$ 46,R$ 230
1201,"quarta-feira, 7 de abril de 2021",4876,12,5,R$ 46,R$ 230
1258,"segunda-feira, 12 de abril de 2021",3476,12,5,R$ 46,R$ 230
1359,"domingo, 18 de abril de 2021",9931,12,5,R$ 46,R$ 230
1385,"terça-feira, 20 de abril de 2021",49,12,5,R$ 46,R$ 230
1399,"quarta-feira, 21 de abril de 2021",2468,12,5,R$ 46,R$ 230
1615,"quinta-feira, 6 de maio de 2021",6712,12,5,R$ 46,R$ 230
1639,"sexta-feira, 7 de maio de 2021",7072,12,5,R$ 46,R$ 230
1691,"quarta-feira, 12 de maio de 2021",9491,12,5,R$ 46,R$ 230
1781,"quarta-feira, 19 de maio de 2021",392,12,5,R$ 46,R$ 230
2035,"quarta-feira, 9 de junho de 2021",3438,12,5,R$ 46,R$ 230
2039,"quarta-feira, 9 de junho de 2021",1321,12,5,R$ 46,R$ 230
2080,"segunda-feira, 14 de junho de 2021",5685,12,5,R$ 46,R$ 230
2244,"domingo, 27 de junho de 2021",690,12,5,R$ 46,R$ 230
2430,"terça-feira, 13 de julho de 2021",6681,12,5,R$ 46,R$ 230
2439,"quarta-feira, 14 de julho de 2021",6683,12,5,R$ 46,R$ 230
2684,"segunda-feira, 2 de agosto de 2021",4847,12,5,R$ 46,R$ 230
2722,"quinta-feira, 5 de agosto de 2021",2431,12,5,R$ 46,R$ 230
2852,"segunda-feira, 16 de agosto de 2021",2915,12,5,R$ 46,R$ 230
2868,"terça-feira, 17 de agosto de 2021",9271,12,5,R$ 46,R$ 230
2875,"quarta-feira, 18 de agosto de 2021",8528,12,5,R$ 46,R$ 230
2904,"sexta-feira, 20 de agosto de 2021",7654,12,5,R$ 46,R$ 230
3113,"segunda-feira, 6 de setembro de 2021",6501,12,5,R$ 46,R$ 230
3357,"terça-feira, 28 de setembro de 2021",7282,12,5,R$ 46,R$ 230
3481,"quarta-feira, 6 de outubro de 2021",3527,12,5,R$ 46,R$ 230
3482,"quarta-feira, 6 de outubro de 2021",1798,12,5,R$ 46,R$ 230
3522,"sábado, 9 de outubro de 2021",1352,12,5,R$ 46,R$ 230
3537,"segunda-feira, 11 de outubro de 2021",1132,12,5,R$ 46,R$ 230
3564,"quarta-feira, 13 de outubro de 2021",1669,12,5,R$ 46,R$ 230
3620,"segunda-feira, 18 de outubro de 2021",625,12,5,R$ 46,R$ 230
3645,"quarta-feira, 20 de outubro de 2021",9673,12,5,R$ 46,R$ 230
3659,"sexta-feira, 22 de outubro de 2021",5835,12,5,R$ 46,R$ 230
3662,"sexta-feira, 22 de outubro de 2021",9171,12,5,R$ 46,R$ 230
3669,"sábado, 23 de outubro de 2021",9353,12,5,R$ 46,R$ 230
3682,"domingo, 24 de outubro de 2021",9734,12,5,R$ 46,R$ 230
3777,"domingo, 31 de outubro de 2021",1979,12,5,R$ 46,R$ 230
3990,"quarta-feira, 17 de novembro de 2021",9752,12,5,R$ 46,R$ 230
4121,"sexta-feira, 26 de novembro de 2021",5289,12,5,R$ 46,R$ 230
4386,"segunda-feira, 13 de dezembro de 2021",8555,12,5,R$ 46,R$ 230
4517,"terça-feira, 21 de dezembro de 2021",1676,12,5,R$ 46,R$ 230
4547,"quarta-feira, 22 de dezembro de 2021",7952,12,5,R$ 46,R$ 230
4601,"domingo, 26 de dezembro de 2021",3327,12,5,R$ 46,R$ 230
4642,"terça-feira, 28 de dezembro de 2021",5501,12,5,R$ 46,R$ 230
4700,"quinta-feira, 30 de dezembro de 2021",5381,12,5,R$ 46,R$ 230
4724,"sexta-feira, 31 de dezembro de 2021",9728,12,5,R$ 46,R$ 230
4863,"quinta-feira, 6 de janeiro de 2022",135,12,5,R$ 46,R$ 230
4894,"sexta-feira, 7 de janeiro de 2022",7870,12,5,R$ 46,R$ 230
4927,"domingo, 9 de janeiro de 2022",2251,12,5,R$ 46,R$ 230
5008,"quarta-feira, 12 de janeiro de 2022",2318,12,5,R$ 46,R$ 230
5034,"sexta-feira, 14 de janeiro de 2022",6560,12,5,R$ 46,R$ 230
5036,"sexta-feira, 14 de janeiro de 2022",4029,12,5,R$ 46,R$ 230
5123,"segunda-feira, 17 de janeiro de 2022",355,12,5,R$ 46,R$ 230
5136,"terça-feira, 18 de janeiro de 2022",7813,12,5,R$ 46,R$ 230
5161,"quarta-feira, 19 de janeiro de 2022",658,12,5,R$ 46,R$ 230
5221,"sexta-feira, 21 de janeiro de 2022",5124,12,5,R$ 46,R$ 230
5228,"sexta-feira, 21 de janeiro de 2022",7391,12,5,R$ 46,R$ 230
5240,"sexta-feira, 21 de janeiro de 2022",1144,12,5,R$ 46,R$ 230
5262,"domingo, 23 de janeiro de 2022",6423,12,5,R$ 46,R$ 230
5366,"quinta-feira, 27 de janeiro de 2022",8190,12,5,R$ 46,R$ 230
5411,"sábado, 29 de janeiro de 2022",5989,12,5,R$ 46,R$ 230
5465,"segunda-feira, 31 de janeiro de 2022",2527,12,5,R$ 46,R$ 230
5681,"segunda-feira, 7 de fevereiro de 2022",4747,12,5,R$ 46,R$ 230
5817,"sábado, 12 de fevereiro de 2022",7934,12,5,R$ 46,R$ 230
5885,"segunda-feira, 14 de fevereiro de 2022",6209,12,5,R$ 46,R$ 230
5919,"terça-feira, 15 de fevereiro de 2022",3225,12,5,R$ 46,R$ 230
6014,"sábado, 19 de fevereiro de 2022",4495,12,5,R$ 46,R$ 230
6051,"domingo, 20 de fevereiro de 2022",4352,12,5,R$ 46,R$ 230
6074,"domingo, 20 de fevereiro de 2022",4778,12,5,R$ 46,R$ 230
6079,"segunda-feira, 21 de fevereiro de 2022",7239,12,5,R$ 46,R$ 230
6156,"quarta-feira, 23 de fevereiro de 2022",3728,12,5,R$ 46,R$ 230
6201,"sexta-feira, 25 de fevereiro de 2022",7033,12,5,R$ 46,R$ 230
6272,"domingo, 27 de fevereiro de 2022",4779,12,5,R$ 46,R$ 230
6388,"sexta-feira, 4 de março de 2022",8229,12,5,R$ 46,R$ 230
6487,"segunda-feira, 7 de março de 2022",9868,12,5,R$ 46,R$ 230
6491,"terça-feira, 8 de março de 2022",3541,12,5,R$ 46,R$ 230
6555,"quinta-feira, 10 de março de 2022",6027,12,5,R$ 46,R$ 230
6720,"quarta-feira, 16 de março de 2022",4676,12,5,R$ 46,R$ 230
6817,"domingo, 20 de março de 2022",6227,12,5,R$ 46,R$ 230
6879,"quarta-feira, 23 de março de 2022",1228,12,5,R$ 46,R$ 230
6977,"domingo, 27 de março de 2022",4461,12,5,R$ 46,R$ 230
7059,"quarta-feira, 30 de março de 2022",1548,12,5,R$ 46,R$ 230
7273,"quinta-feira, 7 de abril de 2022",1553,12,5,R$ 46,R$ 230
7274,"quinta-feira, 7 de abril de 2022",8355,12,5,R$ 46,R$ 230
7295,"quinta-feira, 7 de abril de 2022",4397,12,5,R$ 46,R$ 230
7314,"sexta-feira, 8 de abril de 2022",1370,12,5,R$ 46,R$ 230
7340,"sábado, 9 de abril de 2022",815,12,5,R$ 46,R$ 230
7427,"terça-feira, 12 de abril de 2022",6259,12,5,R$ 46,R$ 230
7466,"quinta-feira, 14 de abril de 2022",5834,12,5,R$ 46,R$ 230
7485,"sexta-feira, 15 de abril de 2022",3904,12,5,R$ 46,R$ 230
7578,"segunda-feira, 18 de abril de 2022",2084,12,5,R$ 46,R$ 230
7579,"segunda-feira, 18 de abril de 2022",3771,12,5,R$ 46,R$ 230
7660,"quinta-feira, 21 de abril de 2022",6957,12,5,R$ 46,R$ 230
7667,"quinta-feira, 21 de abril de 2022",4750,12,5,R$ 46,R$ 230
7676,"sexta-feira, 22 de abril de 2022",8310,12,5,R$ 46,R$ 230
7680,"sexta-feira, 22 de abril de 2022",3561,12,5,R$ 46,R$ 230
7737,"sábado, 23 de abril de 2022",5869,12,5,R$ 46,R$ 230
7822,"quarta-feira, 27 de abril de 2022",9815,12,5,R$ 46,R$ 230
7926,"sábado, 30 de abril de 2022",728,12,5,R$ 46,R$ 230
7941,"domingo, 1 de maio de 2022",8943,12,5,R$ 46,R$ 230
7966,"segunda-feira, 2 de maio de 2022",4958,12,5,R$ 46,R$ 230
8094,"sábado, 7 de maio de 2022",6080,12,5,R$ 46,R$ 230
8160,"domingo, 8 de maio de 2022",2570,12,5,R$ 46,R$ 230
8164,"segunda-feira, 9 de maio de 2022",8040,12,5,R$ 46,R$ 230
8222,"quarta-feira, 11 de maio de 2022",2568,12,5,R$ 46,R$ 230
8224,"quarta-feira, 11 de maio de 2022",4903,12,5,R$ 46,R$ 230
8246,"quinta-feira, 12 de maio de 2022",9522,12,5,R$ 46,R$ 230
8349,"segunda-feira, 16 de maio de 2022",2489,12,5,R$ 46,R$ 230
8393,"quarta-feira, 18 de maio de 2022",8915,12,5,R$ 46,R$ 230
8534,"segunda-feira, 23 de maio de 2022",5114,12,5,R$ 46,R$ 230
8611,"quarta-feira, 25 de maio de 2022",4846,12,5,R$ 46,R$ 230
8622,"quinta-feira, 26 de maio de 2022",5406,12,5,R$ 46,R$ 230
8695,"sábado, 28 de maio de 2022",9349,12,5,R$ 46,R$ 230
8718,"domingo, 29 de maio de 2022",9822,12,5,R$ 46,R$ 230
8726,"domingo, 29 de maio de 2022",2176,12,5,R$ 46,R$ 230
8788,"terça-feira, 31 de maio de 2022",5102,12,5,R$ 46,R$ 230
9037,"sexta-feira, 10 de junho de 2022",99,12,5,R$ 46,R$ 230
9133,"terça-feira, 14 de junho de 2022",6845,12,5,R$ 46,R$ 230
9350,"terça-feira, 21 de junho de 2022",1787,12,5,R$ 46,R$ 230
9493,"segunda-feira, 27 de junho de 2022",8551,12,5,R$ 46,R$ 230
9656,"domingo, 3 de julho de 2022",9230,12,5,R$ 46,R$ 230
9750,"quarta-feira, 6 de julho de 2022",9224,12,5,R$ 46,R$ 230
9838,"sábado, 9 de julho de 2022",9610,12,5,R$ 46,R$ 230
9853,"domingo, 10 de julho de 2022",5722,12,5,R$ 46,R$ 230
9870,"domingo, 10 de julho de 2022",438,12,5,R$ 46,R$ 230
10004,"sexta-feira, 15 de julho de 2022",486,12,5,R$ 46,R$ 230
10027,"sábado, 16 de julho de 2022",5643,12,5,R$ 46,R$ 230
10110,"segunda-feira, 18 de julho de 2022",4504,12,5,R$ 46,R$ 230
10127,"terça-feira, 19 de julho de 2022",3802,12,5,R$ 46,R$ 230
10179,"quinta-feira, 21 de julho de 2022",8902,12,5,R$ 46,R$ 230
10198,"quinta-feira, 21 de julho de 2022",8474,12,5,R$ 46,R$ 230
10323,"quarta-feira, 27 de julho de 2022",9620,12,5,R$ 46,R$ 230
10372,"sexta-feira, 29 de julho de 2022",5333,12,5,R$ 46,R$ 230
10426,"domingo, 31 de julho de 2022",1811,12,5,R$ 46,R$ 230
10688,"quarta-feira, 10 de agosto de 2022",9610,12,5,R$ 46,R$ 230
10713,"quinta-feira, 11 de agosto de 2022",4120,12,5,R$ 46,R$ 230
11028,"terça-feira, 23 de agosto de 2022",6713,12,5,R$ 46,R$ 230
11099,"quinta-feira, 25 de agosto de 2022",9115,12,5,R$ 46,R$ 230
11301,"sexta-feira, 2 de setembro de 2022",7182,12,5,R$ 46,R$ 230
11307,"sábado, 3 de setembro de 2022",6010,12,5,R$ 46,R$ 230
11345,"domingo, 4 de setembro de 2022",6227,12,5,R$ 46,R$ 230
11363,"segunda-feira, 5 de setembro de 2022",9606,12,5,R$ 46,R$ 230
11506,"sábado, 10 de setembro de 2022",6948,12,5,R$ 46,R$ 230
11597,"terça-feira, 13 de setembro de 2022",6847,12,5,R$ 46,R$ 230
11736,"segunda-feira, 19 de setembro de 2022",4246,12,5,R$ 46,R$ 230
11878,"sexta-feira, 23 de setembro de 2022",2519,12,5,R$ 46,R$ 230
12003,"terça-feira, 27 de setembro de 2022",10083,12,5,R$ 46,R$ 230
12063,"quinta-feira, 29 de setembro de 2022",7261,12,5,R$ 46,R$ 230
12110,"sábado, 1 de outubro de 2022",3748,12,5,R$ 46,R$ 230
12146,"segunda-feira, 3 de outubro de 2022",6847,12,5,R$ 46,R$ 230
12190,"quarta-feira, 5 de outubro de 2022",3980,12,5,R$ 46,R$ 230
12269,"sábado, 8 de outubro de 2022",3747,12,5,R$ 46,R$ 230
12490,"domingo, 16 de outubro de 2022",5536,12,5,R$ 46,R$ 230
12511,"domingo, 16 de outubro de 2022",547,12,5,R$ 46,R$ 230
12609,"quinta-feira, 20 de outubro de 2022",5379,12,5,R$ 46,R$ 230
12788,"quarta-feira, 26 de outubro de 2022",4061,12,5,R$ 46,R$ 230
12950,"terça-feira, 1 de novembro de 2022",9130,12,5,R$ 46,R$ 230
13027,"quinta-feira, 3 de novembro de 2022",2023,12,5,R$ 46,R$ 230
13042,"sexta-feira, 4 de novembro de 2022",5143,12,5,R$ 46,R$ 230
13144,"terça-feira, 8 de novembro de 2022",924,12,5,R$ 46,R$ 230
13148,"terça-feira, 8 de novembro de 2022",4285,12,5,R$ 46,R$ 230
13163,"terça-feira, 8 de novembro de 2022",8302,12,5,R$ 46,R$ 230
13350,"segunda-feira, 14 de novembro de 2022",7896,12,5,R$ 46,R$ 230
13411,"quinta-feira, 17 de novembro de 2022",6047,12,5,R$ 46,R$ 230
13826,"segunda-feira, 5 de dezembro de 2022",2381,12,5,R$ 46,R$ 230
13857,"quinta-feira, 8 de dezembro de 2022",486,12,5,R$ 46,R$ 230
14059,"sábado, 31 de dezembro de 2022",3656,12,5,R$ 46,R$ 230
12,"quarta-feira, 30 de dezembro de 2020",3097,9,5,R$ 30,R$ 150
28,"sexta-feira, 15 de janeiro de 2021",5801,9,5,R$ 30,R$ 150
149,"segunda-feira, 18 de janeiro de 2021",8452,9,5,R$ 30,R$ 150
161,"terça-feira, 19 de janeiro de 2021",4727,9,5,R$ 30,R$ 150
330,"quarta-feira, 3 de fevereiro de 2021",190,9,5,R$ 30,R$ 150
494,"quarta-feira, 17 de fevereiro de 2021",6442,9,5,R$ 30,R$ 150
523,"sexta-feira, 19 de fevereiro de 2021",10102,9,5,R$ 30,R$ 150
531,"sexta-feira, 19 de fevereiro de 2021",5526,9,5,R$ 30,R$ 150
580,"quarta-feira, 24 de fevereiro de 2021",8367,9,5,R$ 30,R$ 150
652,"segunda-feira, 1 de março de 2021",4351,9,5,R$ 30,R$ 150
674,"quarta-feira, 3 de março de 2021",8111,9,5,R$ 30,R$ 150
695,"quinta-feira, 4 de março de 2021",1310,9,5,R$ 30,R$ 150
699,"quinta-feira, 4 de março de 2021",1682,9,5,R$ 30,R$ 150
804,"sexta-feira, 12 de março de 2021",9313,9,5,R$ 30,R$ 150
900,"quinta-feira, 18 de março de 2021",1821,9,5,R$ 30,R$ 150
925,"sexta-feira, 19 de março de 2021",991,9,5,R$ 30,R$ 150
1018,"sexta-feira, 26 de março de 2021",7470,9,5,R$ 30,R$ 150
1030,"sábado, 27 de março de 2021",9524,9,5,R$ 30,R$ 150
1508,"quarta-feira, 28 de abril de 2021",2682,9,5,R$ 30,R$ 150
1618,"quinta-feira, 6 de maio de 2021",4527,9,5,R$ 30,R$ 150
1720,"sábado, 15 de maio de 2021",7655,9,5,R$ 30,R$ 150
1813,"sábado, 22 de maio de 2021",9145,9,5,R$ 30,R$ 150
2087,"terça-feira, 15 de junho de 2021",8864,9,5,R$ 30,R$ 150
2120,"quinta-feira, 17 de junho de 2021",1813,9,5,R$ 30,R$ 150
2132,"sexta-feira, 18 de junho de 2021",4118,9,5,R$ 30,R$ 150
2163,"segunda-feira, 21 de junho de 2021",3693,9,5,R$ 30,R$ 150
2169,"segunda-feira, 21 de junho de 2021",2742,9,5,R$ 30,R$ 150
2331,"domingo, 4 de julho de 2021",6710,9,5,R$ 30,R$ 150
2348,"terça-feira, 6 de julho de 2021",690,9,5,R$ 30,R$ 150
2357,"quarta-feira, 7 de julho de 2021",8275,9,5,R$ 30,R$ 150
2361,"quarta-feira, 7 de julho de 2021",4562,9,5,R$ 30,R$ 150
2393,"domingo, 11 de julho de 2021",8841,9,5,R$ 30,R$ 150
2419,"segunda-feira, 12 de julho de 2021",3539,9,5,R$ 30,R$ 150
2535,"quarta-feira, 21 de julho de 2021",2377,9,5,R$ 30,R$ 150
2540,"quarta-feira, 21 de julho de 2021",9040,9,5,R$ 30,R$ 150
2605,"terça-feira, 27 de julho de 2021",5592,9,5,R$ 30,R$ 150
2667,"domingo, 1 de agosto de 2021",1490,9,5,R$ 30,R$ 150
2730,"sexta-feira, 6 de agosto de 2021",2313,9,5,R$ 30,R$ 150
2752,"domingo, 8 de agosto de 2021",10104,9,5,R$ 30,R$ 150
2774,"segunda-feira, 9 de agosto de 2021",5088,9,5,R$ 30,R$ 150
2865,"terça-feira, 17 de agosto de 2021",9510,9,5,R$ 30,R$ 150
3091,"domingo, 5 de setembro de 2021",5744,9,5,R$ 30,R$ 150
3110,"segunda-feira, 6 de setembro de 2021",4875,9,5,R$ 30,R$ 150
3125,"terça-feira, 7 de setembro de 2021",7862,9,5,R$ 30,R$ 150
3136,"quinta-feira, 9 de setembro de 2021",1415,9,5,R$ 30,R$ 150
3255,"sábado, 18 de setembro de 2021",10243,9,5,R$ 30,R$ 150
3268,"domingo, 19 de setembro de 2021",240,9,5,R$ 30,R$ 150
3344,"segunda-feira, 27 de setembro de 2021",7841,9,5,R$ 30,R$ 150
3463,"terça-feira, 5 de outubro de 2021",5923,9,5,R$ 30,R$ 150
3547,"segunda-feira, 11 de outubro de 2021",361,9,5,R$ 30,R$ 150
3561,"quarta-feira, 13 de outubro de 2021",7980,9,5,R$ 30,R$ 150
3675,"sábado, 23 de outubro de 2021",9223,9,5,R$ 30,R$ 150
3768,"sábado, 30 de outubro de 2021",7457,9,5,R$ 30,R$ 150
3815,"quarta-feira, 3 de novembro de 2021",4527,9,5,R$ 30,R$ 150
4148,"sábado, 27 de novembro de 2021",9795,9,5,R$ 30,R$ 150
4177,"terça-feira, 30 de novembro de 2021",7920,9,5,R$ 30,R$ 150
4179,"terça-feira, 30 de novembro de 2021",158,9,5,R$ 30,R$ 150
4182,"terça-feira, 30 de novembro de 2021",8146,9,5,R$ 30,R$ 150
4215,"quinta-feira, 2 de dezembro de 2021",4004,9,5,R$ 30,R$ 150
4236,"sexta-feira, 3 de dezembro de 2021",5760,9,5,R$ 30,R$ 150
4316,"quarta-feira, 8 de dezembro de 2021",221,9,5,R$ 30,R$ 150
4327,"sexta-feira, 10 de dezembro de 2021",4909,9,5,R$ 30,R$ 150
4370,"domingo, 12 de dezembro de 2021",9047,9,5,R$ 30,R$ 150
4485,"domingo, 19 de dezembro de 2021",10065,9,5,R$ 30,R$ 150
4543,"quarta-feira, 22 de dezembro de 2021",5542,9,5,R$ 30,R$ 150
4738,"sábado, 1 de janeiro de 2022",3692,9,5,R$ 30,R$ 150
4789,"segunda-feira, 3 de janeiro de 2022",4486,9,5,R$ 30,R$ 150
4857,"quinta-feira, 6 de janeiro de 2022",1576,9,5,R$ 30,R$ 150
4879,"sexta-feira, 7 de janeiro de 2022",8153,9,5,R$ 30,R$ 150
4969,"terça-feira, 11 de janeiro de 2022",4731,9,5,R$ 30,R$ 150
5018,"quinta-feira, 13 de janeiro de 2022",2862,9,5,R$ 30,R$ 150
5070,"sábado, 15 de janeiro de 2022",9679,9,5,R$ 30,R$ 150
5108,"domingo, 16 de janeiro de 2022",767,9,5,R$ 30,R$ 150
5226,"sexta-feira, 21 de janeiro de 2022",3108,9,5,R$ 30,R$ 150
5329,"terça-feira, 25 de janeiro de 2022",9189,9,5,R$ 30,R$ 150
5483,"segunda-feira, 31 de janeiro de 2022",8061,9,5,R$ 30,R$ 150
5491,"segunda-feira, 31 de janeiro de 2022",3560,9,5,R$ 30,R$ 150
5493,"terça-feira, 1 de fevereiro de 2022",3233,9,5,R$ 30,R$ 150
5597,"sexta-feira, 4 de fevereiro de 2022",10225,9,5,R$ 30,R$ 150
5660,"domingo, 6 de fevereiro de 2022",5933,9,5,R$ 30,R$ 150
5692,"segunda-feira, 7 de fevereiro de 2022",6239,9,5,R$ 30,R$ 150
5734,"quarta-feira, 9 de fevereiro de 2022",7190,9,5,R$ 30,R$ 150
5799,"sexta-feira, 11 de fevereiro de 2022",9101,9,5,R$ 30,R$ 150
5985,"quinta-feira, 17 de fevereiro de 2022",7292,9,5,R$ 30,R$ 150
6001,"sexta-feira, 18 de fevereiro de 2022",6714,9,5,R$ 30,R$ 150
6065,"domingo, 20 de fevereiro de 2022",4021,9,5,R$ 30,R$ 150
6193,"quinta-feira, 24 de fevereiro de 2022",780,9,5,R$ 30,R$ 150
6283,"domingo, 27 de fevereiro de 2022",4541,9,5,R$ 30,R$ 150
6286,"segunda-feira, 28 de fevereiro de 2022",4285,9,5,R$ 30,R$ 150
6416,"sábado, 5 de março de 2022",8180,9,5,R$ 30,R$ 150
6442,"sábado, 5 de março de 2022",3250,9,5,R$ 30,R$ 150
6478,"segunda-feira, 7 de março de 2022",6533,9,5,R$ 30,R$ 150
6626,"domingo, 13 de março de 2022",7893,9,5,R$ 30,R$ 150
6676,"terça-feira, 15 de março de 2022",8708,9,5,R$ 30,R$ 150
6683,"terça-feira, 15 de março de 2022",1763,9,5,R$ 30,R$ 150
6777,"sábado, 19 de março de 2022",5555,9,5,R$ 30,R$ 150
6962,"sábado, 26 de março de 2022",741,9,5,R$ 30,R$ 150
7006,"segunda-feira, 28 de março de 2022",6808,9,5,R$ 30,R$ 150
7076,"quarta-feira, 30 de março de 2022",8697,9,5,R$ 30,R$ 150
7119,"quinta-feira, 31 de março de 2022",4386,9,5,R$ 30,R$ 150
7254,"quarta-feira, 6 de abril de 2022",2070,9,5,R$ 30,R$ 150
7268,"quinta-feira, 7 de abril de 2022",4626,9,5,R$ 30,R$ 150
7294,"quinta-feira, 7 de abril de 2022",1377,9,5,R$ 30,R$ 150
7512,"sábado, 16 de abril de 2022",4477,9,5,R$ 30,R$ 150
7607,"terça-feira, 19 de abril de 2022",1053,9,5,R$ 30,R$ 150
7782,"segunda-feira, 25 de abril de 2022",1330,9,5,R$ 30,R$ 150
7850,"quinta-feira, 28 de abril de 2022",1862,9,5,R$ 30,R$ 150
7936,"domingo, 1 de maio de 2022",9871,9,5,R$ 30,R$ 150
8007,"quarta-feira, 4 de maio de 2022",7713,9,5,R$ 30,R$ 150
8047,"quinta-feira, 5 de maio de 2022",7263,9,5,R$ 30,R$ 150
8073,"sexta-feira, 6 de maio de 2022",9726,9,5,R$ 30,R$ 150
8122,"sábado, 7 de maio de 2022",322,9,5,R$ 30,R$ 150
8146,"domingo, 8 de maio de 2022",10113,9,5,R$ 30,R$ 150
8180,"segunda-feira, 9 de maio de 2022",1038,9,5,R$ 30,R$ 150
8191,"terça-feira, 10 de maio de 2022",1593,9,5,R$ 30,R$ 150
8207,"terça-feira, 10 de maio de 2022",3280,9,5,R$ 30,R$ 150
8223,"quarta-feira, 11 de maio de 2022",7997,9,5,R$ 30,R$ 150
8255,"quinta-feira, 12 de maio de 2022",5089,9,5,R$ 30,R$ 150
8330,"domingo, 15 de maio de 2022",8363,9,5,R$ 30,R$ 150
8390,"quarta-feira, 18 de maio de 2022",8667,9,5,R$ 30,R$ 150
8484,"sábado, 21 de maio de 2022",2063,9,5,R$ 30,R$ 150
8487,"sábado, 21 de maio de 2022",7793,9,5,R$ 30,R$ 150
8494,"sábado, 21 de maio de 2022",8709,9,5,R$ 30,R$ 150
8557,"segunda-feira, 23 de maio de 2022",6559,9,5,R$ 30,R$ 150
8598,"quarta-feira, 25 de maio de 2022",6912,9,5,R$ 30,R$ 150
8650,"sexta-feira, 27 de maio de 2022",3366,9,5,R$ 30,R$ 150
8901,"domingo, 5 de junho de 2022",8063,9,5,R$ 30,R$ 150
8924,"segunda-feira, 6 de junho de 2022",1430,9,5,R$ 30,R$ 150
8946,"segunda-feira, 6 de junho de 2022",4043,9,5,R$ 30,R$ 150
9050,"sexta-feira, 10 de junho de 2022",1572,9,5,R$ 30,R$ 150
9203,"quinta-feira, 16 de junho de 2022",7069,9,5,R$ 30,R$ 150
9289,"domingo, 19 de junho de 2022",7832,9,5,R$ 30,R$ 150
9294,"domingo, 19 de junho de 2022",3979,9,5,R$ 30,R$ 150
9299,"segunda-feira, 20 de junho de 2022",6944,9,5,R$ 30,R$ 150
9521,"terça-feira, 28 de junho de 2022",4803,9,5,R$ 30,R$ 150
9550,"quarta-feira, 29 de junho de 2022",2998,9,5,R$ 30,R$ 150
9679,"segunda-feira, 4 de julho de 2022",8333,9,5,R$ 30,R$ 150
9692,"segunda-feira, 4 de julho de 2022",1325,9,5,R$ 30,R$ 150
9775,"quinta-feira, 7 de julho de 2022",9790,9,5,R$ 30,R$ 150
10141,"terça-feira, 19 de julho de 2022",2479,9,5,R$ 30,R$ 150
10155,"quarta-feira, 20 de julho de 2022",7862,9,5,R$ 30,R$ 150
10240,"domingo, 24 de julho de 2022",4932,9,5,R$ 30,R$ 150
10274,"segunda-feira, 25 de julho de 2022",2393,9,5,R$ 30,R$ 150
10277,"segunda-feira, 25 de julho de 2022",5210,9,5,R$ 30,R$ 150
10278,"segunda-feira, 25 de julho de 2022",7166,9,5,R$ 30,R$ 150
10491,"terça-feira, 2 de agosto de 2022",5877,9,5,R$ 30,R$ 150
10628,"segunda-feira, 8 de agosto de 2022",6571,9,5,R$ 30,R$ 150
10933,"sexta-feira, 19 de agosto de 2022",3753,9,5,R$ 30,R$ 150
10971,"sábado, 20 de agosto de 2022",5345,9,5,R$ 30,R$ 150
11034,"terça-feira, 23 de agosto de 2022",9500,9,5,R$ 30,R$ 150
11060,"quarta-feira, 24 de agosto de 2022",2111,9,5,R$ 30,R$ 150
11098,"quinta-feira, 25 de agosto de 2022",8337,9,5,R$ 30,R$ 150
11156,"domingo, 28 de agosto de 2022",8870,9,5,R$ 30,R$ 150
11291,"sexta-feira, 2 de setembro de 2022",366,9,5,R$ 30,R$ 150
11440,"quinta-feira, 8 de setembro de 2022",4953,9,5,R$ 30,R$ 150
11468,"sexta-feira, 9 de setembro de 2022",6499,9,5,R$ 30,R$ 150
11503,"sábado, 10 de setembro de 2022",1125,9,5,R$ 30,R$ 150
11572,"segunda-feira, 12 de setembro de 2022",1352,9,5,R$ 30,R$ 150
11750,"segunda-feira, 19 de setembro de 2022",272,9,5,R$ 30,R$ 150
11785,"terça-feira, 20 de setembro de 2022",5740,9,5,R$ 30,R$ 150
11912,"sábado, 24 de setembro de 2022",5512,9,5,R$ 30,R$ 150
11992,"terça-feira, 27 de setembro de 2022",5143,9,5,R$ 30,R$ 150
12031,"quarta-feira, 28 de setembro de 2022",8363,9,5,R$ 30,R$ 150
12240,"sexta-feira, 7 de outubro de 2022",1654,9,5,R$ 30,R$ 150
12386,"quarta-feira, 12 de outubro de 2022",3864,9,5,R$ 30,R$ 150
12470,"sábado, 15 de outubro de 2022",2947,9,5,R$ 30,R$ 150
12621,"quinta-feira, 20 de outubro de 2022",9743,9,5,R$ 30,R$ 150
12664,"sábado, 22 de outubro de 2022",7519,9,5,R$ 30,R$ 150
12784,"quarta-feira, 26 de outubro de 2022",3329,9,5,R$ 30,R$ 150
12791,"quarta-feira, 26 de outubro de 2022",9291,9,5,R$ 30,R$ 150
12814,"quinta-feira, 27 de outubro de 2022",3939,9,5,R$ 30,R$ 150
12979,"quarta-feira, 2 de novembro de 2022",1718,9,5,R$ 30,R$ 150
13041,"sexta-feira, 4 de novembro de 2022",3068,9,5,R$ 30,R$ 150
13191,"quarta-feira, 9 de novembro de 2022",5318,9,5,R$ 30,R$ 150
13194,"quinta-feira, 10 de novembro de 2022",9,9,5,R$ 30,R$ 150
13300,"domingo, 13 de novembro de 2022",7283,9,5,R$ 30,R$ 150
13313,"domingo, 13 de novembro de 2022",9086,9,5,R$ 30,R$ 150
13464,"sábado, 19 de novembro de 2022",7599,9,5,R$ 30,R$ 150
13468,"sábado, 19 de novembro de 2022",6702,9,5,R$ 30,R$ 150
13473,"domingo, 20 de novembro de 2022",4838,9,5,R$ 30,R$ 150
13692,"terça-feira, 29 de novembro de 2022",5740,9,5,R$ 30,R$ 150
13701,"terça-feira, 29 de novembro de 2022",7523,9,5,R$ 30,R$ 150
13734,"quarta-feira, 30 de novembro de 2022",3025,9,5,R$ 30,R$ 150
13783,"sábado, 3 de dezembro de 2022",9775,9,5,R$ 30,R$ 150
13802,"sábado, 3 de dezembro de 2022",3589,9,5,R$ 30,R$ 150
13904,"sábado, 10 de dezembro de 2022",3602,9,5,R$ 30,R$ 150
13963,"sexta-feira, 16 de dezembro de 2022",4670,9,5,R$ 30,R$ 150
13990,"segunda-feira, 19 de dezembro de 2022",1297,9,5,R$ 30,R$ 150
54,"segunda-feira, 4 de janeiro de 2021",10026,6,5,R$ 20,R$ 100
67,"quinta-feira, 7 de janeiro de 2021",760,6,5,R$ 20,R$ 100
234,"quarta-feira, 27 de janeiro de 2021",10161,6,5,R$ 20,R$ 100
275,"sábado, 30 de janeiro de 2021",9469,6,5,R$ 20,R$ 100
278,"sábado, 30 de janeiro de 2021",378,6,5,R$ 20,R$ 100
362,"sexta-feira, 5 de fevereiro de 2021",4268,6,5,R$ 20,R$ 100
453,"sábado, 13 de fevereiro de 2021",2254,6,5,R$ 20,R$ 100
564,"terça-feira, 23 de fevereiro de 2021",5341,6,5,R$ 20,R$ 100
577,"quarta-feira, 24 de fevereiro de 2021",8737,6,5,R$ 20,R$ 100
848,"domingo, 14 de março de 2021",77,6,5,R$ 20,R$ 100
937,"sábado, 20 de março de 2021",30,6,5,R$ 20,R$ 100
1016,"sexta-feira, 26 de março de 2021",7702,6,5,R$ 20,R$ 100
1077,"terça-feira, 30 de março de 2021",5295,6,5,R$ 20,R$ 100
1099,"quarta-feira, 31 de março de 2021",5101,6,5,R$ 20,R$ 100
1112,"quinta-feira, 1 de abril de 2021",5824,6,5,R$ 20,R$ 100
1216,"sexta-feira, 9 de abril de 2021",7832,6,5,R$ 20,R$ 100
1260,"segunda-feira, 12 de abril de 2021",1991,6,5,R$ 20,R$ 100
1293,"quarta-feira, 14 de abril de 2021",6003,6,5,R$ 20,R$ 100
1386,"terça-feira, 20 de abril de 2021",6163,6,5,R$ 20,R$ 100
1423,"quinta-feira, 22 de abril de 2021",9331,6,5,R$ 20,R$ 100
1697,"quarta-feira, 12 de maio de 2021",8653,6,5,R$ 20,R$ 100
1760,"terça-feira, 18 de maio de 2021",3098,6,5,R$ 20,R$ 100
1912,"domingo, 30 de maio de 2021",3010,6,5,R$ 20,R$ 100
1943,"terça-feira, 1 de junho de 2021",5407,6,5,R$ 20,R$ 100
2008,"domingo, 6 de junho de 2021",432,6,5,R$ 20,R$ 100
2078,"segunda-feira, 14 de junho de 2021",9759,6,5,R$ 20,R$ 100
2156,"domingo, 20 de junho de 2021",7702,6,5,R$ 20,R$ 100
2217,"quinta-feira, 24 de junho de 2021",9461,6,5,R$ 20,R$ 100
2221,"sexta-feira, 25 de junho de 2021",9898,6,5,R$ 20,R$ 100
2224,"sexta-feira, 25 de junho de 2021",6367,6,5,R$ 20,R$ 100
2255,"segunda-feira, 28 de junho de 2021",9797,6,5,R$ 20,R$ 100
2261,"segunda-feira, 28 de junho de 2021",2863,6,5,R$ 20,R$ 100
2271,"terça-feira, 29 de junho de 2021",10210,6,5,R$ 20,R$ 100
2319,"sábado, 3 de julho de 2021",4397,6,5,R$ 20,R$ 100
2396,"domingo, 11 de julho de 2021",8777,6,5,R$ 20,R$ 100
2405,"domingo, 11 de julho de 2021",6284,6,5,R$ 20,R$ 100
2465,"sexta-feira, 16 de julho de 2021",2065,6,5,R$ 20,R$ 100
2568,"sábado, 24 de julho de 2021",6348,6,5,R$ 20,R$ 100
2672,"domingo, 1 de agosto de 2021",6253,6,5,R$ 20,R$ 100
2765,"segunda-feira, 9 de agosto de 2021",6261,6,5,R$ 20,R$ 100
2839,"domingo, 15 de agosto de 2021",3100,6,5,R$ 20,R$ 100
2931,"domingo, 22 de agosto de 2021",1468,6,5,R$ 20,R$ 100
3035,"terça-feira, 31 de agosto de 2021",5944,6,5,R$ 20,R$ 100
3157,"sábado, 11 de setembro de 2021",1049,6,5,R$ 20,R$ 100
3206,"terça-feira, 14 de setembro de 2021",1205,6,5,R$ 20,R$ 100
3292,"terça-feira, 21 de setembro de 2021",7056,6,5,R$ 20,R$ 100
3297,"quarta-feira, 22 de setembro de 2021",8541,6,5,R$ 20,R$ 100
3392,"sexta-feira, 1 de outubro de 2021",4868,6,5,R$ 20,R$ 100
3400,"sábado, 2 de outubro de 2021",9129,6,5,R$ 20,R$ 100
3437,"segunda-feira, 4 de outubro de 2021",2077,6,5,R$ 20,R$ 100
3448,"segunda-feira, 4 de outubro de 2021",5174,6,5,R$ 20,R$ 100
3453,"terça-feira, 5 de outubro de 2021",4030,6,5,R$ 20,R$ 100
3612,"domingo, 17 de outubro de 2021",3873,6,5,R$ 20,R$ 100
3628,"terça-feira, 19 de outubro de 2021",378,6,5,R$ 20,R$ 100
3631,"terça-feira, 19 de outubro de 2021",187,6,5,R$ 20,R$ 100
3696,"segunda-feira, 25 de outubro de 2021",4364,6,5,R$ 20,R$ 100
3704,"terça-feira, 26 de outubro de 2021",8619,6,5,R$ 20,R$ 100
3715,"quarta-feira, 27 de outubro de 2021",1798,6,5,R$ 20,R$ 100
3741,"sexta-feira, 29 de outubro de 2021",274,6,5,R$ 20,R$ 100
3810,"quarta-feira, 3 de novembro de 2021",9169,6,5,R$ 20,R$ 100
3839,"quinta-feira, 4 de novembro de 2021",9631,6,5,R$ 20,R$ 100
3847,"sexta-feira, 5 de novembro de 2021",571,6,5,R$ 20,R$ 100
3860,"sábado, 6 de novembro de 2021",8477,6,5,R$ 20,R$ 100
3874,"domingo, 7 de novembro de 2021",1890,6,5,R$ 20,R$ 100
3875,"domingo, 7 de novembro de 2021",8511,6,5,R$ 20,R$ 100
4020,"quinta-feira, 18 de novembro de 2021",9125,6,5,R$ 20,R$ 100
4055,"domingo, 21 de novembro de 2021",1297,6,5,R$ 20,R$ 100
4069,"segunda-feira, 22 de novembro de 2021",621,6,5,R$ 20,R$ 100
4217,"quinta-feira, 2 de dezembro de 2021",9668,6,5,R$ 20,R$ 100
4308,"quarta-feira, 8 de dezembro de 2021",8682,6,5,R$ 20,R$ 100
4361,"sábado, 11 de dezembro de 2021",3418,6,5,R$ 20,R$ 100
4454,"sexta-feira, 17 de dezembro de 2021",4566,6,5,R$ 20,R$ 100
4471,"sábado, 18 de dezembro de 2021",4490,6,5,R$ 20,R$ 100
4483,"domingo, 19 de dezembro de 2021",2335,6,5,R$ 20,R$ 100
4539,"quarta-feira, 22 de dezembro de 2021",2747,6,5,R$ 20,R$ 100
4734,"sábado, 1 de janeiro de 2022",2246,6,5,R$ 20,R$ 100
5030,"quinta-feira, 13 de janeiro de 2022",1882,6,5,R$ 20,R$ 100
5217,"quinta-feira, 20 de janeiro de 2022",6193,6,5,R$ 20,R$ 100
5298,"segunda-feira, 24 de janeiro de 2022",1928,6,5,R$ 20,R$ 100
5352,"quarta-feira, 26 de janeiro de 2022",3218,6,5,R$ 20,R$ 100
5387,"quinta-feira, 27 de janeiro de 2022",3560,6,5,R$ 20,R$ 100
5418,"sábado, 29 de janeiro de 2022",4070,6,5,R$ 20,R$ 100
5540,"quarta-feira, 2 de fevereiro de 2022",2201,6,5,R$ 20,R$ 100
5544,"quarta-feira, 2 de fevereiro de 2022",2176,6,5,R$ 20,R$ 100
5710,"terça-feira, 8 de fevereiro de 2022",905,6,5,R$ 20,R$ 100
5718,"terça-feira, 8 de fevereiro de 2022",2750,6,5,R$ 20,R$ 100
5893,"segunda-feira, 14 de fevereiro de 2022",2698,6,5,R$ 20,R$ 100
5941,"quarta-feira, 16 de fevereiro de 2022",5778,6,5,R$ 20,R$ 100
6012,"sábado, 19 de fevereiro de 2022",2373,6,5,R$ 20,R$ 100
6118,"terça-feira, 22 de fevereiro de 2022",9885,6,5,R$ 20,R$ 100
6225,"sábado, 26 de fevereiro de 2022",3025,6,5,R$ 20,R$ 100
6257,"domingo, 27 de fevereiro de 2022",4068,6,5,R$ 20,R$ 100
6597,"sexta-feira, 11 de março de 2022",4938,6,5,R$ 20,R$ 100
6604,"sábado, 12 de março de 2022",272,6,5,R$ 20,R$ 100
6788,"sábado, 19 de março de 2022",9143,6,5,R$ 20,R$ 100
6835,"segunda-feira, 21 de março de 2022",7842,6,5,R$ 20,R$ 100
6888,"quarta-feira, 23 de março de 2022",5144,6,5,R$ 20,R$ 100
6949,"sábado, 26 de março de 2022",4068,6,5,R$ 20,R$ 100
7031,"segunda-feira, 28 de março de 2022",6608,6,5,R$ 20,R$ 100
7062,"quarta-feira, 30 de março de 2022",7121,6,5,R$ 20,R$ 100
7141,"sexta-feira, 1 de abril de 2022",1731,6,5,R$ 20,R$ 100
7200,"segunda-feira, 4 de abril de 2022",8815,6,5,R$ 20,R$ 100
7207,"segunda-feira, 4 de abril de 2022",5427,6,5,R$ 20,R$ 100
7230,"terça-feira, 5 de abril de 2022",2500,6,5,R$ 20,R$ 100
7251,"quarta-feira, 6 de abril de 2022",8351,6,5,R$ 20,R$ 100
7267,"quarta-feira, 6 de abril de 2022",3961,6,5,R$ 20,R$ 100
7289,"quinta-feira, 7 de abril de 2022",8267,6,5,R$ 20,R$ 100
7351,"sábado, 9 de abril de 2022",4718,6,5,R$ 20,R$ 100
7456,"quarta-feira, 13 de abril de 2022",6531,6,5,R$ 20,R$ 100
7484,"sexta-feira, 15 de abril de 2022",9842,6,5,R$ 20,R$ 100
7571,"segunda-feira, 18 de abril de 2022",4170,6,5,R$ 20,R$ 100
7641,"quarta-feira, 20 de abril de 2022",4556,6,5,R$ 20,R$ 100
7720,"sábado, 23 de abril de 2022",978,6,5,R$ 20,R$ 100
7727,"sábado, 23 de abril de 2022",60,6,5,R$ 20,R$ 100
7781,"segunda-feira, 25 de abril de 2022",5712,6,5,R$ 20,R$ 100
7869,"sexta-feira, 29 de abril de 2022",4256,6,5,R$ 20,R$ 100
7898,"sexta-feira, 29 de abril de 2022",4397,6,5,R$ 20,R$ 100
7922,"sábado, 30 de abril de 2022",8915,6,5,R$ 20,R$ 100
7985,"terça-feira, 3 de maio de 2022",4853,6,5,R$ 20,R$ 100
8010,"quarta-feira, 4 de maio de 2022",838,6,5,R$ 20,R$ 100
8205,"terça-feira, 10 de maio de 2022",5106,6,5,R$ 20,R$ 100
8394,"quarta-feira, 18 de maio de 2022",59,6,5,R$ 20,R$ 100
8442,"sexta-feira, 20 de maio de 2022",1990,6,5,R$ 20,R$ 100
8476,"sábado, 21 de maio de 2022",9919,6,5,R$ 20,R$ 100
8692,"sábado, 28 de maio de 2022",9383,6,5,R$ 20,R$ 100
8731,"domingo, 29 de maio de 2022",423,6,5,R$ 20,R$ 100
8761,"terça-feira, 31 de maio de 2022",5909,6,5,R$ 20,R$ 100
8905,"domingo, 5 de junho de 2022",6508,6,5,R$ 20,R$ 100
9018,"quinta-feira, 9 de junho de 2022",7056,6,5,R$ 20,R$ 100
9032,"quinta-feira, 9 de junho de 2022",2449,6,5,R$ 20,R$ 100
9158,"terça-feira, 14 de junho de 2022",6002,6,5,R$ 20,R$ 100
9179,"quarta-feira, 15 de junho de 2022",3233,6,5,R$ 20,R$ 100
9304,"segunda-feira, 20 de junho de 2022",7471,6,5,R$ 20,R$ 100
9403,"quinta-feira, 23 de junho de 2022",1567,6,5,R$ 20,R$ 100
9404,"quinta-feira, 23 de junho de 2022",3238,6,5,R$ 20,R$ 100
9441,"sábado, 25 de junho de 2022",1571,6,5,R$ 20,R$ 100
9487,"segunda-feira, 27 de junho de 2022",1050,6,5,R$ 20,R$ 100
9539,"quarta-feira, 29 de junho de 2022",248,6,5,R$ 20,R$ 100
9544,"quarta-feira, 29 de junho de 2022",5891,6,5,R$ 20,R$ 100
9703,"terça-feira, 5 de julho de 2022",3397,6,5,R$ 20,R$ 100
9857,"domingo, 10 de julho de 2022",9684,6,5,R$ 20,R$ 100
9861,"domingo, 10 de julho de 2022",6367,6,5,R$ 20,R$ 100
9878,"segunda-feira, 11 de julho de 2022",4397,6,5,R$ 20,R$ 100
9928,"quarta-feira, 13 de julho de 2022",2384,6,5,R$ 20,R$ 100
10020,"sexta-feira, 15 de julho de 2022",9844,6,5,R$ 20,R$ 100
10122,"terça-feira, 19 de julho de 2022",8040,6,5,R$ 20,R$ 100
10226,"sábado, 23 de julho de 2022",4174,6,5,R$ 20,R$ 100
10297,"terça-feira, 26 de julho de 2022",9013,6,5,R$ 20,R$ 100
10540,"quinta-feira, 4 de agosto de 2022",1432,6,5,R$ 20,R$ 100
10695,"quarta-feira, 10 de agosto de 2022",6536,6,5,R$ 20,R$ 100
10704,"quinta-feira, 11 de agosto de 2022",62,6,5,R$ 20,R$ 100
10738,"sexta-feira, 12 de agosto de 2022",2271,6,5,R$ 20,R$ 100
10750,"sexta-feira, 12 de agosto de 2022",6361,6,5,R$ 20,R$ 100
11122,"sexta-feira, 26 de agosto de 2022",5952,6,5,R$ 20,R$ 100
11133,"sábado, 27 de agosto de 2022",225,6,5,R$ 20,R$ 100
11217,"terça-feira, 30 de agosto de 2022",8599,6,5,R$ 20,R$ 100
11474,"sexta-feira, 9 de setembro de 2022",3692,6,5,R$ 20,R$ 100
11743,"segunda-feira, 19 de setembro de 2022",3584,6,5,R$ 20,R$ 100
11866,"sexta-feira, 23 de setembro de 2022",9092,6,5,R$ 20,R$ 100
11887,"sexta-feira, 23 de setembro de 2022",3879,6,5,R$ 20,R$ 100
11995,"terça-feira, 27 de setembro de 2022",1056,6,5,R$ 20,R$ 100
12042,"quinta-feira, 29 de setembro de 2022",3725,6,5,R$ 20,R$ 100
12059,"quinta-feira, 29 de setembro de 2022",1533,6,5,R$ 20,R$ 100
12085,"sábado, 1 de outubro de 2022",4985,6,5,R$ 20,R$ 100
12262,"sexta-feira, 7 de outubro de 2022",8767,6,5,R$ 20,R$ 100
12467,"sábado, 15 de outubro de 2022",739,6,5,R$ 20,R$ 100
12594,"quinta-feira, 20 de outubro de 2022",4118,6,5,R$ 20,R$ 100
12617,"quinta-feira, 20 de outubro de 2022",10192,6,5,R$ 20,R$ 100
12629,"sexta-feira, 21 de outubro de 2022",5053,6,5,R$ 20,R$ 100
12639,"sexta-feira, 21 de outubro de 2022",1284,6,5,R$ 20,R$ 100
12690,"domingo, 23 de outubro de 2022",7221,6,5,R$ 20,R$ 100
12857,"sexta-feira, 28 de outubro de 2022",4497,6,5,R$ 20,R$ 100
12862,"sábado, 29 de outubro de 2022",2065,6,5,R$ 20,R$ 100
12884,"domingo, 30 de outubro de 2022",3539,6,5,R$ 20,R$ 100
12895,"domingo, 30 de outubro de 2022",8166,6,5,R$ 20,R$ 100
12994,"quarta-feira, 2 de novembro de 2022",7914,6,5,R$ 20,R$ 100
13001,"quarta-feira, 2 de novembro de 2022",6161,6,5,R$ 20,R$ 100
13047,"sexta-feira, 4 de novembro de 2022",8329,6,5,R$ 20,R$ 100
13087,"domingo, 6 de novembro de 2022",2429,6,5,R$ 20,R$ 100
13240,"sexta-feira, 11 de novembro de 2022",3065,6,5,R$ 20,R$ 100
13285,"sábado, 12 de novembro de 2022",9642,6,5,R$ 20,R$ 100
13302,"domingo, 13 de novembro de 2022",8404,6,5,R$ 20,R$ 100
13329,"segunda-feira, 14 de novembro de 2022",7085,6,5,R$ 20,R$ 100
13347,"segunda-feira, 14 de novembro de 2022",8723,6,5,R$ 20,R$ 100
13381,"quarta-feira, 16 de novembro de 2022",9395,6,5,R$ 20,R$ 100
13383,"quarta-feira, 16 de novembro de 2022",7448,6,5,R$ 20,R$ 100
13437,"sexta-feira, 18 de novembro de 2022",2015,6,5,R$ 20,R$ 100
13551,"quarta-feira, 23 de novembro de 2022",1607,6,5,R$ 20,R$ 100
13608,"sexta-feira, 25 de novembro de 2022",5744,6,5,R$ 20,R$ 100
13677,"segunda-feira, 28 de novembro de 2022",1451,6,5,R$ 20,R$ 100
13873,"sexta-feira, 9 de dezembro de 2022",1782,6,5,R$ 20,R$ 100
48,"domingo, 3 de janeiro de 2021",9812,17,5,R$ 60,R$ 300
166,"terça-feira, 19 de janeiro de 2021",2035,17,5,R$ 60,R$ 300
204,"sábado, 23 de janeiro de 2021",3773,17,5,R$ 60,R$ 300
511,"quinta-feira, 18 de fevereiro de 2021",7704,17,5,R$ 60,R$ 300
596,"quinta-feira, 25 de fevereiro de 2021",5295,17,5,R$ 60,R$ 300
608,"sábado, 27 de fevereiro de 2021",7573,17,5,R$ 60,R$ 300
649,"segunda-feira, 1 de março de 2021",6180,17,5,R$ 60,R$ 300
694,"quinta-feira, 4 de março de 2021",7149,17,5,R$ 60,R$ 300
730,"domingo, 7 de março de 2021",1449,17,5,R$ 60,R$ 300
823,"sábado, 13 de março de 2021",7276,17,5,R$ 60,R$ 300
903,"quinta-feira, 18 de março de 2021",5241,17,5,R$ 60,R$ 300
941,"sábado, 20 de março de 2021",1602,17,5,R$ 60,R$ 300
956,"segunda-feira, 22 de março de 2021",9050,17,5,R$ 60,R$ 300
1086,"terça-feira, 30 de março de 2021",6367,17,5,R$ 60,R$ 300
1280,"terça-feira, 13 de abril de 2021",8923,17,5,R$ 60,R$ 300
1304,"quarta-feira, 14 de abril de 2021",9728,17,5,R$ 60,R$ 300
1313,"quinta-feira, 15 de abril de 2021",6592,17,5,R$ 60,R$ 300
1437,"sexta-feira, 23 de abril de 2021",6398,17,5,R$ 60,R$ 300
1449,"sábado, 24 de abril de 2021",2246,17,5,R$ 60,R$ 300
1523,"sexta-feira, 30 de abril de 2021",8452,17,5,R$ 60,R$ 300
1767,"quarta-feira, 19 de maio de 2021",2343,17,5,R$ 60,R$ 300
1842,"segunda-feira, 24 de maio de 2021",3567,17,5,R$ 60,R$ 300
1918,"domingo, 30 de maio de 2021",3469,17,5,R$ 60,R$ 300
2061,"sábado, 12 de junho de 2021",7963,17,5,R$ 60,R$ 300
2166,"segunda-feira, 21 de junho de 2021",5942,17,5,R$ 60,R$ 300
2170,"segunda-feira, 21 de junho de 2021",1310,17,5,R$ 60,R$ 300
2222,"sexta-feira, 25 de junho de 2021",3773,17,5,R$ 60,R$ 300
2389,"sábado, 10 de julho de 2021",5790,17,5,R$ 60,R$ 300
2519,"segunda-feira, 19 de julho de 2021",837,17,5,R$ 60,R$ 300
2622,"quarta-feira, 28 de julho de 2021",3589,17,5,R$ 60,R$ 300
2640,"sexta-feira, 30 de julho de 2021",9297,17,5,R$ 60,R$ 300
2691,"terça-feira, 3 de agosto de 2021",2086,17,5,R$ 60,R$ 300
2772,"segunda-feira, 9 de agosto de 2021",391,17,5,R$ 60,R$ 300
2837,"domingo, 15 de agosto de 2021",8504,17,5,R$ 60,R$ 300
2873,"terça-feira, 17 de agosto de 2021",921,17,5,R$ 60,R$ 300
3049,"quarta-feira, 1 de setembro de 2021",1204,17,5,R$ 60,R$ 300
3159,"sábado, 11 de setembro de 2021",3000,17,5,R$ 60,R$ 300
3189,"segunda-feira, 13 de setembro de 2021",3627,17,5,R$ 60,R$ 300
3270,"domingo, 19 de setembro de 2021",10209,17,5,R$ 60,R$ 300
3277,"segunda-feira, 20 de setembro de 2021",1457,17,5,R$ 60,R$ 300
3475,"quarta-feira, 6 de outubro de 2021",547,17,5,R$ 60,R$ 300
3479,"quarta-feira, 6 de outubro de 2021",4205,17,5,R$ 60,R$ 300
3523,"sábado, 9 de outubro de 2021",7413,17,5,R$ 60,R$ 300
3587,"sexta-feira, 15 de outubro de 2021",9080,17,5,R$ 60,R$ 300
3638,"quarta-feira, 20 de outubro de 2021",2779,17,5,R$ 60,R$ 300
3723,"quarta-feira, 27 de outubro de 2021",5067,17,5,R$ 60,R$ 300
3736,"quinta-feira, 28 de outubro de 2021",9115,17,5,R$ 60,R$ 300
4065,"segunda-feira, 22 de novembro de 2021",2942,17,5,R$ 60,R$ 300
4116,"quinta-feira, 25 de novembro de 2021",2065,17,5,R$ 60,R$ 300
4263,"domingo, 5 de dezembro de 2021",8473,17,5,R$ 60,R$ 300
4265,"domingo, 5 de dezembro de 2021",6113,17,5,R$ 60,R$ 300
4309,"quarta-feira, 8 de dezembro de 2021",7120,17,5,R$ 60,R$ 300
4336,"sexta-feira, 10 de dezembro de 2021",9943,17,5,R$ 60,R$ 300
4478,"domingo, 19 de dezembro de 2021",5826,17,5,R$ 60,R$ 300
4484,"domingo, 19 de dezembro de 2021",4096,17,5,R$ 60,R$ 300
4697,"quinta-feira, 30 de dezembro de 2021",8164,17,5,R$ 60,R$ 300
4733,"sábado, 1 de janeiro de 2022",7906,17,5,R$ 60,R$ 300
4787,"segunda-feira, 3 de janeiro de 2022",4938,17,5,R$ 60,R$ 300
4792,"segunda-feira, 3 de janeiro de 2022",9327,17,5,R$ 60,R$ 300
4822,"quarta-feira, 5 de janeiro de 2022",5171,17,5,R$ 60,R$ 300
4896,"sábado, 8 de janeiro de 2022",4357,17,5,R$ 60,R$ 300
4911,"sábado, 8 de janeiro de 2022",7262,17,5,R$ 60,R$ 300
5003,"quarta-feira, 12 de janeiro de 2022",2222,17,5,R$ 60,R$ 300
5009,"quarta-feira, 12 de janeiro de 2022",6471,17,5,R$ 60,R$ 300
5011,"quarta-feira, 12 de janeiro de 2022",2634,17,5,R$ 60,R$ 300
5033,"sexta-feira, 14 de janeiro de 2022",5644,17,5,R$ 60,R$ 300
5290,"segunda-feira, 24 de janeiro de 2022",4244,17,5,R$ 60,R$ 300
5462,"domingo, 30 de janeiro de 2022",6081,17,5,R$ 60,R$ 300
5499,"terça-feira, 1 de fevereiro de 2022",9743,17,5,R$ 60,R$ 300
5561,"quarta-feira, 2 de fevereiro de 2022",2480,17,5,R$ 60,R$ 300
5577,"quinta-feira, 3 de fevereiro de 2022",5746,17,5,R$ 60,R$ 300
5673,"domingo, 6 de fevereiro de 2022",780,17,5,R$ 60,R$ 300
5697,"segunda-feira, 7 de fevereiro de 2022",7517,17,5,R$ 60,R$ 300
5784,"sexta-feira, 11 de fevereiro de 2022",2143,17,5,R$ 60,R$ 300
5898,"terça-feira, 15 de fevereiro de 2022",4135,17,5,R$ 60,R$ 300
6068,"domingo, 20 de fevereiro de 2022",2279,17,5,R$ 60,R$ 300
6114,"terça-feira, 22 de fevereiro de 2022",2924,17,5,R$ 60,R$ 300
6133,"quarta-feira, 23 de fevereiro de 2022",753,17,5,R$ 60,R$ 300
6170,"quarta-feira, 23 de fevereiro de 2022",6100,17,5,R$ 60,R$ 300
6237,"sábado, 26 de fevereiro de 2022",816,17,5,R$ 60,R$ 300
6320,"terça-feira, 1 de março de 2022",7580,17,5,R$ 60,R$ 300
6347,"quarta-feira, 2 de março de 2022",5734,17,5,R$ 60,R$ 300
6461,"domingo, 6 de março de 2022",5682,17,5,R$ 60,R$ 300
6535,"quarta-feira, 9 de março de 2022",7075,17,5,R$ 60,R$ 300
6540,"quarta-feira, 9 de março de 2022",5171,17,5,R$ 60,R$ 300
6592,"sexta-feira, 11 de março de 2022",1377,17,5,R$ 60,R$ 300
6623,"sábado, 12 de março de 2022",9238,17,5,R$ 60,R$ 300
6750,"quinta-feira, 17 de março de 2022",909,17,5,R$ 60,R$ 300
6815,"domingo, 20 de março de 2022",5023,17,5,R$ 60,R$ 300
6865,"terça-feira, 22 de março de 2022",5974,17,5,R$ 60,R$ 300
6871,"quarta-feira, 23 de março de 2022",3902,17,5,R$ 60,R$ 300
6880,"quarta-feira, 23 de março de 2022",8204,17,5,R$ 60,R$ 300
6889,"quarta-feira, 23 de março de 2022",1601,17,5,R$ 60,R$ 300
6898,"quinta-feira, 24 de março de 2022",1519,17,5,R$ 60,R$ 300
6914,"quinta-feira, 24 de março de 2022",2234,17,5,R$ 60,R$ 300
6917,"sexta-feira, 25 de março de 2022",4807,17,5,R$ 60,R$ 300
7116,"quinta-feira, 31 de março de 2022",5592,17,5,R$ 60,R$ 300
7130,"sexta-feira, 1 de abril de 2022",1693,17,5,R$ 60,R$ 300
7195,"segunda-feira, 4 de abril de 2022",5642,17,5,R$ 60,R$ 300
7236,"terça-feira, 5 de abril de 2022",10253,17,5,R$ 60,R$ 300
7405,"segunda-feira, 11 de abril de 2022",5555,17,5,R$ 60,R$ 300
7483,"sexta-feira, 15 de abril de 2022",9376,17,5,R$ 60,R$ 300
7513,"sábado, 16 de abril de 2022",4960,17,5,R$ 60,R$ 300
7547,"domingo, 17 de abril de 2022",1374,17,5,R$ 60,R$ 300
7588,"terça-feira, 19 de abril de 2022",7239,17,5,R$ 60,R$ 300
7615,"quarta-feira, 20 de abril de 2022",2936,17,5,R$ 60,R$ 300
7624,"quarta-feira, 20 de abril de 2022",6080,17,5,R$ 60,R$ 300
7661,"quinta-feira, 21 de abril de 2022",5626,17,5,R$ 60,R$ 300
7783,"segunda-feira, 25 de abril de 2022",5114,17,5,R$ 60,R$ 300
7870,"sexta-feira, 29 de abril de 2022",7746,17,5,R$ 60,R$ 300
7902,"sexta-feira, 29 de abril de 2022",1770,17,5,R$ 60,R$ 300
8243,"quinta-feira, 12 de maio de 2022",5982,17,5,R$ 60,R$ 300
8269,"sexta-feira, 13 de maio de 2022",7990,17,5,R$ 60,R$ 300
8312,"domingo, 15 de maio de 2022",7836,17,5,R$ 60,R$ 300
8323,"domingo, 15 de maio de 2022",1339,17,5,R$ 60,R$ 300
8346,"segunda-feira, 16 de maio de 2022",4779,17,5,R$ 60,R$ 300
8361,"segunda-feira, 16 de maio de 2022",1643,17,5,R$ 60,R$ 300
8363,"segunda-feira, 16 de maio de 2022",2628,17,5,R$ 60,R$ 300
8474,"sexta-feira, 20 de maio de 2022",5820,17,5,R$ 60,R$ 300
8521,"domingo, 22 de maio de 2022",1004,17,5,R$ 60,R$ 300
8570,"terça-feira, 24 de maio de 2022",1811,17,5,R$ 60,R$ 300
8617,"quarta-feira, 25 de maio de 2022",2099,17,5,R$ 60,R$ 300
8678,"sábado, 28 de maio de 2022",7909,17,5,R$ 60,R$ 300
8814,"quarta-feira, 1 de junho de 2022",467,17,5,R$ 60,R$ 300
8842,"sexta-feira, 3 de junho de 2022",808,17,5,R$ 60,R$ 300
8843,"sexta-feira, 3 de junho de 2022",8548,17,5,R$ 60,R$ 300
8921,"segunda-feira, 6 de junho de 2022",7113,17,5,R$ 60,R$ 300
8928,"segunda-feira, 6 de junho de 2022",5984,17,5,R$ 60,R$ 300
8930,"segunda-feira, 6 de junho de 2022",4676,17,5,R$ 60,R$ 300
9002,"quarta-feira, 8 de junho de 2022",5432,17,5,R$ 60,R$ 300
9042,"sexta-feira, 10 de junho de 2022",4221,17,5,R$ 60,R$ 300
9386,"quinta-feira, 23 de junho de 2022",8341,17,5,R$ 60,R$ 300
9522,"terça-feira, 28 de junho de 2022",10225,17,5,R$ 60,R$ 300
9577,"quinta-feira, 30 de junho de 2022",8729,17,5,R$ 60,R$ 300
9687,"segunda-feira, 4 de julho de 2022",597,17,5,R$ 60,R$ 300
9732,"quarta-feira, 6 de julho de 2022",10258,17,5,R$ 60,R$ 300
9876,"segunda-feira, 11 de julho de 2022",789,17,5,R$ 60,R$ 300
9939,"quarta-feira, 13 de julho de 2022",3271,17,5,R$ 60,R$ 300
9957,"quarta-feira, 13 de julho de 2022",3841,17,5,R$ 60,R$ 300
9969,"quinta-feira, 14 de julho de 2022",9787,17,5,R$ 60,R$ 300
9991,"sexta-feira, 15 de julho de 2022",1936,17,5,R$ 60,R$ 300
10030,"sábado, 16 de julho de 2022",3491,17,5,R$ 60,R$ 300
10052,"domingo, 17 de julho de 2022",7893,17,5,R$ 60,R$ 300
10053,"domingo, 17 de julho de 2022",6780,17,5,R$ 60,R$ 300
10080,"segunda-feira, 18 de julho de 2022",7747,17,5,R$ 60,R$ 300
10225,"sábado, 23 de julho de 2022",9262,17,5,R$ 60,R$ 300
10296,"terça-feira, 26 de julho de 2022",6855,17,5,R$ 60,R$ 300
10302,"terça-feira, 26 de julho de 2022",7261,17,5,R$ 60,R$ 300
10401,"sábado, 30 de julho de 2022",8834,17,5,R$ 60,R$ 300
10511,"quarta-feira, 3 de agosto de 2022",5222,17,5,R$ 60,R$ 300
10547,"sexta-feira, 5 de agosto de 2022",5376,17,5,R$ 60,R$ 300
10551,"sexta-feira, 5 de agosto de 2022",9867,17,5,R$ 60,R$ 300
10662,"terça-feira, 9 de agosto de 2022",6972,17,5,R$ 60,R$ 300
10857,"terça-feira, 16 de agosto de 2022",8176,17,5,R$ 60,R$ 300
10913,"quinta-feira, 18 de agosto de 2022",486,17,5,R$ 60,R$ 300
10920,"sexta-feira, 19 de agosto de 2022",4771,17,5,R$ 60,R$ 300
10929,"sexta-feira, 19 de agosto de 2022",4040,17,5,R$ 60,R$ 300
11147,"sábado, 27 de agosto de 2022",8429,17,5,R$ 60,R$ 300
11169,"domingo, 28 de agosto de 2022",3500,17,5,R$ 60,R$ 300
11193,"segunda-feira, 29 de agosto de 2022",1236,17,5,R$ 60,R$ 300
11250,"quarta-feira, 31 de agosto de 2022",10118,17,5,R$ 60,R$ 300
11472,"sexta-feira, 9 de setembro de 2022",7261,17,5,R$ 60,R$ 300
11484,"sexta-feira, 9 de setembro de 2022",364,17,5,R$ 60,R$ 300
11523,"domingo, 11 de setembro de 2022",3485,17,5,R$ 60,R$ 300
11591,"terça-feira, 13 de setembro de 2022",4655,17,5,R$ 60,R$ 300
11616,"quarta-feira, 14 de setembro de 2022",2564,17,5,R$ 60,R$ 300
11637,"quinta-feira, 15 de setembro de 2022",4666,17,5,R$ 60,R$ 300
11654,"quinta-feira, 15 de setembro de 2022",3125,17,5,R$ 60,R$ 300
11681,"sexta-feira, 16 de setembro de 2022",9307,17,5,R$ 60,R$ 300
11700,"sábado, 17 de setembro de 2022",3449,17,5,R$ 60,R$ 300
11760,"segunda-feira, 19 de setembro de 2022",663,17,5,R$ 60,R$ 300
11823,"quinta-feira, 22 de setembro de 2022",9058,17,5,R$ 60,R$ 300
11931,"domingo, 25 de setembro de 2022",2818,17,5,R$ 60,R$ 300
12036,"quarta-feira, 28 de setembro de 2022",7134,17,5,R$ 60,R$ 300
12102,"sábado, 1 de outubro de 2022",6033,17,5,R$ 60,R$ 300
12188,"quarta-feira, 5 de outubro de 2022",2919,17,5,R$ 60,R$ 300
12204,"quarta-feira, 5 de outubro de 2022",6690,17,5,R$ 60,R$ 300
12338,"segunda-feira, 10 de outubro de 2022",4247,17,5,R$ 60,R$ 300
12389,"quarta-feira, 12 de outubro de 2022",6679,17,5,R$ 60,R$ 300
12536,"terça-feira, 18 de outubro de 2022",7470,17,5,R$ 60,R$ 300
12911,"segunda-feira, 31 de outubro de 2022",9610,17,5,R$ 60,R$ 300
12993,"quarta-feira, 2 de novembro de 2022",9088,17,5,R$ 60,R$ 300
13152,"terça-feira, 8 de novembro de 2022",6569,17,5,R$ 60,R$ 300
13166,"quarta-feira, 9 de novembro de 2022",1599,17,5,R$ 60,R$ 300
13211,"quinta-feira, 10 de novembro de 2022",1425,17,5,R$ 60,R$ 300
13542,"terça-feira, 22 de novembro de 2022",2690,17,5,R$ 60,R$ 300
13568,"quarta-feira, 23 de novembro de 2022",1297,17,5,R$ 60,R$ 300
13688,"terça-feira, 29 de novembro de 2022",197,17,5,R$ 60,R$ 300
13725,"quarta-feira, 30 de novembro de 2022",1259,17,5,R$ 60,R$ 300
13820,"segunda-feira, 5 de dezembro de 2022",978,17,5,R$ 60,R$ 300
13822,"segunda-feira, 5 de dezembro de 2022",3795,17,5,R$ 60,R$ 300
13927,"segunda-feira, 12 de dezembro de 2022",238,17,5,R$ 60,R$ 300
13954,"quinta-feira, 15 de dezembro de 2022",5920,17,5,R$ 60,R$ 300
65,"quinta-feira, 7 de janeiro de 2021",2061,15,5,R$ 7,R$ 35
85,"domingo, 10 de janeiro de 2021",76,15,5,R$ 7,R$ 35
88,"segunda-feira, 11 de janeiro de 2021",1193,15,5,R$ 7,R$ 35
90,"terça-feira, 12 de janeiro de 2021",4544,15,5,R$ 7,R$ 35
121,"sexta-feira, 15 de janeiro de 2021",9044,15,5,R$ 7,R$ 35
152,"segunda-feira, 18 de janeiro de 2021",6647,15,5,R$ 7,R$ 35
181,"quinta-feira, 21 de janeiro de 2021",3242,15,5,R$ 7,R$ 35
230,"terça-feira, 26 de janeiro de 2021",1965,15,5,R$ 7,R$ 35
256,"quinta-feira, 28 de janeiro de 2021",3463,15,5,R$ 7,R$ 35
314,"terça-feira, 2 de fevereiro de 2021",1114,15,5,R$ 7,R$ 35
320,"terça-feira, 2 de fevereiro de 2021",9924,15,5,R$ 7,R$ 35
375,"sábado, 6 de fevereiro de 2021",4417,15,5,R$ 7,R$ 35
408,"terça-feira, 9 de fevereiro de 2021",2398,15,5,R$ 7,R$ 35
437,"sexta-feira, 12 de fevereiro de 2021",1205,15,5,R$ 7,R$ 35
447,"sábado, 13 de fevereiro de 2021",1467,15,5,R$ 7,R$ 35
535,"sábado, 20 de fevereiro de 2021",839,15,5,R$ 7,R$ 35
584,"quarta-feira, 24 de fevereiro de 2021",5792,15,5,R$ 7,R$ 35
678,"quarta-feira, 3 de março de 2021",5906,15,5,R$ 7,R$ 35
696,"quinta-feira, 4 de março de 2021",64,15,5,R$ 7,R$ 35
722,"sábado, 6 de março de 2021",879,15,5,R$ 7,R$ 35
806,"sexta-feira, 12 de março de 2021",10104,15,5,R$ 7,R$ 35
982,"quarta-feira, 24 de março de 2021",3124,15,5,R$ 7,R$ 35
1586,"terça-feira, 4 de maio de 2021",907,15,5,R$ 7,R$ 35
1612,"quinta-feira, 6 de maio de 2021",7266,15,5,R$ 7,R$ 35
1677,"terça-feira, 11 de maio de 2021",6313,15,5,R$ 7,R$ 35
1718,"sexta-feira, 14 de maio de 2021",10080,15,5,R$ 7,R$ 35
1844,"segunda-feira, 24 de maio de 2021",4410,15,5,R$ 7,R$ 35
1868,"quarta-feira, 26 de maio de 2021",3528,15,5,R$ 7,R$ 35
1928,"segunda-feira, 31 de maio de 2021",665,15,5,R$ 7,R$ 35
1946,"terça-feira, 1 de junho de 2021",2553,15,5,R$ 7,R$ 35
1951,"quarta-feira, 2 de junho de 2021",4767,15,5,R$ 7,R$ 35
1953,"quarta-feira, 2 de junho de 2021",4162,15,5,R$ 7,R$ 35
1979,"sexta-feira, 4 de junho de 2021",8158,15,5,R$ 7,R$ 35
2047,"sexta-feira, 11 de junho de 2021",4391,15,5,R$ 7,R$ 35
2231,"sexta-feira, 25 de junho de 2021",5731,15,5,R$ 7,R$ 35
2324,"domingo, 4 de julho de 2021",9242,15,5,R$ 7,R$ 35
2352,"terça-feira, 6 de julho de 2021",3882,15,5,R$ 7,R$ 35
2446,"quarta-feira, 14 de julho de 2021",7149,15,5,R$ 7,R$ 35
2515,"segunda-feira, 19 de julho de 2021",2385,15,5,R$ 7,R$ 35
2615,"quarta-feira, 28 de julho de 2021",8442,15,5,R$ 7,R$ 35
2619,"quarta-feira, 28 de julho de 2021",7832,15,5,R$ 7,R$ 35
2652,"sábado, 31 de julho de 2021",4470,15,5,R$ 7,R$ 35
2708,"quarta-feira, 4 de agosto de 2021",2280,15,5,R$ 7,R$ 35
2785,"terça-feira, 10 de agosto de 2021",7269,15,5,R$ 7,R$ 35
2819,"quinta-feira, 12 de agosto de 2021",9208,15,5,R$ 7,R$ 35
2860,"segunda-feira, 16 de agosto de 2021",994,15,5,R$ 7,R$ 35
2880,"quarta-feira, 18 de agosto de 2021",6799,15,5,R$ 7,R$ 35
2958,"terça-feira, 24 de agosto de 2021",2078,15,5,R$ 7,R$ 35
3067,"sexta-feira, 3 de setembro de 2021",7453,15,5,R$ 7,R$ 35
3092,"domingo, 5 de setembro de 2021",1567,15,5,R$ 7,R$ 35
3095,"domingo, 5 de setembro de 2021",4239,15,5,R$ 7,R$ 35
3570,"quarta-feira, 13 de outubro de 2021",734,15,5,R$ 7,R$ 35
3573,"quinta-feira, 14 de outubro de 2021",4364,15,5,R$ 7,R$ 35
3635,"quarta-feira, 20 de outubro de 2021",4041,15,5,R$ 7,R$ 35
3728,"quinta-feira, 28 de outubro de 2021",9276,15,5,R$ 7,R$ 35
3828,"quinta-feira, 4 de novembro de 2021",3640,15,5,R$ 7,R$ 35
3943,"domingo, 14 de novembro de 2021",446,15,5,R$ 7,R$ 35
4077,"terça-feira, 23 de novembro de 2021",1415,15,5,R$ 7,R$ 35
4197,"quarta-feira, 1 de dezembro de 2021",7051,15,5,R$ 7,R$ 35
4243,"sábado, 4 de dezembro de 2021",4791,15,5,R$ 7,R$ 35
4317,"quinta-feira, 9 de dezembro de 2021",7924,15,5,R$ 7,R$ 35
4433,"quinta-feira, 16 de dezembro de 2021",4868,15,5,R$ 7,R$ 35
4463,"sexta-feira, 17 de dezembro de 2021",5481,15,5,R$ 7,R$ 35
4474,"sábado, 18 de dezembro de 2021",4778,15,5,R$ 7,R$ 35
4546,"quarta-feira, 22 de dezembro de 2021",1345,15,5,R$ 7,R$ 35
4597,"sábado, 25 de dezembro de 2021",6618,15,5,R$ 7,R$ 35
4602,"domingo, 26 de dezembro de 2021",992,15,5,R$ 7,R$ 35
4608,"domingo, 26 de dezembro de 2021",2878,15,5,R$ 7,R$ 35
4675,"quinta-feira, 30 de dezembro de 2021",2918,15,5,R$ 7,R$ 35
4880,"sexta-feira, 7 de janeiro de 2022",3360,15,5,R$ 7,R$ 35
5027,"quinta-feira, 13 de janeiro de 2022",502,15,5,R$ 7,R$ 35
5039,"sexta-feira, 14 de janeiro de 2022",4486,15,5,R$ 7,R$ 35
5079,"sábado, 15 de janeiro de 2022",10208,15,5,R$ 7,R$ 35
5107,"domingo, 16 de janeiro de 2022",3978,15,5,R$ 7,R$ 35
5132,"segunda-feira, 17 de janeiro de 2022",8548,15,5,R$ 7,R$ 35
5295,"segunda-feira, 24 de janeiro de 2022",7934,15,5,R$ 7,R$ 35
5315,"terça-feira, 25 de janeiro de 2022",7158,15,5,R$ 7,R$ 35
5351,"quarta-feira, 26 de janeiro de 2022",2929,15,5,R$ 7,R$ 35
5371,"quinta-feira, 27 de janeiro de 2022",2986,15,5,R$ 7,R$ 35
5389,"quinta-feira, 27 de janeiro de 2022",647,15,5,R$ 7,R$ 35
5415,"sábado, 29 de janeiro de 2022",7839,15,5,R$ 7,R$ 35
5617,"sexta-feira, 4 de fevereiro de 2022",6358,15,5,R$ 7,R$ 35
5641,"sábado, 5 de fevereiro de 2022",2570,15,5,R$ 7,R$ 35
5759,"quinta-feira, 10 de fevereiro de 2022",9197,15,5,R$ 7,R$ 35
5832,"sábado, 12 de fevereiro de 2022",5881,15,5,R$ 7,R$ 35
5857,"domingo, 13 de fevereiro de 2022",7969,15,5,R$ 7,R$ 35
5868,"domingo, 13 de fevereiro de 2022",2224,15,5,R$ 7,R$ 35
5904,"terça-feira, 15 de fevereiro de 2022",3714,15,5,R$ 7,R$ 35
5924,"terça-feira, 15 de fevereiro de 2022",6251,15,5,R$ 7,R$ 35
6039,"sábado, 19 de fevereiro de 2022",4127,15,5,R$ 7,R$ 35
6346,"quarta-feira, 2 de março de 2022",7307,15,5,R$ 7,R$ 35
6561,"quinta-feira, 10 de março de 2022",7654,15,5,R$ 7,R$ 35
6704,"terça-feira, 15 de março de 2022",4727,15,5,R$ 7,R$ 35
6896,"quinta-feira, 24 de março de 2022",9294,15,5,R$ 7,R$ 35
6910,"quinta-feira, 24 de março de 2022",9381,15,5,R$ 7,R$ 35
6937,"sexta-feira, 25 de março de 2022",4846,15,5,R$ 7,R$ 35
6942,"sexta-feira, 25 de março de 2022",7128,15,5,R$ 7,R$ 35
7032,"terça-feira, 29 de março de 2022",7261,15,5,R$ 7,R$ 35
7054,"terça-feira, 29 de março de 2022",9820,15,5,R$ 7,R$ 35
7094,"quinta-feira, 31 de março de 2022",4592,15,5,R$ 7,R$ 35
7204,"segunda-feira, 4 de abril de 2022",4780,15,5,R$ 7,R$ 35
7240,"terça-feira, 5 de abril de 2022",9892,15,5,R$ 7,R$ 35
7260,"quarta-feira, 6 de abril de 2022",7977,15,5,R$ 7,R$ 35
7425,"terça-feira, 12 de abril de 2022",9143,15,5,R$ 7,R$ 35
7442,"quarta-feira, 13 de abril de 2022",272,15,5,R$ 7,R$ 35
7459,"quinta-feira, 14 de abril de 2022",7563,15,5,R$ 7,R$ 35
7527,"sábado, 16 de abril de 2022",9169,15,5,R$ 7,R$ 35
7597,"terça-feira, 19 de abril de 2022",4372,15,5,R$ 7,R$ 35
7670,"quinta-feira, 21 de abril de 2022",6387,15,5,R$ 7,R$ 35
7694,"sexta-feira, 22 de abril de 2022",9238,15,5,R$ 7,R$ 35
7894,"sexta-feira, 29 de abril de 2022",4667,15,5,R$ 7,R$ 35
7899,"sexta-feira, 29 de abril de 2022",3396,15,5,R$ 7,R$ 35
7938,"domingo, 1 de maio de 2022",9639,15,5,R$ 7,R$ 35
8136,"domingo, 8 de maio de 2022",732,15,5,R$ 7,R$ 35
8432,"quinta-feira, 19 de maio de 2022",2863,15,5,R$ 7,R$ 35
8443,"sexta-feira, 20 de maio de 2022",2627,15,5,R$ 7,R$ 35
8449,"sexta-feira, 20 de maio de 2022",9383,15,5,R$ 7,R$ 35
8571,"terça-feira, 24 de maio de 2022",6071,15,5,R$ 7,R$ 35
8587,"terça-feira, 24 de maio de 2022",6690,15,5,R$ 7,R$ 35
8609,"quarta-feira, 25 de maio de 2022",6560,15,5,R$ 7,R$ 35
8627,"quinta-feira, 26 de maio de 2022",3567,15,5,R$ 7,R$ 35
8642,"quinta-feira, 26 de maio de 2022",3890,15,5,R$ 7,R$ 35
8697,"sábado, 28 de maio de 2022",8510,15,5,R$ 7,R$ 35
8710,"domingo, 29 de maio de 2022",1050,15,5,R$ 7,R$ 35
8767,"terça-feira, 31 de maio de 2022",7517,15,5,R$ 7,R$ 35
8834,"quinta-feira, 2 de junho de 2022",850,15,5,R$ 7,R$ 35
9069,"sábado, 11 de junho de 2022",985,15,5,R$ 7,R$ 35
9103,"domingo, 12 de junho de 2022",3858,15,5,R$ 7,R$ 35
9108,"segunda-feira, 13 de junho de 2022",4049,15,5,R$ 7,R$ 35
9115,"segunda-feira, 13 de junho de 2022",10241,15,5,R$ 7,R$ 35
9135,"terça-feira, 14 de junho de 2022",758,15,5,R$ 7,R$ 35
9178,"quarta-feira, 15 de junho de 2022",99,15,5,R$ 7,R$ 35
9362,"quarta-feira, 22 de junho de 2022",8787,15,5,R$ 7,R$ 35
9370,"quarta-feira, 22 de junho de 2022",1781,15,5,R$ 7,R$ 35
9506,"terça-feira, 28 de junho de 2022",6358,15,5,R$ 7,R$ 35
9513,"terça-feira, 28 de junho de 2022",5851,15,5,R$ 7,R$ 35
9541,"quarta-feira, 29 de junho de 2022",4925,15,5,R$ 7,R$ 35
9696,"segunda-feira, 4 de julho de 2022",1209,15,5,R$ 7,R$ 35
9735,"quarta-feira, 6 de julho de 2022",8688,15,5,R$ 7,R$ 35
9742,"quarta-feira, 6 de julho de 2022",6849,15,5,R$ 7,R$ 35
9773,"quinta-feira, 7 de julho de 2022",5014,15,5,R$ 7,R$ 35
9845,"domingo, 10 de julho de 2022",4761,15,5,R$ 7,R$ 35
9911,"terça-feira, 12 de julho de 2022",2916,15,5,R$ 7,R$ 35
9927,"quarta-feira, 13 de julho de 2022",7239,15,5,R$ 7,R$ 35
9934,"quarta-feira, 13 de julho de 2022",6254,15,5,R$ 7,R$ 35
9980,"quinta-feira, 14 de julho de 2022",7782,15,5,R$ 7,R$ 35
10054,"domingo, 17 de julho de 2022",7633,15,5,R$ 7,R$ 35
10059,"domingo, 17 de julho de 2022",7862,15,5,R$ 7,R$ 35
10072,"domingo, 17 de julho de 2022",6151,15,5,R$ 7,R$ 35
10126,"terça-feira, 19 de julho de 2022",680,15,5,R$ 7,R$ 35
10128,"terça-feira, 19 de julho de 2022",8231,15,5,R$ 7,R$ 35
10171,"quinta-feira, 21 de julho de 2022",770,15,5,R$ 7,R$ 35
10244,"domingo, 24 de julho de 2022",7059,15,5,R$ 7,R$ 35
10292,"terça-feira, 26 de julho de 2022",8275,15,5,R$ 7,R$ 35
10351,"quinta-feira, 28 de julho de 2022",2998,15,5,R$ 7,R$ 35
10354,"quinta-feira, 28 de julho de 2022",1295,15,5,R$ 7,R$ 35
10389,"sexta-feira, 29 de julho de 2022",9967,15,5,R$ 7,R$ 35
10439,"segunda-feira, 1 de agosto de 2022",2752,15,5,R$ 7,R$ 35
10474,"terça-feira, 2 de agosto de 2022",3495,15,5,R$ 7,R$ 35
10663,"terça-feira, 9 de agosto de 2022",2394,15,5,R$ 7,R$ 35
10797,"domingo, 14 de agosto de 2022",1228,15,5,R$ 7,R$ 35
10819,"domingo, 14 de agosto de 2022",450,15,5,R$ 7,R$ 35
10924,"sexta-feira, 19 de agosto de 2022",9639,15,5,R$ 7,R$ 35
10955,"sábado, 20 de agosto de 2022",2547,15,5,R$ 7,R$ 35
11064,"quarta-feira, 24 de agosto de 2022",8734,15,5,R$ 7,R$ 35
11148,"sábado, 27 de agosto de 2022",4903,15,5,R$ 7,R$ 35
11167,"domingo, 28 de agosto de 2022",7816,15,5,R$ 7,R$ 35
11264,"quinta-feira, 1 de setembro de 2022",2594,15,5,R$ 7,R$ 35
11312,"sábado, 3 de setembro de 2022",3231,15,5,R$ 7,R$ 35
11414,"quarta-feira, 7 de setembro de 2022",6161,15,5,R$ 7,R$ 35
11554,"segunda-feira, 12 de setembro de 2022",4914,15,5,R$ 7,R$ 35
11720,"domingo, 18 de setembro de 2022",4868,15,5,R$ 7,R$ 35
11827,"quinta-feira, 22 de setembro de 2022",177,15,5,R$ 7,R$ 35
11850,"quinta-feira, 22 de setembro de 2022",8242,15,5,R$ 7,R$ 35
11971,"segunda-feira, 26 de setembro de 2022",4592,15,5,R$ 7,R$ 35
11997,"terça-feira, 27 de setembro de 2022",8228,15,5,R$ 7,R$ 35
12013,"quarta-feira, 28 de setembro de 2022",3537,15,5,R$ 7,R$ 35
12122,"domingo, 2 de outubro de 2022",3457,15,5,R$ 7,R$ 35
12137,"domingo, 2 de outubro de 2022",3771,15,5,R$ 7,R$ 35
12145,"segunda-feira, 3 de outubro de 2022",9524,15,5,R$ 7,R$ 35
12250,"sexta-feira, 7 de outubro de 2022",1871,15,5,R$ 7,R$ 35
12274,"sábado, 8 de outubro de 2022",9263,15,5,R$ 7,R$ 35
12521,"segunda-feira, 17 de outubro de 2022",6440,15,5,R$ 7,R$ 35
12579,"quarta-feira, 19 de outubro de 2022",10277,15,5,R$ 7,R$ 35
12816,"quinta-feira, 27 de outubro de 2022",4653,15,5,R$ 7,R$ 35
13029,"quinta-feira, 3 de novembro de 2022",863,15,5,R$ 7,R$ 35
13062,"sábado, 5 de novembro de 2022",728,15,5,R$ 7,R$ 35
13352,"terça-feira, 15 de novembro de 2022",1720,15,5,R$ 7,R$ 35
13423,"quinta-feira, 17 de novembro de 2022",8717,15,5,R$ 7,R$ 35
13452,"sábado, 19 de novembro de 2022",3966,15,5,R$ 7,R$ 35
13474,"domingo, 20 de novembro de 2022",8148,15,5,R$ 7,R$ 35
13589,"quinta-feira, 24 de novembro de 2022",6771,15,5,R$ 7,R$ 35
13633,"sábado, 26 de novembro de 2022",2130,15,5,R$ 7,R$ 35
13712,"terça-feira, 29 de novembro de 2022",7514,15,5,R$ 7,R$ 35
13803,"domingo, 4 de dezembro de 2022",3066,15,5,R$ 7,R$ 35
13808,"domingo, 4 de dezembro de 2022",480,15,5,R$ 7,R$ 35
13915,"domingo, 11 de dezembro de 2022",5718,15,5,R$ 7,R$ 35
14054,"quinta-feira, 29 de dezembro de 2022",2032,15,5,R$ 7,R$ 35
156,"terça-feira, 19 de janeiro de 2021",1906,11,5,R$ 42,R$ 210
239,"quarta-feira, 27 de janeiro de 2021",3153,11,5,R$ 42,R$ 210
245,"quarta-feira, 27 de janeiro de 2021",8427,11,5,R$ 42,R$ 210
443,"sexta-feira, 12 de fevereiro de 2021",6001,11,5,R$ 42,R$ 210
571,"quarta-feira, 24 de fevereiro de 2021",3491,11,5,R$ 42,R$ 210
675,"quarta-feira, 3 de março de 2021",6761,11,5,R$ 42,R$ 210
737,"domingo, 7 de março de 2021",7657,11,5,R$ 42,R$ 210
826,"sábado, 13 de março de 2021",7862,11,5,R$ 42,R$ 210
906,"quinta-feira, 18 de março de 2021",4258,11,5,R$ 42,R$ 210
1310,"quinta-feira, 15 de abril de 2021",1954,11,5,R$ 42,R$ 210
1338,"sábado, 17 de abril de 2021",8074,11,5,R$ 42,R$ 210
1349,"sábado, 17 de abril de 2021",9123,11,5,R$ 42,R$ 210
1355,"domingo, 18 de abril de 2021",760,11,5,R$ 42,R$ 210
1361,"domingo, 18 de abril de 2021",7862,11,5,R$ 42,R$ 210
1447,"sábado, 24 de abril de 2021",2171,11,5,R$ 42,R$ 210
1455,"domingo, 25 de abril de 2021",8731,11,5,R$ 42,R$ 210
1461,"domingo, 25 de abril de 2021",5918,11,5,R$ 42,R$ 210
1479,"segunda-feira, 26 de abril de 2021",9281,11,5,R$ 42,R$ 210
1512,"quinta-feira, 29 de abril de 2021",6001,11,5,R$ 42,R$ 210
1650,"domingo, 9 de maio de 2021",10191,11,5,R$ 42,R$ 210
1656,"domingo, 9 de maio de 2021",3524,11,5,R$ 42,R$ 210
1659,"domingo, 9 de maio de 2021",1387,11,5,R$ 42,R$ 210
1727,"sábado, 15 de maio de 2021",2021,11,5,R$ 42,R$ 210
1807,"sexta-feira, 21 de maio de 2021",7076,11,5,R$ 42,R$ 210
1830,"domingo, 23 de maio de 2021",4342,11,5,R$ 42,R$ 210
2095,"terça-feira, 15 de junho de 2021",3825,11,5,R$ 42,R$ 210
2177,"segunda-feira, 21 de junho de 2021",1133,11,5,R$ 42,R$ 210
2201,"quinta-feira, 24 de junho de 2021",5545,11,5,R$ 42,R$ 210
2337,"segunda-feira, 5 de julho de 2021",1744,11,5,R$ 42,R$ 210
2363,"quinta-feira, 8 de julho de 2021",1481,11,5,R$ 42,R$ 210
2395,"domingo, 11 de julho de 2021",1528,11,5,R$ 42,R$ 210
2494,"sábado, 17 de julho de 2021",2444,11,5,R$ 42,R$ 210
2558,"quinta-feira, 22 de julho de 2021",2535,11,5,R$ 42,R$ 210
2564,"sexta-feira, 23 de julho de 2021",36,11,5,R$ 42,R$ 210
2586,"domingo, 25 de julho de 2021",741,11,5,R$ 42,R$ 210
2600,"segunda-feira, 26 de julho de 2021",1079,11,5,R$ 42,R$ 210
2601,"segunda-feira, 26 de julho de 2021",8930,11,5,R$ 42,R$ 210
2636,"quinta-feira, 29 de julho de 2021",1328,11,5,R$ 42,R$ 210
2639,"sexta-feira, 30 de julho de 2021",7806,11,5,R$ 42,R$ 210
2645,"sexta-feira, 30 de julho de 2021",439,11,5,R$ 42,R$ 210
2754,"domingo, 8 de agosto de 2021",1538,11,5,R$ 42,R$ 210
2755,"domingo, 8 de agosto de 2021",4016,11,5,R$ 42,R$ 210
2814,"quinta-feira, 12 de agosto de 2021",430,11,5,R$ 42,R$ 210
2820,"sexta-feira, 13 de agosto de 2021",9099,11,5,R$ 42,R$ 210
2896,"sexta-feira, 20 de agosto de 2021",4397,11,5,R$ 42,R$ 210
2934,"domingo, 22 de agosto de 2021",1533,11,5,R$ 42,R$ 210
3211,"quarta-feira, 15 de setembro de 2021",1090,11,5,R$ 42,R$ 210
3256,"sábado, 18 de setembro de 2021",4925,11,5,R$ 42,R$ 210
3282,"segunda-feira, 20 de setembro de 2021",7906,11,5,R$ 42,R$ 210
3548,"segunda-feira, 11 de outubro de 2021",1539,11,5,R$ 42,R$ 210
3619,"segunda-feira, 18 de outubro de 2021",8560,11,5,R$ 42,R$ 210
3716,"quarta-feira, 27 de outubro de 2021",1352,11,5,R$ 42,R$ 210
3901,"quarta-feira, 10 de novembro de 2021",9812,11,5,R$ 42,R$ 210
3904,"quarta-feira, 10 de novembro de 2021",6888,11,5,R$ 42,R$ 210
3969,"segunda-feira, 15 de novembro de 2021",4552,11,5,R$ 42,R$ 210
4002,"quarta-feira, 17 de novembro de 2021",3478,11,5,R$ 42,R$ 210
4113,"quinta-feira, 25 de novembro de 2021",2371,11,5,R$ 42,R$ 210
4176,"terça-feira, 30 de novembro de 2021",5590,11,5,R$ 42,R$ 210
4222,"sexta-feira, 3 de dezembro de 2021",355,11,5,R$ 42,R$ 210
4292,"terça-feira, 7 de dezembro de 2021",8968,11,5,R$ 42,R$ 210
4297,"terça-feira, 7 de dezembro de 2021",4056,11,5,R$ 42,R$ 210
4578,"sexta-feira, 24 de dezembro de 2021",8002,11,5,R$ 42,R$ 210
4610,"domingo, 26 de dezembro de 2021",9710,11,5,R$ 42,R$ 210
4637,"segunda-feira, 27 de dezembro de 2021",6082,11,5,R$ 42,R$ 210
4658,"terça-feira, 28 de dezembro de 2021",930,11,5,R$ 42,R$ 210
4663,"quarta-feira, 29 de dezembro de 2021",10266,11,5,R$ 42,R$ 210
4855,"quinta-feira, 6 de janeiro de 2022",6291,11,5,R$ 42,R$ 210
4864,"quinta-feira, 6 de janeiro de 2022",8002,11,5,R$ 42,R$ 210
4899,"sábado, 8 de janeiro de 2022",9248,11,5,R$ 42,R$ 210
4909,"sábado, 8 de janeiro de 2022",2510,11,5,R$ 42,R$ 210
4921,"sábado, 8 de janeiro de 2022",9226,11,5,R$ 42,R$ 210
4954,"segunda-feira, 10 de janeiro de 2022",7241,11,5,R$ 42,R$ 210
5087,"sábado, 15 de janeiro de 2022",7063,11,5,R$ 42,R$ 210
5276,"domingo, 23 de janeiro de 2022",4531,11,5,R$ 42,R$ 210
5291,"segunda-feira, 24 de janeiro de 2022",5206,11,5,R$ 42,R$ 210
5475,"segunda-feira, 31 de janeiro de 2022",976,11,5,R$ 42,R$ 210
5536,"quarta-feira, 2 de fevereiro de 2022",2852,11,5,R$ 42,R$ 210
5548,"quarta-feira, 2 de fevereiro de 2022",4404,11,5,R$ 42,R$ 210
5625,"sábado, 5 de fevereiro de 2022",8708,11,5,R$ 42,R$ 210
5647,"sábado, 5 de fevereiro de 2022",1965,11,5,R$ 42,R$ 210
5663,"domingo, 6 de fevereiro de 2022",1939,11,5,R$ 42,R$ 210
5675,"domingo, 6 de fevereiro de 2022",5124,11,5,R$ 42,R$ 210
5685,"segunda-feira, 7 de fevereiro de 2022",381,11,5,R$ 42,R$ 210
5739,"quarta-feira, 9 de fevereiro de 2022",5566,11,5,R$ 42,R$ 210
5754,"quarta-feira, 9 de fevereiro de 2022",272,11,5,R$ 42,R$ 210
5805,"sexta-feira, 11 de fevereiro de 2022",9808,11,5,R$ 42,R$ 210
5814,"sábado, 12 de fevereiro de 2022",2437,11,5,R$ 42,R$ 210
5849,"domingo, 13 de fevereiro de 2022",8578,11,5,R$ 42,R$ 210
5859,"domingo, 13 de fevereiro de 2022",1361,11,5,R$ 42,R$ 210
5869,"segunda-feira, 14 de fevereiro de 2022",286,11,5,R$ 42,R$ 210
5949,"quarta-feira, 16 de fevereiro de 2022",6912,11,5,R$ 42,R$ 210
6005,"sexta-feira, 18 de fevereiro de 2022",2206,11,5,R$ 42,R$ 210
6030,"sábado, 19 de fevereiro de 2022",1003,11,5,R$ 42,R$ 210
6179,"quinta-feira, 24 de fevereiro de 2022",2641,11,5,R$ 42,R$ 210
6195,"quinta-feira, 24 de fevereiro de 2022",2998,11,5,R$ 42,R$ 210
6517,"terça-feira, 8 de março de 2022",291,11,5,R$ 42,R$ 210
6585,"sexta-feira, 11 de março de 2022",6087,11,5,R$ 42,R$ 210
6758,"sexta-feira, 18 de março de 2022",6145,11,5,R$ 42,R$ 210
6853,"terça-feira, 22 de março de 2022",1794,11,5,R$ 42,R$ 210
6882,"quarta-feira, 23 de março de 2022",10121,11,5,R$ 42,R$ 210
6907,"quinta-feira, 24 de março de 2022",494,11,5,R$ 42,R$ 210
6926,"sexta-feira, 25 de março de 2022",639,11,5,R$ 42,R$ 210
6969,"sábado, 26 de março de 2022",7862,11,5,R$ 42,R$ 210
7023,"segunda-feira, 28 de março de 2022",2481,11,5,R$ 42,R$ 210
7118,"quinta-feira, 31 de março de 2022",7711,11,5,R$ 42,R$ 210
7355,"sábado, 9 de abril de 2022",564,11,5,R$ 42,R$ 210
7388,"domingo, 10 de abril de 2022",704,11,5,R$ 42,R$ 210
7436,"quarta-feira, 13 de abril de 2022",8915,11,5,R$ 42,R$ 210
7741,"domingo, 24 de abril de 2022",6406,11,5,R$ 42,R$ 210
7805,"terça-feira, 26 de abril de 2022",9717,11,5,R$ 42,R$ 210
7818,"quarta-feira, 27 de abril de 2022",5478,11,5,R$ 42,R$ 210
7823,"quarta-feira, 27 de abril de 2022",4579,11,5,R$ 42,R$ 210
7848,"quinta-feira, 28 de abril de 2022",2107,11,5,R$ 42,R$ 210
7997,"terça-feira, 3 de maio de 2022",7006,11,5,R$ 42,R$ 210
8020,"quarta-feira, 4 de maio de 2022",6632,11,5,R$ 42,R$ 210
8123,"sábado, 7 de maio de 2022",1325,11,5,R$ 42,R$ 210
8232,"quarta-feira, 11 de maio de 2022",5374,11,5,R$ 42,R$ 210
8254,"quinta-feira, 12 de maio de 2022",8355,11,5,R$ 42,R$ 210
8326,"domingo, 15 de maio de 2022",5594,11,5,R$ 42,R$ 210
8384,"terça-feira, 17 de maio de 2022",1942,11,5,R$ 42,R$ 210
8441,"sexta-feira, 20 de maio de 2022",8034,11,5,R$ 42,R$ 210
8448,"sexta-feira, 20 de maio de 2022",8061,11,5,R$ 42,R$ 210
8633,"quinta-feira, 26 de maio de 2022",1361,11,5,R$ 42,R$ 210
8801,"quarta-feira, 1 de junho de 2022",1871,11,5,R$ 42,R$ 210
8809,"quarta-feira, 1 de junho de 2022",4635,11,5,R$ 42,R$ 210
8813,"quarta-feira, 1 de junho de 2022",4761,11,5,R$ 42,R$ 210
8818,"quinta-feira, 2 de junho de 2022",4877,11,5,R$ 42,R$ 210
8853,"sexta-feira, 3 de junho de 2022",3090,11,5,R$ 42,R$ 210
8948,"segunda-feira, 6 de junho de 2022",2449,11,5,R$ 42,R$ 210
9079,"sábado, 11 de junho de 2022",2198,11,5,R$ 42,R$ 210
9117,"segunda-feira, 13 de junho de 2022",689,11,5,R$ 42,R$ 210
9185,"quarta-feira, 15 de junho de 2022",4397,11,5,R$ 42,R$ 210
9230,"sexta-feira, 17 de junho de 2022",6527,11,5,R$ 42,R$ 210
9342,"terça-feira, 21 de junho de 2022",5715,11,5,R$ 42,R$ 210
9463,"domingo, 26 de junho de 2022",119,11,5,R$ 42,R$ 210
9534,"quarta-feira, 29 de junho de 2022",5341,11,5,R$ 42,R$ 210
9556,"quarta-feira, 29 de junho de 2022",8870,11,5,R$ 42,R$ 210
9586,"quinta-feira, 30 de junho de 2022",8658,11,5,R$ 42,R$ 210
9598,"sexta-feira, 1 de julho de 2022",4180,11,5,R$ 42,R$ 210
9700,"segunda-feira, 4 de julho de 2022",7994,11,5,R$ 42,R$ 210
9790,"sexta-feira, 8 de julho de 2022",4135,11,5,R$ 42,R$ 210
9897,"segunda-feira, 11 de julho de 2022",5409,11,5,R$ 42,R$ 210
9975,"quinta-feira, 14 de julho de 2022",9790,11,5,R$ 42,R$ 210
9979,"quinta-feira, 14 de julho de 2022",506,11,5,R$ 42,R$ 210
10048,"sábado, 16 de julho de 2022",9612,11,5,R$ 42,R$ 210
10056,"domingo, 17 de julho de 2022",3125,11,5,R$ 42,R$ 210
10062,"domingo, 17 de julho de 2022",2500,11,5,R$ 42,R$ 210
10116,"terça-feira, 19 de julho de 2022",3683,11,5,R$ 42,R$ 210
10176,"quinta-feira, 21 de julho de 2022",6564,11,5,R$ 42,R$ 210
10319,"quarta-feira, 27 de julho de 2022",3753,11,5,R$ 42,R$ 210
10321,"quarta-feira, 27 de julho de 2022",10250,11,5,R$ 42,R$ 210
10360,"quinta-feira, 28 de julho de 2022",4362,11,5,R$ 42,R$ 210
10405,"sábado, 30 de julho de 2022",2260,11,5,R$ 42,R$ 210
10412,"domingo, 31 de julho de 2022",1222,11,5,R$ 42,R$ 210
10433,"segunda-feira, 1 de agosto de 2022",1682,11,5,R$ 42,R$ 210
10490,"terça-feira, 2 de agosto de 2022",4960,11,5,R$ 42,R$ 210
10693,"quarta-feira, 10 de agosto de 2022",6033,11,5,R$ 42,R$ 210
10791,"sábado, 13 de agosto de 2022",6162,11,5,R$ 42,R$ 210
10801,"domingo, 14 de agosto de 2022",2480,11,5,R$ 42,R$ 210
11265,"quinta-feira, 1 de setembro de 2022",5790,11,5,R$ 42,R$ 210
11439,"quinta-feira, 8 de setembro de 2022",2921,11,5,R$ 42,R$ 210
11448,"quinta-feira, 8 de setembro de 2022",9180,11,5,R$ 42,R$ 210
11511,"sábado, 10 de setembro de 2022",8477,11,5,R$ 42,R$ 210
11669,"sexta-feira, 16 de setembro de 2022",7176,11,5,R$ 42,R$ 210
11771,"terça-feira, 20 de setembro de 2022",552,11,5,R$ 42,R$ 210
11883,"sexta-feira, 23 de setembro de 2022",3366,11,5,R$ 42,R$ 210
11917,"domingo, 25 de setembro de 2022",9673,11,5,R$ 42,R$ 210
11929,"domingo, 25 de setembro de 2022",3021,11,5,R$ 42,R$ 210
12028,"quarta-feira, 28 de setembro de 2022",2697,11,5,R$ 42,R$ 210
12152,"segunda-feira, 3 de outubro de 2022",6347,11,5,R$ 42,R$ 210
12192,"quarta-feira, 5 de outubro de 2022",2542,11,5,R$ 42,R$ 210
12237,"sexta-feira, 7 de outubro de 2022",1550,11,5,R$ 42,R$ 210
12313,"domingo, 9 de outubro de 2022",4592,11,5,R$ 42,R$ 210
12317,"domingo, 9 de outubro de 2022",345,11,5,R$ 42,R$ 210
12323,"segunda-feira, 10 de outubro de 2022",498,11,5,R$ 42,R$ 210
12486,"domingo, 16 de outubro de 2022",3349,11,5,R$ 42,R$ 210
12524,"segunda-feira, 17 de outubro de 2022",1284,11,5,R$ 42,R$ 210
12688,"domingo, 23 de outubro de 2022",3486,11,5,R$ 42,R$ 210
12697,"domingo, 23 de outubro de 2022",3870,11,5,R$ 42,R$ 210
12723,"segunda-feira, 24 de outubro de 2022",4330,11,5,R$ 42,R$ 210
12755,"terça-feira, 25 de outubro de 2022",7993,11,5,R$ 42,R$ 210
12822,"quinta-feira, 27 de outubro de 2022",2215,11,5,R$ 42,R$ 210
12832,"sexta-feira, 28 de outubro de 2022",4947,11,5,R$ 42,R$ 210
12852,"sexta-feira, 28 de outubro de 2022",1996,11,5,R$ 42,R$ 210
12936,"terça-feira, 1 de novembro de 2022",430,11,5,R$ 42,R$ 210
13043,"sexta-feira, 4 de novembro de 2022",10029,11,5,R$ 42,R$ 210
13050,"sexta-feira, 4 de novembro de 2022",1942,11,5,R$ 42,R$ 210
13102,"domingo, 6 de novembro de 2022",6496,11,5,R$ 42,R$ 210
13120,"segunda-feira, 7 de novembro de 2022",4377,11,5,R$ 42,R$ 210
13223,"quinta-feira, 10 de novembro de 2022",6307,11,5,R$ 42,R$ 210
13377,"quarta-feira, 16 de novembro de 2022",2366,11,5,R$ 42,R$ 210
13401,"quarta-feira, 16 de novembro de 2022",9747,11,5,R$ 42,R$ 210
13524,"terça-feira, 22 de novembro de 2022",8504,11,5,R$ 42,R$ 210
13543,"terça-feira, 22 de novembro de 2022",3130,11,5,R$ 42,R$ 210
13591,"quinta-feira, 24 de novembro de 2022",6733,11,5,R$ 42,R$ 210
13595,"sexta-feira, 25 de novembro de 2022",759,11,5,R$ 42,R$ 210
13724,"quarta-feira, 30 de novembro de 2022",4284,11,5,R$ 42,R$ 210
13920,"segunda-feira, 12 de dezembro de 2022",3532,11,5,R$ 42,R$ 210
13926,"segunda-feira, 12 de dezembro de 2022",9797,11,5,R$ 42,R$ 210
14051,"quarta-feira, 28 de dezembro de 2022",6251,11,5,R$ 42,R$ 210
31,"segunda-feira, 18 de janeiro de 2021",2670,16,5,R$ 25,R$ 125
40,"sexta-feira, 1 de janeiro de 2021",6207,16,5,R$ 25,R$ 125
43,"sábado, 2 de janeiro de 2021",9736,16,5,R$ 25,R$ 125
64,"quinta-feira, 7 de janeiro de 2021",3197,16,5,R$ 25,R$ 125
71,"sexta-feira, 8 de janeiro de 2021",864,16,5,R$ 25,R$ 125
222,"terça-feira, 26 de janeiro de 2021",9551,16,5,R$ 25,R$ 125
268,"sábado, 30 de janeiro de 2021",3480,16,5,R$ 25,R$ 125
272,"sábado, 30 de janeiro de 2021",3599,16,5,R$ 25,R$ 125
339,"quarta-feira, 3 de fevereiro de 2021",9855,16,5,R$ 25,R$ 125
415,"quarta-feira, 10 de fevereiro de 2021",4779,16,5,R$ 25,R$ 125
513,"quinta-feira, 18 de fevereiro de 2021",927,16,5,R$ 25,R$ 125
515,"quinta-feira, 18 de fevereiro de 2021",1940,16,5,R$ 25,R$ 125
601,"sexta-feira, 26 de fevereiro de 2021",4268,16,5,R$ 25,R$ 125
632,"domingo, 28 de fevereiro de 2021",817,16,5,R$ 25,R$ 125
787,"quinta-feira, 11 de março de 2021",5707,16,5,R$ 25,R$ 125
1028,"sábado, 27 de março de 2021",647,16,5,R$ 25,R$ 125
1034,"sábado, 27 de março de 2021",4373,16,5,R$ 25,R$ 125
1071,"segunda-feira, 29 de março de 2021",1332,16,5,R$ 25,R$ 125
1322,"quinta-feira, 15 de abril de 2021",3693,16,5,R$ 25,R$ 125
1388,"terça-feira, 20 de abril de 2021",6565,16,5,R$ 25,R$ 125
1487,"terça-feira, 27 de abril de 2021",1633,16,5,R$ 25,R$ 125
1504,"quarta-feira, 28 de abril de 2021",5107,16,5,R$ 25,R$ 125
1510,"quinta-feira, 29 de abril de 2021",823,16,5,R$ 25,R$ 125
1569,"terça-feira, 4 de maio de 2021",9381,16,5,R$ 25,R$ 125
1601,"quarta-feira, 5 de maio de 2021",985,16,5,R$ 25,R$ 125
1678,"terça-feira, 11 de maio de 2021",1743,16,5,R$ 25,R$ 125
1713,"quinta-feira, 13 de maio de 2021",7862,16,5,R$ 25,R$ 125
1768,"quarta-feira, 19 de maio de 2021",7203,16,5,R$ 25,R$ 125
1798,"sexta-feira, 21 de maio de 2021",3491,16,5,R$ 25,R$ 125
1945,"terça-feira, 1 de junho de 2021",3768,16,5,R$ 25,R$ 125
2012,"domingo, 6 de junho de 2021",8947,16,5,R$ 25,R$ 125
2032,"terça-feira, 8 de junho de 2021",8901,16,5,R$ 25,R$ 125
2153,"domingo, 20 de junho de 2021",2781,16,5,R$ 25,R$ 125
2212,"quinta-feira, 24 de junho de 2021",573,16,5,R$ 25,R$ 125
2254,"segunda-feira, 28 de junho de 2021",1414,16,5,R$ 25,R$ 125
2278,"terça-feira, 29 de junho de 2021",9373,16,5,R$ 25,R$ 125
2367,"quinta-feira, 8 de julho de 2021",8963,16,5,R$ 25,R$ 125
2386,"sábado, 10 de julho de 2021",4691,16,5,R$ 25,R$ 125
2387,"sábado, 10 de julho de 2021",781,16,5,R$ 25,R$ 125
2454,"quinta-feira, 15 de julho de 2021",9476,16,5,R$ 25,R$ 125
2469,"sexta-feira, 16 de julho de 2021",4739,16,5,R$ 25,R$ 125
2509,"domingo, 18 de julho de 2021",4877,16,5,R$ 25,R$ 125
2595,"segunda-feira, 26 de julho de 2021",3679,16,5,R$ 25,R$ 125
2625,"quarta-feira, 28 de julho de 2021",997,16,5,R$ 25,R$ 125
2626,"quinta-feira, 29 de julho de 2021",9797,16,5,R$ 25,R$ 125
2641,"sexta-feira, 30 de julho de 2021",9747,16,5,R$ 25,R$ 125
2662,"domingo, 1 de agosto de 2021",4315,16,5,R$ 25,R$ 125
2705,"quarta-feira, 4 de agosto de 2021",4397,16,5,R$ 25,R$ 125
2910,"sexta-feira, 20 de agosto de 2021",3258,16,5,R$ 25,R$ 125
2944,"segunda-feira, 23 de agosto de 2021",9639,16,5,R$ 25,R$ 125
2983,"quinta-feira, 26 de agosto de 2021",8782,16,5,R$ 25,R$ 125
3078,"sábado, 4 de setembro de 2021",8137,16,5,R$ 25,R$ 125
3131,"quarta-feira, 8 de setembro de 2021",7056,16,5,R$ 25,R$ 125
3144,"quinta-feira, 9 de setembro de 2021",9297,16,5,R$ 25,R$ 125
3249,"sábado, 18 de setembro de 2021",9488,16,5,R$ 25,R$ 125
3335,"domingo, 26 de setembro de 2021",1533,16,5,R$ 25,R$ 125
3348,"segunda-feira, 27 de setembro de 2021",4838,16,5,R$ 25,R$ 125
3350,"segunda-feira, 27 de setembro de 2021",6589,16,5,R$ 25,R$ 125
3435,"domingo, 3 de outubro de 2021",2193,16,5,R$ 25,R$ 125
3599,"sábado, 16 de outubro de 2021",3828,16,5,R$ 25,R$ 125
3651,"sexta-feira, 22 de outubro de 2021",7141,16,5,R$ 25,R$ 125
3694,"segunda-feira, 25 de outubro de 2021",3922,16,5,R$ 25,R$ 125
3703,"segunda-feira, 25 de outubro de 2021",7654,16,5,R$ 25,R$ 125
3848,"sexta-feira, 5 de novembro de 2021",3490,16,5,R$ 25,R$ 125
3939,"sábado, 13 de novembro de 2021",1332,16,5,R$ 25,R$ 125
3951,"domingo, 14 de novembro de 2021",9781,16,5,R$ 25,R$ 125
3998,"quarta-feira, 17 de novembro de 2021",2448,16,5,R$ 25,R$ 125
4016,"quinta-feira, 18 de novembro de 2021",10173,16,5,R$ 25,R$ 125
4022,"quinta-feira, 18 de novembro de 2021",8577,16,5,R$ 25,R$ 125
4322,"quinta-feira, 9 de dezembro de 2021",1676,16,5,R$ 25,R$ 125
4438,"quinta-feira, 16 de dezembro de 2021",1738,16,5,R$ 25,R$ 125
4465,"sábado, 18 de dezembro de 2021",6047,16,5,R$ 25,R$ 125
4527,"terça-feira, 21 de dezembro de 2021",4099,16,5,R$ 25,R$ 125
4634,"segunda-feira, 27 de dezembro de 2021",2862,16,5,R$ 25,R$ 125
4719,"sexta-feira, 31 de dezembro de 2021",7986,16,5,R$ 25,R$ 125
4729,"sábado, 1 de janeiro de 2022",6712,16,5,R$ 25,R$ 125
4778,"segunda-feira, 3 de janeiro de 2022",6324,16,5,R$ 25,R$ 125
4782,"segunda-feira, 3 de janeiro de 2022",6012,16,5,R$ 25,R$ 125
4829,"quarta-feira, 5 de janeiro de 2022",1616,16,5,R$ 25,R$ 125
4871,"quinta-feira, 6 de janeiro de 2022",4655,16,5,R$ 25,R$ 125
4889,"sexta-feira, 7 de janeiro de 2022",6977,16,5,R$ 25,R$ 125
5013,"quarta-feira, 12 de janeiro de 2022",4491,16,5,R$ 25,R$ 125
5054,"sexta-feira, 14 de janeiro de 2022",820,16,5,R$ 25,R$ 125
5187,"quinta-feira, 20 de janeiro de 2022",7065,16,5,R$ 25,R$ 125
5327,"terça-feira, 25 de janeiro de 2022",8169,16,5,R$ 25,R$ 125
5347,"quarta-feira, 26 de janeiro de 2022",7321,16,5,R$ 25,R$ 125
5515,"terça-feira, 1 de fevereiro de 2022",831,16,5,R$ 25,R$ 125
5535,"quarta-feira, 2 de fevereiro de 2022",2570,16,5,R$ 25,R$ 125
5598,"sexta-feira, 4 de fevereiro de 2022",5872,16,5,R$ 25,R$ 125
5728,"terça-feira, 8 de fevereiro de 2022",3730,16,5,R$ 25,R$ 125
5811,"sábado, 12 de fevereiro de 2022",6912,16,5,R$ 25,R$ 125
6002,"sexta-feira, 18 de fevereiro de 2022",5926,16,5,R$ 25,R$ 125
6161,"quarta-feira, 23 de fevereiro de 2022",6003,16,5,R$ 25,R$ 125
6407,"sexta-feira, 4 de março de 2022",5672,16,5,R$ 25,R$ 125
6420,"sábado, 5 de março de 2022",4443,16,5,R$ 25,R$ 125
6473,"segunda-feira, 7 de março de 2022",8942,16,5,R$ 25,R$ 125
6542,"quarta-feira, 9 de março de 2022",6632,16,5,R$ 25,R$ 125
6553,"quinta-feira, 10 de março de 2022",430,16,5,R$ 25,R$ 125
6667,"segunda-feira, 14 de março de 2022",2656,16,5,R$ 25,R$ 125
6794,"sábado, 19 de março de 2022",5597,16,5,R$ 25,R$ 125
6864,"terça-feira, 22 de março de 2022",9728,16,5,R$ 25,R$ 125
6866,"terça-feira, 22 de março de 2022",5602,16,5,R$ 25,R$ 125
6958,"sábado, 26 de março de 2022",340,16,5,R$ 25,R$ 125
6981,"domingo, 27 de março de 2022",6710,16,5,R$ 25,R$ 125
7016,"segunda-feira, 28 de março de 2022",759,16,5,R$ 25,R$ 125
7178,"domingo, 3 de abril de 2022",10253,16,5,R$ 25,R$ 125
7285,"quinta-feira, 7 de abril de 2022",6683,16,5,R$ 25,R$ 125
7302,"sexta-feira, 8 de abril de 2022",4069,16,5,R$ 25,R$ 125
7482,"sexta-feira, 15 de abril de 2022",5466,16,5,R$ 25,R$ 125
7703,"sexta-feira, 22 de abril de 2022",9112,16,5,R$ 25,R$ 125
7920,"sábado, 30 de abril de 2022",3342,16,5,R$ 25,R$ 125
7931,"domingo, 1 de maio de 2022",6750,16,5,R$ 25,R$ 125
8135,"domingo, 8 de maio de 2022",8397,16,5,R$ 25,R$ 125
8141,"domingo, 8 de maio de 2022",6544,16,5,R$ 25,R$ 125
8293,"sábado, 14 de maio de 2022",7521,16,5,R$ 25,R$ 125
8314,"domingo, 15 de maio de 2022",1501,16,5,R$ 25,R$ 125
8362,"segunda-feira, 16 de maio de 2022",9308,16,5,R$ 25,R$ 125
8547,"segunda-feira, 23 de maio de 2022",4583,16,5,R$ 25,R$ 125
8553,"segunda-feira, 23 de maio de 2022",3901,16,5,R$ 25,R$ 125
8660,"sexta-feira, 27 de maio de 2022",446,16,5,R$ 25,R$ 125
8696,"sábado, 28 de maio de 2022",4460,16,5,R$ 25,R$ 125
8729,"domingo, 29 de maio de 2022",4285,16,5,R$ 25,R$ 125
8769,"terça-feira, 31 de maio de 2022",3951,16,5,R$ 25,R$ 125
8810,"quarta-feira, 1 de junho de 2022",9574,16,5,R$ 25,R$ 125
8938,"segunda-feira, 6 de junho de 2022",3397,16,5,R$ 25,R$ 125
8967,"terça-feira, 7 de junho de 2022",8381,16,5,R$ 25,R$ 125
9120,"segunda-feira, 13 de junho de 2022",8077,16,5,R$ 25,R$ 125
9199,"quinta-feira, 16 de junho de 2022",6647,16,5,R$ 25,R$ 125
9210,"quinta-feira, 16 de junho de 2022",619,16,5,R$ 25,R$ 125
9252,"sábado, 18 de junho de 2022",1991,16,5,R$ 25,R$ 125
9333,"terça-feira, 21 de junho de 2022",6232,16,5,R$ 25,R$ 125
9551,"quarta-feira, 29 de junho de 2022",3979,16,5,R$ 25,R$ 125
9609,"sexta-feira, 1 de julho de 2022",3308,16,5,R$ 25,R$ 125
9840,"domingo, 10 de julho de 2022",7239,16,5,R$ 25,R$ 125
9847,"domingo, 10 de julho de 2022",8602,16,5,R$ 25,R$ 125
9862,"domingo, 10 de julho de 2022",5890,16,5,R$ 25,R$ 125
9936,"quarta-feira, 13 de julho de 2022",1531,16,5,R$ 25,R$ 125
10003,"sexta-feira, 15 de julho de 2022",9510,16,5,R$ 25,R$ 125
10028,"sábado, 16 de julho de 2022",8571,16,5,R$ 25,R$ 125
10035,"sábado, 16 de julho de 2022",8904,16,5,R$ 25,R$ 125
10038,"sábado, 16 de julho de 2022",5558,16,5,R$ 25,R$ 125
10091,"segunda-feira, 18 de julho de 2022",102,16,5,R$ 25,R$ 125
10096,"segunda-feira, 18 de julho de 2022",3903,16,5,R$ 25,R$ 125
10120,"terça-feira, 19 de julho de 2022",9758,16,5,R$ 25,R$ 125
10133,"terça-feira, 19 de julho de 2022",3032,16,5,R$ 25,R$ 125
10167,"quarta-feira, 20 de julho de 2022",5126,16,5,R$ 25,R$ 125
10262,"segunda-feira, 25 de julho de 2022",1183,16,5,R$ 25,R$ 125
10271,"segunda-feira, 25 de julho de 2022",140,16,5,R$ 25,R$ 125
10325,"quarta-feira, 27 de julho de 2022",9583,16,5,R$ 25,R$ 125
10583,"sábado, 6 de agosto de 2022",3470,16,5,R$ 25,R$ 125
10592,"domingo, 7 de agosto de 2022",370,16,5,R$ 25,R$ 125
10600,"domingo, 7 de agosto de 2022",3969,16,5,R$ 25,R$ 125
10674,"terça-feira, 9 de agosto de 2022",518,16,5,R$ 25,R$ 125
10735,"quinta-feira, 11 de agosto de 2022",8181,16,5,R$ 25,R$ 125
10754,"sexta-feira, 12 de agosto de 2022",6152,16,5,R$ 25,R$ 125
10800,"domingo, 14 de agosto de 2022",2493,16,5,R$ 25,R$ 125
10809,"domingo, 14 de agosto de 2022",7059,16,5,R$ 25,R$ 125
10854,"terça-feira, 16 de agosto de 2022",10208,16,5,R$ 25,R$ 125
10872,"terça-feira, 16 de agosto de 2022",9362,16,5,R$ 25,R$ 125
10912,"quinta-feira, 18 de agosto de 2022",3440,16,5,R$ 25,R$ 125
11005,"segunda-feira, 22 de agosto de 2022",20,16,5,R$ 25,R$ 125
11294,"sexta-feira, 2 de setembro de 2022",7843,16,5,R$ 25,R$ 125
11319,"sábado, 3 de setembro de 2022",2587,16,5,R$ 25,R$ 125
11419,"quarta-feira, 7 de setembro de 2022",10186,16,5,R$ 25,R$ 125
11541,"domingo, 11 de setembro de 2022",7221,16,5,R$ 25,R$ 125
11543,"domingo, 11 de setembro de 2022",2168,16,5,R$ 25,R$ 125
11567,"segunda-feira, 12 de setembro de 2022",8204,16,5,R$ 25,R$ 125
11592,"terça-feira, 13 de setembro de 2022",9788,16,5,R$ 25,R$ 125
11753,"segunda-feira, 19 de setembro de 2022",5348,16,5,R$ 25,R$ 125
11805,"quarta-feira, 21 de setembro de 2022",112,16,5,R$ 25,R$ 125
11880,"sexta-feira, 23 de setembro de 2022",104,16,5,R$ 25,R$ 125
11889,"sexta-feira, 23 de setembro de 2022",1135,16,5,R$ 25,R$ 125
11905,"sábado, 24 de setembro de 2022",2636,16,5,R$ 25,R$ 125
11927,"domingo, 25 de setembro de 2022",8558,16,5,R$ 25,R$ 125
11988,"terça-feira, 27 de setembro de 2022",9075,16,5,R$ 25,R$ 125
12011,"quarta-feira, 28 de setembro de 2022",6032,16,5,R$ 25,R$ 125
12101,"sábado, 1 de outubro de 2022",9238,16,5,R$ 25,R$ 125
12201,"quarta-feira, 5 de outubro de 2022",1634,16,5,R$ 25,R$ 125
12355,"terça-feira, 11 de outubro de 2022",3936,16,5,R$ 25,R$ 125
12497,"domingo, 16 de outubro de 2022",9494,16,5,R$ 25,R$ 125
12735,"segunda-feira, 24 de outubro de 2022",4049,16,5,R$ 25,R$ 125
12777,"quarta-feira, 26 de outubro de 2022",3808,16,5,R$ 25,R$ 125
12785,"quarta-feira, 26 de outubro de 2022",3826,16,5,R$ 25,R$ 125
12899,"domingo, 30 de outubro de 2022",8893,16,5,R$ 25,R$ 125
12956,"terça-feira, 1 de novembro de 2022",3989,16,5,R$ 25,R$ 125
12992,"quarta-feira, 2 de novembro de 2022",7734,16,5,R$ 25,R$ 125
13125,"segunda-feira, 7 de novembro de 2022",5450,16,5,R$ 25,R$ 125
13280,"sábado, 12 de novembro de 2022",2728,16,5,R$ 25,R$ 125
13315,"domingo, 13 de novembro de 2022",1921,16,5,R$ 25,R$ 125
13322,"segunda-feira, 14 de novembro de 2022",5172,16,5,R$ 25,R$ 125
13363,"terça-feira, 15 de novembro de 2022",4174,16,5,R$ 25,R$ 125
13395,"quarta-feira, 16 de novembro de 2022",262,16,5,R$ 25,R$ 125
13413,"quinta-feira, 17 de novembro de 2022",2502,16,5,R$ 25,R$ 125
13461,"sábado, 19 de novembro de 2022",5036,16,5,R$ 25,R$ 125
13497,"segunda-feira, 21 de novembro de 2022",1402,16,5,R$ 25,R$ 125
13515,"segunda-feira, 21 de novembro de 2022",9396,16,5,R$ 25,R$ 125
13593,"sexta-feira, 25 de novembro de 2022",6931,16,5,R$ 25,R$ 125
13605,"sexta-feira, 25 de novembro de 2022",7362,16,5,R$ 25,R$ 125
13719,"quarta-feira, 30 de novembro de 2022",2502,16,5,R$ 25,R$ 125
13830,"segunda-feira, 5 de dezembro de 2022",250,16,5,R$ 25,R$ 125
13872,"sexta-feira, 9 de dezembro de 2022",2400,16,5,R$ 25,R$ 125
13910,"domingo, 11 de dezembro de 2022",6615,16,5,R$ 25,R$ 125
147,"segunda-feira, 18 de janeiro de 2021",2673,13,3,R$ 50,R$ 150
183,"sexta-feira, 22 de janeiro de 2021",8291,13,3,R$ 50,R$ 150
280,"sábado, 30 de janeiro de 2021",7341,13,3,R$ 50,R$ 150
282,"sábado, 30 de janeiro de 2021",1070,13,3,R$ 50,R$ 150
308,"terça-feira, 2 de fevereiro de 2021",5389,13,3,R$ 50,R$ 150
369,"sábado, 6 de fevereiro de 2021",4105,13,3,R$ 50,R$ 150
398,"segunda-feira, 8 de fevereiro de 2021",6675,13,3,R$ 50,R$ 150
403,"terça-feira, 9 de fevereiro de 2021",4247,13,3,R$ 50,R$ 150
471,"segunda-feira, 15 de fevereiro de 2021",4247,13,3,R$ 50,R$ 150
479,"segunda-feira, 15 de fevereiro de 2021",8269,13,3,R$ 50,R$ 150
526,"sexta-feira, 19 de fevereiro de 2021",6850,13,3,R$ 50,R$ 150
545,"domingo, 21 de fevereiro de 2021",8403,13,3,R$ 50,R$ 150
644,"segunda-feira, 1 de março de 2021",9728,13,3,R$ 50,R$ 150
713,"sexta-feira, 5 de março de 2021",8843,13,3,R$ 50,R$ 150
717,"sábado, 6 de março de 2021",9473,13,3,R$ 50,R$ 150
739,"domingo, 7 de março de 2021",719,13,3,R$ 50,R$ 150
869,"terça-feira, 16 de março de 2021",976,13,3,R$ 50,R$ 150
880,"quarta-feira, 17 de março de 2021",5358,13,3,R$ 50,R$ 150
1170,"segunda-feira, 5 de abril de 2021",9788,13,3,R$ 50,R$ 150
1270,"segunda-feira, 12 de abril de 2021",7956,13,3,R$ 50,R$ 150
1368,"segunda-feira, 19 de abril de 2021",6713,13,3,R$ 50,R$ 150
1534,"sábado, 1 de maio de 2021",378,13,3,R$ 50,R$ 150
1537,"sábado, 1 de maio de 2021",757,13,3,R$ 50,R$ 150
1551,"domingo, 2 de maio de 2021",5887,13,3,R$ 50,R$ 150
1606,"quarta-feira, 5 de maio de 2021",8435,13,3,R$ 50,R$ 150
1754,"segunda-feira, 17 de maio de 2021",4288,13,3,R$ 50,R$ 150
1978,"sexta-feira, 4 de junho de 2021",9169,13,3,R$ 50,R$ 150
2074,"domingo, 13 de junho de 2021",4951,13,3,R$ 50,R$ 150
2114,"quarta-feira, 16 de junho de 2021",5616,13,3,R$ 50,R$ 150
2123,"sexta-feira, 18 de junho de 2021",6309,13,3,R$ 50,R$ 150
2203,"quinta-feira, 24 de junho de 2021",5809,13,3,R$ 50,R$ 150
2318,"sábado, 3 de julho de 2021",4699,13,3,R$ 50,R$ 150
2327,"domingo, 4 de julho de 2021",9710,13,3,R$ 50,R$ 150
2346,"terça-feira, 6 de julho de 2021",335,13,3,R$ 50,R$ 150
2391,"sábado, 10 de julho de 2021",4413,13,3,R$ 50,R$ 150
2407,"domingo, 11 de julho de 2021",7856,13,3,R$ 50,R$ 150
2470,"sexta-feira, 16 de julho de 2021",9815,13,3,R$ 50,R$ 150
2475,"sexta-feira, 16 de julho de 2021",4175,13,3,R$ 50,R$ 150
2481,"sábado, 17 de julho de 2021",5295,13,3,R$ 50,R$ 150
2484,"sábado, 17 de julho de 2021",3719,13,3,R$ 50,R$ 150
2565,"sexta-feira, 23 de julho de 2021",5063,13,3,R$ 50,R$ 150
2666,"domingo, 1 de agosto de 2021",682,13,3,R$ 50,R$ 150
2804,"quinta-feira, 12 de agosto de 2021",7753,13,3,R$ 50,R$ 150
2975,"quarta-feira, 25 de agosto de 2021",5214,13,3,R$ 50,R$ 150
2996,"sexta-feira, 27 de agosto de 2021",399,13,3,R$ 50,R$ 150
3052,"quinta-feira, 2 de setembro de 2021",6966,13,3,R$ 50,R$ 150
3094,"domingo, 5 de setembro de 2021",1415,13,3,R$ 50,R$ 150
3117,"terça-feira, 7 de setembro de 2021",1497,13,3,R$ 50,R$ 150
3406,"sábado, 2 de outubro de 2021",6347,13,3,R$ 50,R$ 150
3492,"quinta-feira, 7 de outubro de 2021",3446,13,3,R$ 50,R$ 150
3558,"quarta-feira, 13 de outubro de 2021",8116,13,3,R$ 50,R$ 150
3692,"segunda-feira, 25 de outubro de 2021",1721,13,3,R$ 50,R$ 150
3749,"sexta-feira, 29 de outubro de 2021",7905,13,3,R$ 50,R$ 150
3784,"segunda-feira, 1 de novembro de 2021",5096,13,3,R$ 50,R$ 150
3923,"sexta-feira, 12 de novembro de 2021",9176,13,3,R$ 50,R$ 150
3932,"sábado, 13 de novembro de 2021",2554,13,3,R$ 50,R$ 150
3956,"domingo, 14 de novembro de 2021",3819,13,3,R$ 50,R$ 150
4024,"sexta-feira, 19 de novembro de 2021",4552,13,3,R$ 50,R$ 150
4082,"terça-feira, 23 de novembro de 2021",9393,13,3,R$ 50,R$ 150
4111,"quinta-feira, 25 de novembro de 2021",4115,13,3,R$ 50,R$ 150
4129,"sexta-feira, 26 de novembro de 2021",645,13,3,R$ 50,R$ 150
4136,"sábado, 27 de novembro de 2021",9269,13,3,R$ 50,R$ 150
4153,"domingo, 28 de novembro de 2021",6595,13,3,R$ 50,R$ 150
4357,"sábado, 11 de dezembro de 2021",6478,13,3,R$ 50,R$ 150
4398,"terça-feira, 14 de dezembro de 2021",5088,13,3,R$ 50,R$ 150
4415,"quarta-feira, 15 de dezembro de 2021",3116,13,3,R$ 50,R$ 150
4467,"sábado, 18 de dezembro de 2021",7103,13,3,R$ 50,R$ 150
4657,"terça-feira, 28 de dezembro de 2021",9366,13,3,R$ 50,R$ 150
4757,"domingo, 2 de janeiro de 2022",8414,13,3,R$ 50,R$ 150
4868,"quinta-feira, 6 de janeiro de 2022",4548,13,3,R$ 50,R$ 150
4962,"terça-feira, 11 de janeiro de 2022",4436,13,3,R$ 50,R$ 150
5080,"sábado, 15 de janeiro de 2022",3197,13,3,R$ 50,R$ 150
5114,"segunda-feira, 17 de janeiro de 2022",10167,13,3,R$ 50,R$ 150
5255,"sábado, 22 de janeiro de 2022",2446,13,3,R$ 50,R$ 150
5494,"terça-feira, 1 de fevereiro de 2022",1067,13,3,R$ 50,R$ 150
5525,"terça-feira, 1 de fevereiro de 2022",1025,13,3,R$ 50,R$ 150
5528,"terça-feira, 1 de fevereiro de 2022",7950,13,3,R$ 50,R$ 150
5620,"sexta-feira, 4 de fevereiro de 2022",10173,13,3,R$ 50,R$ 150
5884,"segunda-feira, 14 de fevereiro de 2022",10003,13,3,R$ 50,R$ 150
5918,"terça-feira, 15 de fevereiro de 2022",8770,13,3,R$ 50,R$ 150
5979,"quinta-feira, 17 de fevereiro de 2022",2526,13,3,R$ 50,R$ 150
5981,"quinta-feira, 17 de fevereiro de 2022",8488,13,3,R$ 50,R$ 150
6026,"sábado, 19 de fevereiro de 2022",2449,13,3,R$ 50,R$ 150
6029,"sábado, 19 de fevereiro de 2022",3549,13,3,R$ 50,R$ 150
6116,"terça-feira, 22 de fevereiro de 2022",4901,13,3,R$ 50,R$ 150
6302,"segunda-feira, 28 de fevereiro de 2022",1236,13,3,R$ 50,R$ 150
6334,"terça-feira, 1 de março de 2022",3501,13,3,R$ 50,R$ 150
6365,"quinta-feira, 3 de março de 2022",1297,13,3,R$ 50,R$ 150
6373,"quinta-feira, 3 de março de 2022",5231,13,3,R$ 50,R$ 150
6408,"sexta-feira, 4 de março de 2022",4775,13,3,R$ 50,R$ 150
6470,"segunda-feira, 7 de março de 2022",1144,13,3,R$ 50,R$ 150
6567,"quinta-feira, 10 de março de 2022",1718,13,3,R$ 50,R$ 150
6669,"segunda-feira, 14 de março de 2022",7359,13,3,R$ 50,R$ 150
6710,"quarta-feira, 16 de março de 2022",8777,13,3,R$ 50,R$ 150
6743,"quinta-feira, 17 de março de 2022",4221,13,3,R$ 50,R$ 150
6764,"sexta-feira, 18 de março de 2022",2023,13,3,R$ 50,R$ 150
6823,"segunda-feira, 21 de março de 2022",7517,13,3,R$ 50,R$ 150
6899,"quinta-feira, 24 de março de 2022",4655,13,3,R$ 50,R$ 150
6902,"quinta-feira, 24 de março de 2022",5151,13,3,R$ 50,R$ 150
6915,"quinta-feira, 24 de março de 2022",4301,13,3,R$ 50,R$ 150
6989,"domingo, 27 de março de 2022",8381,13,3,R$ 50,R$ 150
7104,"quinta-feira, 31 de março de 2022",9937,13,3,R$ 50,R$ 150
7292,"quinta-feira, 7 de abril de 2022",2228,13,3,R$ 50,R$ 150
7337,"sábado, 9 de abril de 2022",2649,13,3,R$ 50,R$ 150
7821,"quarta-feira, 27 de abril de 2022",3580,13,3,R$ 50,R$ 150
8082,"sexta-feira, 6 de maio de 2022",6837,13,3,R$ 50,R$ 150
8162,"domingo, 8 de maio de 2022",322,13,3,R$ 50,R$ 150
8173,"segunda-feira, 9 de maio de 2022",739,13,3,R$ 50,R$ 150
8190,"terça-feira, 10 de maio de 2022",4384,13,3,R$ 50,R$ 150
8227,"quarta-feira, 11 de maio de 2022",9725,13,3,R$ 50,R$ 150
8353,"segunda-feira, 16 de maio de 2022",2177,13,3,R$ 50,R$ 150
8403,"quarta-feira, 18 de maio de 2022",9268,13,3,R$ 50,R$ 150
8497,"sábado, 21 de maio de 2022",3539,13,3,R$ 50,R$ 150
8529,"domingo, 22 de maio de 2022",8490,13,3,R$ 50,R$ 150
8613,"quarta-feira, 25 de maio de 2022",4676,13,3,R$ 50,R$ 150
8664,"sexta-feira, 27 de maio de 2022",7152,13,3,R$ 50,R$ 150
8690,"sábado, 28 de maio de 2022",3542,13,3,R$ 50,R$ 150
8878,"sábado, 4 de junho de 2022",9262,13,3,R$ 50,R$ 150
8953,"terça-feira, 7 de junho de 2022",8407,13,3,R$ 50,R$ 150
8981,"quarta-feira, 8 de junho de 2022",6961,13,3,R$ 50,R$ 150
9052,"sexta-feira, 10 de junho de 2022",8350,13,3,R$ 50,R$ 150
9238,"sexta-feira, 17 de junho de 2022",9318,13,3,R$ 50,R$ 150
9250,"sábado, 18 de junho de 2022",9487,13,3,R$ 50,R$ 150
9283,"domingo, 19 de junho de 2022",3169,13,3,R$ 50,R$ 150
9378,"quarta-feira, 22 de junho de 2022",7946,13,3,R$ 50,R$ 150
9426,"sábado, 25 de junho de 2022",2311,13,3,R$ 50,R$ 150
9559,"quarta-feira, 29 de junho de 2022",8263,13,3,R$ 50,R$ 150
9582,"quinta-feira, 30 de junho de 2022",6849,13,3,R$ 50,R$ 150
9606,"sexta-feira, 1 de julho de 2022",370,13,3,R$ 50,R$ 150
9670,"segunda-feira, 4 de julho de 2022",3324,13,3,R$ 50,R$ 150
9779,"quinta-feira, 7 de julho de 2022",1487,13,3,R$ 50,R$ 150
9797,"sexta-feira, 8 de julho de 2022",5478,13,3,R$ 50,R$ 150
9884,"segunda-feira, 11 de julho de 2022",8902,13,3,R$ 50,R$ 150
10196,"quinta-feira, 21 de julho de 2022",1593,13,3,R$ 50,R$ 150
10250,"domingo, 24 de julho de 2022",4407,13,3,R$ 50,R$ 150
10307,"terça-feira, 26 de julho de 2022",7110,13,3,R$ 50,R$ 150
10378,"sexta-feira, 29 de julho de 2022",3817,13,3,R$ 50,R$ 150
10398,"sábado, 30 de julho de 2022",6001,13,3,R$ 50,R$ 150
10403,"sábado, 30 de julho de 2022",6824,13,3,R$ 50,R$ 150
10454,"segunda-feira, 1 de agosto de 2022",1013,13,3,R$ 50,R$ 150
10560,"sexta-feira, 5 de agosto de 2022",2300,13,3,R$ 50,R$ 150
10657,"terça-feira, 9 de agosto de 2022",2115,13,3,R$ 50,R$ 150
10764,"sábado, 13 de agosto de 2022",1845,13,3,R$ 50,R$ 150
10833,"segunda-feira, 15 de agosto de 2022",6944,13,3,R$ 50,R$ 150
10875,"quarta-feira, 17 de agosto de 2022",8932,13,3,R$ 50,R$ 150
10981,"domingo, 21 de agosto de 2022",7733,13,3,R$ 50,R$ 150
11046,"quarta-feira, 24 de agosto de 2022",6910,13,3,R$ 50,R$ 150
11231,"quarta-feira, 31 de agosto de 2022",8827,13,3,R$ 50,R$ 150
11287,"quinta-feira, 1 de setembro de 2022",5452,13,3,R$ 50,R$ 150
11288,"quinta-feira, 1 de setembro de 2022",1135,13,3,R$ 50,R$ 150
11309,"sábado, 3 de setembro de 2022",6524,13,3,R$ 50,R$ 150
11317,"sábado, 3 de setembro de 2022",7072,13,3,R$ 50,R$ 150
11369,"segunda-feira, 5 de setembro de 2022",7767,13,3,R$ 50,R$ 150
11407,"quarta-feira, 7 de setembro de 2022",9601,13,3,R$ 50,R$ 150
11428,"quarta-feira, 7 de setembro de 2022",6679,13,3,R$ 50,R$ 150
11609,"quarta-feira, 14 de setembro de 2022",1266,13,3,R$ 50,R$ 150
11696,"sábado, 17 de setembro de 2022",3701,13,3,R$ 50,R$ 150
11714,"domingo, 18 de setembro de 2022",1874,13,3,R$ 50,R$ 150
11747,"segunda-feira, 19 de setembro de 2022",4579,13,3,R$ 50,R$ 150
11762,"terça-feira, 20 de setembro de 2022",4188,13,3,R$ 50,R$ 150
11792,"quarta-feira, 21 de setembro de 2022",430,13,3,R$ 50,R$ 150
11959,"segunda-feira, 26 de setembro de 2022",8121,13,3,R$ 50,R$ 150
12026,"quarta-feira, 28 de setembro de 2022",1696,13,3,R$ 50,R$ 150
12077,"sexta-feira, 30 de setembro de 2022",5379,13,3,R$ 50,R$ 150
12121,"domingo, 2 de outubro de 2022",9830,13,3,R$ 50,R$ 150
12251,"sexta-feira, 7 de outubro de 2022",5053,13,3,R$ 50,R$ 150
12321,"segunda-feira, 10 de outubro de 2022",4419,13,3,R$ 50,R$ 150
12504,"domingo, 16 de outubro de 2022",1550,13,3,R$ 50,R$ 150
12564,"quarta-feira, 19 de outubro de 2022",6971,13,3,R$ 50,R$ 150
12693,"domingo, 23 de outubro de 2022",9703,13,3,R$ 50,R$ 150
12708,"domingo, 23 de outubro de 2022",6457,13,3,R$ 50,R$ 150
12772,"quarta-feira, 26 de outubro de 2022",2584,13,3,R$ 50,R$ 150
12801,"quinta-feira, 27 de outubro de 2022",9425,13,3,R$ 50,R$ 150
12850,"sexta-feira, 28 de outubro de 2022",8766,13,3,R$ 50,R$ 150
12892,"domingo, 30 de outubro de 2022",2078,13,3,R$ 50,R$ 150
12897,"domingo, 30 de outubro de 2022",2727,13,3,R$ 50,R$ 150
13021,"quinta-feira, 3 de novembro de 2022",10280,13,3,R$ 50,R$ 150
13070,"sábado, 5 de novembro de 2022",7152,13,3,R$ 50,R$ 150
13121,"segunda-feira, 7 de novembro de 2022",4364,13,3,R$ 50,R$ 150
13172,"quarta-feira, 9 de novembro de 2022",3794,13,3,R$ 50,R$ 150
13276,"sábado, 12 de novembro de 2022",9956,13,3,R$ 50,R$ 150
13353,"terça-feira, 15 de novembro de 2022",2169,13,3,R$ 50,R$ 150
13361,"terça-feira, 15 de novembro de 2022",3206,13,3,R$ 50,R$ 150
13396,"quarta-feira, 16 de novembro de 2022",1542,13,3,R$ 50,R$ 150
13403,"quinta-feira, 17 de novembro de 2022",7964,13,3,R$ 50,R$ 150
13517,"terça-feira, 22 de novembro de 2022",8710,13,3,R$ 50,R$ 150
13603,"sexta-feira, 25 de novembro de 2022",6151,13,3,R$ 50,R$ 150
13627,"sábado, 26 de novembro de 2022",155,13,3,R$ 50,R$ 150
13681,"segunda-feira, 28 de novembro de 2022",8427,13,3,R$ 50,R$ 150
13770,"sexta-feira, 2 de dezembro de 2022",3295,13,3,R$ 50,R$ 150
13852,"quarta-feira, 7 de dezembro de 2022",7502,13,3,R$ 50,R$ 150
13864,"quinta-feira, 8 de dezembro de 2022",5250,13,3,R$ 50,R$ 150
50,"segunda-feira, 4 de janeiro de 2021",1940,14,3,"R$ 2,5","R$ 7,5"
353,"quinta-feira, 4 de fevereiro de 2021",5341,14,3,"R$ 2,5","R$ 7,5"
360,"sexta-feira, 5 de fevereiro de 2021",3567,14,3,"R$ 2,5","R$ 7,5"
431,"quinta-feira, 11 de fevereiro de 2021",7413,14,3,"R$ 2,5","R$ 7,5"
448,"sábado, 13 de fevereiro de 2021",1999,14,3,"R$ 2,5","R$ 7,5"
456,"domingo, 14 de fevereiro de 2021",9728,14,3,"R$ 2,5","R$ 7,5"
572,"quarta-feira, 24 de fevereiro de 2021",9129,14,3,"R$ 2,5","R$ 7,5"
582,"quarta-feira, 24 de fevereiro de 2021",9748,14,3,"R$ 2,5","R$ 7,5"
595,"quinta-feira, 25 de fevereiro de 2021",3799,14,3,"R$ 2,5","R$ 7,5"
617,"domingo, 28 de fevereiro de 2021",6501,14,3,"R$ 2,5","R$ 7,5"
634,"domingo, 28 de fevereiro de 2021",9728,14,3,"R$ 2,5","R$ 7,5"
654,"segunda-feira, 1 de março de 2021",2861,14,3,"R$ 2,5","R$ 7,5"
683,"quarta-feira, 3 de março de 2021",6079,14,3,"R$ 2,5","R$ 7,5"
759,"terça-feira, 9 de março de 2021",602,14,3,"R$ 2,5","R$ 7,5"
821,"sábado, 13 de março de 2021",7171,14,3,"R$ 2,5","R$ 7,5"
878,"quarta-feira, 17 de março de 2021",2684,14,3,"R$ 2,5","R$ 7,5"
890,"quinta-feira, 18 de março de 2021",5037,14,3,"R$ 2,5","R$ 7,5"
907,"sexta-feira, 19 de março de 2021",4547,14,3,"R$ 2,5","R$ 7,5"
1003,"quinta-feira, 25 de março de 2021",8074,14,3,"R$ 2,5","R$ 7,5"
1022,"sábado, 27 de março de 2021",9340,14,3,"R$ 2,5","R$ 7,5"
1133,"sábado, 3 de abril de 2021",2314,14,3,"R$ 2,5","R$ 7,5"
1169,"segunda-feira, 5 de abril de 2021",1271,14,3,"R$ 2,5","R$ 7,5"
1252,"domingo, 11 de abril de 2021",6554,14,3,"R$ 2,5","R$ 7,5"
1276,"terça-feira, 13 de abril de 2021",168,14,3,"R$ 2,5","R$ 7,5"
1282,"terça-feira, 13 de abril de 2021",105,14,3,"R$ 2,5","R$ 7,5"
1341,"sábado, 17 de abril de 2021",2614,14,3,"R$ 2,5","R$ 7,5"
1434,"sexta-feira, 23 de abril de 2021",6288,14,3,"R$ 2,5","R$ 7,5"
1469,"domingo, 25 de abril de 2021",392,14,3,"R$ 2,5","R$ 7,5"
1631,"sexta-feira, 7 de maio de 2021",7619,14,3,"R$ 2,5","R$ 7,5"
1879,"quinta-feira, 27 de maio de 2021",4633,14,3,"R$ 2,5","R$ 7,5"
1894,"sexta-feira, 28 de maio de 2021",3282,14,3,"R$ 2,5","R$ 7,5"
1948,"terça-feira, 1 de junho de 2021",8528,14,3,"R$ 2,5","R$ 7,5"
2126,"sexta-feira, 18 de junho de 2021",4209,14,3,"R$ 2,5","R$ 7,5"
2289,"quarta-feira, 30 de junho de 2021",1484,14,3,"R$ 2,5","R$ 7,5"
2332,"domingo, 4 de julho de 2021",7469,14,3,"R$ 2,5","R$ 7,5"
2333,"domingo, 4 de julho de 2021",7393,14,3,"R$ 2,5","R$ 7,5"
2371,"quinta-feira, 8 de julho de 2021",6454,14,3,"R$ 2,5","R$ 7,5"
2372,"quinta-feira, 8 de julho de 2021",5188,14,3,"R$ 2,5","R$ 7,5"
2380,"sexta-feira, 9 de julho de 2021",3012,14,3,"R$ 2,5","R$ 7,5"
2422,"segunda-feira, 12 de julho de 2021",2908,14,3,"R$ 2,5","R$ 7,5"
2631,"quinta-feira, 29 de julho de 2021",563,14,3,"R$ 2,5","R$ 7,5"
2680,"segunda-feira, 2 de agosto de 2021",1529,14,3,"R$ 2,5","R$ 7,5"
2767,"segunda-feira, 9 de agosto de 2021",1706,14,3,"R$ 2,5","R$ 7,5"
2807,"quinta-feira, 12 de agosto de 2021",8288,14,3,"R$ 2,5","R$ 7,5"
2835,"domingo, 15 de agosto de 2021",6703,14,3,"R$ 2,5","R$ 7,5"
2848,"segunda-feira, 16 de agosto de 2021",1432,14,3,"R$ 2,5","R$ 7,5"
2911,"sábado, 21 de agosto de 2021",8937,14,3,"R$ 2,5","R$ 7,5"
2919,"sábado, 21 de agosto de 2021",7377,14,3,"R$ 2,5","R$ 7,5"
2925,"domingo, 22 de agosto de 2021",3759,14,3,"R$ 2,5","R$ 7,5"
2964,"quarta-feira, 25 de agosto de 2021",6113,14,3,"R$ 2,5","R$ 7,5"
3036,"terça-feira, 31 de agosto de 2021",1545,14,3,"R$ 2,5","R$ 7,5"
3127,"quarta-feira, 8 de setembro de 2021",4169,14,3,"R$ 2,5","R$ 7,5"
3154,"sexta-feira, 10 de setembro de 2021",7720,14,3,"R$ 2,5","R$ 7,5"
3155,"sexta-feira, 10 de setembro de 2021",4021,14,3,"R$ 2,5","R$ 7,5"
3269,"domingo, 19 de setembro de 2021",4954,14,3,"R$ 2,5","R$ 7,5"
3342,"segunda-feira, 27 de setembro de 2021",1274,14,3,"R$ 2,5","R$ 7,5"
3360,"terça-feira, 28 de setembro de 2021",1965,14,3,"R$ 2,5","R$ 7,5"
3456,"terça-feira, 5 de outubro de 2021",8684,14,3,"R$ 2,5","R$ 7,5"
3530,"domingo, 10 de outubro de 2021",6074,14,3,"R$ 2,5","R$ 7,5"
3743,"sexta-feira, 29 de outubro de 2021",6729,14,3,"R$ 2,5","R$ 7,5"
3826,"quinta-feira, 4 de novembro de 2021",9040,14,3,"R$ 2,5","R$ 7,5"
3843,"sexta-feira, 5 de novembro de 2021",1003,14,3,"R$ 2,5","R$ 7,5"
3853,"sábado, 6 de novembro de 2021",4861,14,3,"R$ 2,5","R$ 7,5"
3872,"domingo, 7 de novembro de 2021",5365,14,3,"R$ 2,5","R$ 7,5"
3905,"quinta-feira, 11 de novembro de 2021",1642,14,3,"R$ 2,5","R$ 7,5"
3909,"quinta-feira, 11 de novembro de 2021",369,14,3,"R$ 2,5","R$ 7,5"
3993,"quarta-feira, 17 de novembro de 2021",8242,14,3,"R$ 2,5","R$ 7,5"
4003,"quarta-feira, 17 de novembro de 2021",1346,14,3,"R$ 2,5","R$ 7,5"
4095,"quarta-feira, 24 de novembro de 2021",4606,14,3,"R$ 2,5","R$ 7,5"
4161,"segunda-feira, 29 de novembro de 2021",3115,14,3,"R$ 2,5","R$ 7,5"
4352,"sábado, 11 de dezembro de 2021",10068,14,3,"R$ 2,5","R$ 7,5"
4523,"terça-feira, 21 de dezembro de 2021",4892,14,3,"R$ 2,5","R$ 7,5"
4526,"terça-feira, 21 de dezembro de 2021",7376,14,3,"R$ 2,5","R$ 7,5"
4557,"quinta-feira, 23 de dezembro de 2021",5909,14,3,"R$ 2,5","R$ 7,5"
4893,"sexta-feira, 7 de janeiro de 2022",7486,14,3,"R$ 2,5","R$ 7,5"
4902,"sábado, 8 de janeiro de 2022",7279,14,3,"R$ 2,5","R$ 7,5"
4961,"segunda-feira, 10 de janeiro de 2022",7085,14,3,"R$ 2,5","R$ 7,5"
5017,"quinta-feira, 13 de janeiro de 2022",6350,14,3,"R$ 2,5","R$ 7,5"
5120,"segunda-feira, 17 de janeiro de 2022",7951,14,3,"R$ 2,5","R$ 7,5"
5627,"sábado, 5 de fevereiro de 2022",7052,14,3,"R$ 2,5","R$ 7,5"
5674,"domingo, 6 de fevereiro de 2022",10177,14,3,"R$ 2,5","R$ 7,5"
5796,"sexta-feira, 11 de fevereiro de 2022",2787,14,3,"R$ 2,5","R$ 7,5"
5840,"sábado, 12 de fevereiro de 2022",7723,14,3,"R$ 2,5","R$ 7,5"
5852,"domingo, 13 de fevereiro de 2022",9550,14,3,"R$ 2,5","R$ 7,5"
5925,"terça-feira, 15 de fevereiro de 2022",9462,14,3,"R$ 2,5","R$ 7,5"
5951,"quarta-feira, 16 de fevereiro de 2022",4198,14,3,"R$ 2,5","R$ 7,5"
5960,"quinta-feira, 17 de fevereiro de 2022",8993,14,3,"R$ 2,5","R$ 7,5"
6323,"terça-feira, 1 de março de 2022",850,14,3,"R$ 2,5","R$ 7,5"
6467,"segunda-feira, 7 de março de 2022",9895,14,3,"R$ 2,5","R$ 7,5"
6498,"terça-feira, 8 de março de 2022",10003,14,3,"R$ 2,5","R$ 7,5"
6695,"terça-feira, 15 de março de 2022",3602,14,3,"R$ 2,5","R$ 7,5"
6811,"domingo, 20 de março de 2022",8534,14,3,"R$ 2,5","R$ 7,5"
6900,"quinta-feira, 24 de março de 2022",4485,14,3,"R$ 2,5","R$ 7,5"
6934,"sexta-feira, 25 de março de 2022",3207,14,3,"R$ 2,5","R$ 7,5"
7017,"segunda-feira, 28 de março de 2022",7965,14,3,"R$ 2,5","R$ 7,5"
7055,"terça-feira, 29 de março de 2022",782,14,3,"R$ 2,5","R$ 7,5"
7108,"quinta-feira, 31 de março de 2022",4094,14,3,"R$ 2,5","R$ 7,5"
7111,"quinta-feira, 31 de março de 2022",4284,14,3,"R$ 2,5","R$ 7,5"
7202,"segunda-feira, 4 de abril de 2022",8235,14,3,"R$ 2,5","R$ 7,5"
7243,"terça-feira, 5 de abril de 2022",511,14,3,"R$ 2,5","R$ 7,5"
7265,"quarta-feira, 6 de abril de 2022",4250,14,3,"R$ 2,5","R$ 7,5"
7336,"sábado, 9 de abril de 2022",7409,14,3,"R$ 2,5","R$ 7,5"
7348,"sábado, 9 de abril de 2022",4495,14,3,"R$ 2,5","R$ 7,5"
7374,"domingo, 10 de abril de 2022",4892,14,3,"R$ 2,5","R$ 7,5"
7461,"quinta-feira, 14 de abril de 2022",4221,14,3,"R$ 2,5","R$ 7,5"
7777,"segunda-feira, 25 de abril de 2022",1554,14,3,"R$ 2,5","R$ 7,5"
7788,"terça-feira, 26 de abril de 2022",7355,14,3,"R$ 2,5","R$ 7,5"
7871,"sexta-feira, 29 de abril de 2022",9868,14,3,"R$ 2,5","R$ 7,5"
7880,"sexta-feira, 29 de abril de 2022",774,14,3,"R$ 2,5","R$ 7,5"
7937,"domingo, 1 de maio de 2022",3714,14,3,"R$ 2,5","R$ 7,5"
8043,"quinta-feira, 5 de maio de 2022",280,14,3,"R$ 2,5","R$ 7,5"
8057,"quinta-feira, 5 de maio de 2022",7338,14,3,"R$ 2,5","R$ 7,5"
8075,"sexta-feira, 6 de maio de 2022",9844,14,3,"R$ 2,5","R$ 7,5"
8171,"segunda-feira, 9 de maio de 2022",7724,14,3,"R$ 2,5","R$ 7,5"
8179,"segunda-feira, 9 de maio de 2022",8571,14,3,"R$ 2,5","R$ 7,5"
8213,"terça-feira, 10 de maio de 2022",6522,14,3,"R$ 2,5","R$ 7,5"
8219,"quarta-feira, 11 de maio de 2022",8145,14,3,"R$ 2,5","R$ 7,5"
8235,"quarta-feira, 11 de maio de 2022",8218,14,3,"R$ 2,5","R$ 7,5"
8310,"domingo, 15 de maio de 2022",9868,14,3,"R$ 2,5","R$ 7,5"
8596,"quarta-feira, 25 de maio de 2022",8907,14,3,"R$ 2,5","R$ 7,5"
8661,"sexta-feira, 27 de maio de 2022",4495,14,3,"R$ 2,5","R$ 7,5"
8987,"quarta-feira, 8 de junho de 2022",10177,14,3,"R$ 2,5","R$ 7,5"
9063,"sábado, 11 de junho de 2022",9228,14,3,"R$ 2,5","R$ 7,5"
9139,"terça-feira, 14 de junho de 2022",4101,14,3,"R$ 2,5","R$ 7,5"
9182,"quarta-feira, 15 de junho de 2022",1554,14,3,"R$ 2,5","R$ 7,5"
9255,"sábado, 18 de junho de 2022",3749,14,3,"R$ 2,5","R$ 7,5"
9259,"sábado, 18 de junho de 2022",1312,14,3,"R$ 2,5","R$ 7,5"
9347,"terça-feira, 21 de junho de 2022",4932,14,3,"R$ 2,5","R$ 7,5"
9414,"sexta-feira, 24 de junho de 2022",2675,14,3,"R$ 2,5","R$ 7,5"
9448,"sábado, 25 de junho de 2022",2693,14,3,"R$ 2,5","R$ 7,5"
9552,"quarta-feira, 29 de junho de 2022",754,14,3,"R$ 2,5","R$ 7,5"
9602,"sexta-feira, 1 de julho de 2022",9451,14,3,"R$ 2,5","R$ 7,5"
9615,"sábado, 2 de julho de 2022",9844,14,3,"R$ 2,5","R$ 7,5"
9667,"segunda-feira, 4 de julho de 2022",1177,14,3,"R$ 2,5","R$ 7,5"
9677,"segunda-feira, 4 de julho de 2022",8775,14,3,"R$ 2,5","R$ 7,5"
9678,"segunda-feira, 4 de julho de 2022",8040,14,3,"R$ 2,5","R$ 7,5"
9694,"segunda-feira, 4 de julho de 2022",6717,14,3,"R$ 2,5","R$ 7,5"
9736,"quarta-feira, 6 de julho de 2022",6944,14,3,"R$ 2,5","R$ 7,5"
9814,"sexta-feira, 8 de julho de 2022",3234,14,3,"R$ 2,5","R$ 7,5"
9837,"sábado, 9 de julho de 2022",4488,14,3,"R$ 2,5","R$ 7,5"
9885,"segunda-feira, 11 de julho de 2022",2147,14,3,"R$ 2,5","R$ 7,5"
9896,"segunda-feira, 11 de julho de 2022",7134,14,3,"R$ 2,5","R$ 7,5"
10105,"segunda-feira, 18 de julho de 2022",1391,14,3,"R$ 2,5","R$ 7,5"
10197,"quinta-feira, 21 de julho de 2022",1948,14,3,"R$ 2,5","R$ 7,5"
10209,"sexta-feira, 22 de julho de 2022",8952,14,3,"R$ 2,5","R$ 7,5"
10331,"quarta-feira, 27 de julho de 2022",1636,14,3,"R$ 2,5","R$ 7,5"
10379,"sexta-feira, 29 de julho de 2022",4325,14,3,"R$ 2,5","R$ 7,5"
10423,"domingo, 31 de julho de 2022",6406,14,3,"R$ 2,5","R$ 7,5"
10450,"segunda-feira, 1 de agosto de 2022",6934,14,3,"R$ 2,5","R$ 7,5"
10458,"segunda-feira, 1 de agosto de 2022",5686,14,3,"R$ 2,5","R$ 7,5"
10461,"segunda-feira, 1 de agosto de 2022",7963,14,3,"R$ 2,5","R$ 7,5"
10536,"quinta-feira, 4 de agosto de 2022",6081,14,3,"R$ 2,5","R$ 7,5"
10568,"sexta-feira, 5 de agosto de 2022",5099,14,3,"R$ 2,5","R$ 7,5"
10622,"segunda-feira, 8 de agosto de 2022",3068,14,3,"R$ 2,5","R$ 7,5"
10643,"segunda-feira, 8 de agosto de 2022",1844,14,3,"R$ 2,5","R$ 7,5"
10763,"sábado, 13 de agosto de 2022",5627,14,3,"R$ 2,5","R$ 7,5"
11039,"terça-feira, 23 de agosto de 2022",9448,14,3,"R$ 2,5","R$ 7,5"
11232,"quarta-feira, 31 de agosto de 2022",3759,14,3,"R$ 2,5","R$ 7,5"
11252,"quarta-feira, 31 de agosto de 2022",10226,14,3,"R$ 2,5","R$ 7,5"
11274,"quinta-feira, 1 de setembro de 2022",9610,14,3,"R$ 2,5","R$ 7,5"
11281,"quinta-feira, 1 de setembro de 2022",6240,14,3,"R$ 2,5","R$ 7,5"
11298,"sexta-feira, 2 de setembro de 2022",2921,14,3,"R$ 2,5","R$ 7,5"
11325,"sábado, 3 de setembro de 2022",3186,14,3,"R$ 2,5","R$ 7,5"
11390,"terça-feira, 6 de setembro de 2022",4620,14,3,"R$ 2,5","R$ 7,5"
11399,"terça-feira, 6 de setembro de 2022",7593,14,3,"R$ 2,5","R$ 7,5"
11524,"domingo, 11 de setembro de 2022",1975,14,3,"R$ 2,5","R$ 7,5"
11614,"quarta-feira, 14 de setembro de 2022",10095,14,3,"R$ 2,5","R$ 7,5"
11620,"quarta-feira, 14 de setembro de 2022",7814,14,3,"R$ 2,5","R$ 7,5"
11875,"sexta-feira, 23 de setembro de 2022",1265,14,3,"R$ 2,5","R$ 7,5"
12014,"quarta-feira, 28 de setembro de 2022",3593,14,3,"R$ 2,5","R$ 7,5"
12184,"quarta-feira, 5 de outubro de 2022",4742,14,3,"R$ 2,5","R$ 7,5"
12370,"terça-feira, 11 de outubro de 2022",5172,14,3,"R$ 2,5","R$ 7,5"
12410,"quinta-feira, 13 de outubro de 2022",9197,14,3,"R$ 2,5","R$ 7,5"
12422,"quinta-feira, 13 de outubro de 2022",335,14,3,"R$ 2,5","R$ 7,5"
12692,"domingo, 23 de outubro de 2022",2099,14,3,"R$ 2,5","R$ 7,5"
12820,"quinta-feira, 27 de outubro de 2022",9195,14,3,"R$ 2,5","R$ 7,5"
12842,"sexta-feira, 28 de outubro de 2022",7670,14,3,"R$ 2,5","R$ 7,5"
12887,"domingo, 30 de outubro de 2022",3941,14,3,"R$ 2,5","R$ 7,5"
12896,"domingo, 30 de outubro de 2022",6464,14,3,"R$ 2,5","R$ 7,5"
12903,"domingo, 30 de outubro de 2022",5512,14,3,"R$ 2,5","R$ 7,5"
12947,"terça-feira, 1 de novembro de 2022",924,14,3,"R$ 2,5","R$ 7,5"
13111,"domingo, 6 de novembro de 2022",4903,14,3,"R$ 2,5","R$ 7,5"
13275,"sábado, 12 de novembro de 2022",8840,14,3,"R$ 2,5","R$ 7,5"
13288,"domingo, 13 de novembro de 2022",1434,14,3,"R$ 2,5","R$ 7,5"
13478,"domingo, 20 de novembro de 2022",546,14,3,"R$ 2,5","R$ 7,5"
13786,"sábado, 3 de dezembro de 2022",6496,14,3,"R$ 2,5","R$ 7,5"
13829,"segunda-feira, 5 de dezembro de 2022",4891,14,3,"R$ 2,5","R$ 7,5"
14056,"quinta-feira, 29 de dezembro de 2022",4822,14,3,"R$ 2,5","R$ 7,5"
38,"sexta-feira, 1 de janeiro de 2021",7570,10,3,R$ 70,R$ 210
59,"terça-feira, 5 de janeiro de 2021",9125,10,3,R$ 70,R$ 210
62,"quarta-feira, 6 de janeiro de 2021",1596,10,3,R$ 70,R$ 210
95,"terça-feira, 12 de janeiro de 2021",8054,10,3,R$ 70,R$ 210
172,"quarta-feira, 20 de janeiro de 2021",8220,10,3,R$ 70,R$ 210
206,"sábado, 23 de janeiro de 2021",9306,10,3,R$ 70,R$ 210
363,"sexta-feira, 5 de fevereiro de 2021",2921,10,3,R$ 70,R$ 210
409,"terça-feira, 9 de fevereiro de 2021",6559,10,3,R$ 70,R$ 210
436,"sexta-feira, 12 de fevereiro de 2021",7525,10,3,R$ 70,R$ 210
530,"sexta-feira, 19 de fevereiro de 2021",8601,10,3,R$ 70,R$ 210
653,"segunda-feira, 1 de março de 2021",2052,10,3,R$ 70,R$ 210
682,"quarta-feira, 3 de março de 2021",2344,10,3,R$ 70,R$ 210
693,"quinta-feira, 4 de março de 2021",3935,10,3,R$ 70,R$ 210
704,"sexta-feira, 5 de março de 2021",4457,10,3,R$ 70,R$ 210
838,"domingo, 14 de março de 2021",8511,10,3,R$ 70,R$ 210
975,"terça-feira, 23 de março de 2021",4311,10,3,R$ 70,R$ 210
1268,"segunda-feira, 12 de abril de 2021",1872,10,3,R$ 70,R$ 210
1291,"quarta-feira, 14 de abril de 2021",6888,10,3,R$ 70,R$ 210
1477,"segunda-feira, 26 de abril de 2021",8902,10,3,R$ 70,R$ 210
1559,"segunda-feira, 3 de maio de 2021",8689,10,3,R$ 70,R$ 210
1582,"terça-feira, 4 de maio de 2021",2832,10,3,R$ 70,R$ 210
1617,"quinta-feira, 6 de maio de 2021",4100,10,3,R$ 70,R$ 210
1647,"sábado, 8 de maio de 2021",967,10,3,R$ 70,R$ 210
1662,"domingo, 9 de maio de 2021",9419,10,3,R$ 70,R$ 210
1692,"quarta-feira, 12 de maio de 2021",5000,10,3,R$ 70,R$ 210
1880,"quinta-feira, 27 de maio de 2021",6496,10,3,R$ 70,R$ 210
2009,"domingo, 6 de junho de 2021",8359,10,3,R$ 70,R$ 210
2021,"segunda-feira, 7 de junho de 2021",1224,10,3,R$ 70,R$ 210
2046,"sexta-feira, 11 de junho de 2021",2553,10,3,R$ 70,R$ 210
2050,"sexta-feira, 11 de junho de 2021",2813,10,3,R$ 70,R$ 210
2106,"quarta-feira, 16 de junho de 2021",8841,10,3,R$ 70,R$ 210
2141,"sábado, 19 de junho de 2021",7479,10,3,R$ 70,R$ 210
2160,"domingo, 20 de junho de 2021",8140,10,3,R$ 70,R$ 210
2305,"sexta-feira, 2 de julho de 2021",5374,10,3,R$ 70,R$ 210
2307,"sexta-feira, 2 de julho de 2021",780,10,3,R$ 70,R$ 210
2355,"quarta-feira, 7 de julho de 2021",4846,10,3,R$ 70,R$ 210
2410,"domingo, 11 de julho de 2021",4413,10,3,R$ 70,R$ 210
2528,"terça-feira, 20 de julho de 2021",44,10,3,R$ 70,R$ 210
3198,"segunda-feira, 13 de setembro de 2021",5895,10,3,R$ 70,R$ 210
3338,"domingo, 26 de setembro de 2021",1587,10,3,R$ 70,R$ 210
3380,"quinta-feira, 30 de setembro de 2021",8390,10,3,R$ 70,R$ 210
3390,"sexta-feira, 1 de outubro de 2021",6499,10,3,R$ 70,R$ 210
3538,"segunda-feira, 11 de outubro de 2021",4942,10,3,R$ 70,R$ 210
3681,"domingo, 24 de outubro de 2021",3742,10,3,R$ 70,R$ 210
3697,"segunda-feira, 25 de outubro de 2021",647,10,3,R$ 70,R$ 210
3747,"sexta-feira, 29 de outubro de 2021",7124,10,3,R$ 70,R$ 210
3748,"sexta-feira, 29 de outubro de 2021",9781,10,3,R$ 70,R$ 210
4154,"domingo, 28 de novembro de 2021",3102,10,3,R$ 70,R$ 210
4264,"domingo, 5 de dezembro de 2021",5766,10,3,R$ 70,R$ 210
4373,"domingo, 12 de dezembro de 2021",8404,10,3,R$ 70,R$ 210
4384,"domingo, 12 de dezembro de 2021",5596,10,3,R$ 70,R$ 210
4385,"segunda-feira, 13 de dezembro de 2021",1850,10,3,R$ 70,R$ 210
4402,"terça-feira, 14 de dezembro de 2021",6957,10,3,R$ 70,R$ 210
4450,"sexta-feira, 17 de dezembro de 2021",6683,10,3,R$ 70,R$ 210
4457,"sexta-feira, 17 de dezembro de 2021",8617,10,3,R$ 70,R$ 210
4813,"terça-feira, 4 de janeiro de 2022",4165,10,3,R$ 70,R$ 210
5059,"sexta-feira, 14 de janeiro de 2022",7262,10,3,R$ 70,R$ 210
5134,"terça-feira, 18 de janeiro de 2022",7449,10,3,R$ 70,R$ 210
5144,"terça-feira, 18 de janeiro de 2022",6157,10,3,R$ 70,R$ 210
5283,"domingo, 23 de janeiro de 2022",5672,10,3,R$ 70,R$ 210
5312,"terça-feira, 25 de janeiro de 2022",1720,10,3,R$ 70,R$ 210
5324,"terça-feira, 25 de janeiro de 2022",9524,10,3,R$ 70,R$ 210
5333,"terça-feira, 25 de janeiro de 2022",7140,10,3,R$ 70,R$ 210
5374,"quinta-feira, 27 de janeiro de 2022",9550,10,3,R$ 70,R$ 210
5509,"terça-feira, 1 de fevereiro de 2022",4122,10,3,R$ 70,R$ 210
5512,"terça-feira, 1 de fevereiro de 2022",1419,10,3,R$ 70,R$ 210
5537,"quarta-feira, 2 de fevereiro de 2022",6018,10,3,R$ 70,R$ 210
5604,"sexta-feira, 4 de fevereiro de 2022",6835,10,3,R$ 70,R$ 210
5667,"domingo, 6 de fevereiro de 2022",4188,10,3,R$ 70,R$ 210
5722,"terça-feira, 8 de fevereiro de 2022",649,10,3,R$ 70,R$ 210
5751,"quarta-feira, 9 de fevereiro de 2022",4429,10,3,R$ 70,R$ 210
5854,"domingo, 13 de fevereiro de 2022",4956,10,3,R$ 70,R$ 210
5945,"quarta-feira, 16 de fevereiro de 2022",4921,10,3,R$ 70,R$ 210
5955,"quinta-feira, 17 de fevereiro de 2022",1571,10,3,R$ 70,R$ 210
5972,"quinta-feira, 17 de fevereiro de 2022",8211,10,3,R$ 70,R$ 210
6067,"domingo, 20 de fevereiro de 2022",8973,10,3,R$ 70,R$ 210
6101,"terça-feira, 22 de fevereiro de 2022",2967,10,3,R$ 70,R$ 210
6144,"quarta-feira, 23 de fevereiro de 2022",4707,10,3,R$ 70,R$ 210
6191,"quinta-feira, 24 de fevereiro de 2022",767,10,3,R$ 70,R$ 210
6192,"quinta-feira, 24 de fevereiro de 2022",3388,10,3,R$ 70,R$ 210
6207,"sexta-feira, 25 de fevereiro de 2022",2916,10,3,R$ 70,R$ 210
6232,"sábado, 26 de fevereiro de 2022",1109,10,3,R$ 70,R$ 210
6289,"segunda-feira, 28 de fevereiro de 2022",1980,10,3,R$ 70,R$ 210
6383,"quinta-feira, 3 de março de 2022",3819,10,3,R$ 70,R$ 210
6423,"sábado, 5 de março de 2022",8284,10,3,R$ 70,R$ 210
6505,"terça-feira, 8 de março de 2022",5070,10,3,R$ 70,R$ 210
6598,"sexta-feira, 11 de março de 2022",430,10,3,R$ 70,R$ 210
6617,"sábado, 12 de março de 2022",2099,10,3,R$ 70,R$ 210
6673,"segunda-feira, 14 de março de 2022",9752,10,3,R$ 70,R$ 210
6709,"quarta-feira, 16 de março de 2022",3406,10,3,R$ 70,R$ 210
6802,"sábado, 19 de março de 2022",5852,10,3,R$ 70,R$ 210
6913,"quinta-feira, 24 de março de 2022",6305,10,3,R$ 70,R$ 210
7026,"segunda-feira, 28 de março de 2022",1070,10,3,R$ 70,R$ 210
7107,"quinta-feira, 31 de março de 2022",1420,10,3,R$ 70,R$ 210
7154,"sábado, 2 de abril de 2022",5265,10,3,R$ 70,R$ 210
7341,"sábado, 9 de abril de 2022",4284,10,3,R$ 70,R$ 210
7678,"sexta-feira, 22 de abril de 2022",7702,10,3,R$ 70,R$ 210
7699,"sexta-feira, 22 de abril de 2022",2614,10,3,R$ 70,R$ 210
7732,"sábado, 23 de abril de 2022",2063,10,3,R$ 70,R$ 210
7843,"quarta-feira, 27 de abril de 2022",6387,10,3,R$ 70,R$ 210
8035,"quinta-feira, 5 de maio de 2022",1050,10,3,R$ 70,R$ 210
8263,"sexta-feira, 13 de maio de 2022",2709,10,3,R$ 70,R$ 210
8311,"domingo, 15 de maio de 2022",4018,10,3,R$ 70,R$ 210
8332,"domingo, 15 de maio de 2022",3491,10,3,R$ 70,R$ 210
8352,"segunda-feira, 16 de maio de 2022",1312,10,3,R$ 70,R$ 210
8383,"terça-feira, 17 de maio de 2022",8118,10,3,R$ 70,R$ 210
8420,"quinta-feira, 19 de maio de 2022",3952,10,3,R$ 70,R$ 210
8588,"terça-feira, 24 de maio de 2022",6646,10,3,R$ 70,R$ 210
8624,"quinta-feira, 26 de maio de 2022",48,10,3,R$ 70,R$ 210
8682,"sábado, 28 de maio de 2022",6957,10,3,R$ 70,R$ 210
8707,"domingo, 29 de maio de 2022",5290,10,3,R$ 70,R$ 210
8719,"domingo, 29 de maio de 2022",4397,10,3,R$ 70,R$ 210
8736,"segunda-feira, 30 de maio de 2022",7685,10,3,R$ 70,R$ 210
8886,"sábado, 4 de junho de 2022",4485,10,3,R$ 70,R$ 210
8888,"sábado, 4 de junho de 2022",5071,10,3,R$ 70,R$ 210
8968,"terça-feira, 7 de junho de 2022",2674,10,3,R$ 70,R$ 210
8999,"quarta-feira, 8 de junho de 2022",9931,10,3,R$ 70,R$ 210
9038,"sexta-feira, 10 de junho de 2022",1259,10,3,R$ 70,R$ 210
9098,"domingo, 12 de junho de 2022",9415,10,3,R$ 70,R$ 210
9143,"terça-feira, 14 de junho de 2022",7282,10,3,R$ 70,R$ 210
9313,"segunda-feira, 20 de junho de 2022",5478,10,3,R$ 70,R$ 210
9579,"quinta-feira, 30 de junho de 2022",2618,10,3,R$ 70,R$ 210
9719,"quarta-feira, 6 de julho de 2022",8226,10,3,R$ 70,R$ 210
9731,"quarta-feira, 6 de julho de 2022",8578,10,3,R$ 70,R$ 210
9850,"domingo, 10 de julho de 2022",6382,10,3,R$ 70,R$ 210
9970,"quinta-feira, 14 de julho de 2022",1973,10,3,R$ 70,R$ 210
10006,"sexta-feira, 15 de julho de 2022",7312,10,3,R$ 70,R$ 210
10043,"sábado, 16 de julho de 2022",2549,10,3,R$ 70,R$ 210
10044,"sábado, 16 de julho de 2022",5672,10,3,R$ 70,R$ 210
10257,"domingo, 24 de julho de 2022",4666,10,3,R$ 70,R$ 210
10299,"terça-feira, 26 de julho de 2022",7221,10,3,R$ 70,R$ 210
10301,"terça-feira, 26 de julho de 2022",4187,10,3,R$ 70,R$ 210
10381,"sexta-feira, 29 de julho de 2022",10220,10,3,R$ 70,R$ 210
10387,"sexta-feira, 29 de julho de 2022",9425,10,3,R$ 70,R$ 210
10390,"sexta-feira, 29 de julho de 2022",4295,10,3,R$ 70,R$ 210
10406,"sábado, 30 de julho de 2022",4882,10,3,R$ 70,R$ 210
10493,"terça-feira, 2 de agosto de 2022",2221,10,3,R$ 70,R$ 210
10702,"quarta-feira, 10 de agosto de 2022",8658,10,3,R$ 70,R$ 210
10727,"quinta-feira, 11 de agosto de 2022",1432,10,3,R$ 70,R$ 210
10747,"sexta-feira, 12 de agosto de 2022",1763,10,3,R$ 70,R$ 210
10944,"sábado, 20 de agosto de 2022",6618,10,3,R$ 70,R$ 210
10985,"domingo, 21 de agosto de 2022",9993,10,3,R$ 70,R$ 210
11001,"segunda-feira, 22 de agosto de 2022",4256,10,3,R$ 70,R$ 210
11035,"terça-feira, 23 de agosto de 2022",5766,10,3,R$ 70,R$ 210
11045,"quarta-feira, 24 de agosto de 2022",2391,10,3,R$ 70,R$ 210
11107,"sexta-feira, 26 de agosto de 2022",498,10,3,R$ 70,R$ 210
11190,"segunda-feira, 29 de agosto de 2022",4868,10,3,R$ 70,R$ 210
11235,"quarta-feira, 31 de agosto de 2022",3961,10,3,R$ 70,R$ 210
11286,"quinta-feira, 1 de setembro de 2022",3066,10,3,R$ 70,R$ 210
11297,"sexta-feira, 2 de setembro de 2022",5820,10,3,R$ 70,R$ 210
11343,"domingo, 4 de setembro de 2022",1424,10,3,R$ 70,R$ 210
11392,"terça-feira, 6 de setembro de 2022",9527,10,3,R$ 70,R$ 210
11500,"sábado, 10 de setembro de 2022",5592,10,3,R$ 70,R$ 210
11525,"domingo, 11 de setembro de 2022",838,10,3,R$ 70,R$ 210
11528,"domingo, 11 de setembro de 2022",6951,10,3,R$ 70,R$ 210
11574,"terça-feira, 13 de setembro de 2022",4243,10,3,R$ 70,R$ 210
11581,"terça-feira, 13 de setembro de 2022",8511,10,3,R$ 70,R$ 210
11666,"sexta-feira, 16 de setembro de 2022",1887,10,3,R$ 70,R$ 210
11726,"domingo, 18 de setembro de 2022",4890,10,3,R$ 70,R$ 210
11757,"segunda-feira, 19 de setembro de 2022",4397,10,3,R$ 70,R$ 210
11770,"terça-feira, 20 de setembro de 2022",5223,10,3,R$ 70,R$ 210
12093,"sábado, 1 de outubro de 2022",9868,10,3,R$ 70,R$ 210
12189,"quarta-feira, 5 de outubro de 2022",6750,10,3,R$ 70,R$ 210
12454,"sexta-feira, 14 de outubro de 2022",3711,10,3,R$ 70,R$ 210
12468,"sábado, 15 de outubro de 2022",2444,10,3,R$ 70,R$ 210
12584,"quarta-feira, 19 de outubro de 2022",5994,10,3,R$ 70,R$ 210
12760,"terça-feira, 25 de outubro de 2022",3880,10,3,R$ 70,R$ 210
12797,"quarta-feira, 26 de outubro de 2022",1754,10,3,R$ 70,R$ 210
12861,"sábado, 29 de outubro de 2022",1690,10,3,R$ 70,R$ 210
12881,"domingo, 30 de outubro de 2022",3921,10,3,R$ 70,R$ 210
12932,"segunda-feira, 31 de outubro de 2022",7812,10,3,R$ 70,R$ 210
12946,"terça-feira, 1 de novembro de 2022",5136,10,3,R$ 70,R$ 210
12977,"quarta-feira, 2 de novembro de 2022",2911,10,3,R$ 70,R$ 210
13220,"quinta-feira, 10 de novembro de 2022",2082,10,3,R$ 70,R$ 210
13259,"sexta-feira, 11 de novembro de 2022",4195,10,3,R$ 70,R$ 210
13297,"domingo, 13 de novembro de 2022",1564,10,3,R$ 70,R$ 210
13332,"segunda-feira, 14 de novembro de 2022",6934,10,3,R$ 70,R$ 210
13438,"sexta-feira, 18 de novembro de 2022",4208,10,3,R$ 70,R$ 210
13458,"sábado, 19 de novembro de 2022",711,10,3,R$ 70,R$ 210
13466,"sábado, 19 de novembro de 2022",9987,10,3,R$ 70,R$ 210
13540,"terça-feira, 22 de novembro de 2022",810,10,3,R$ 70,R$ 210
13735,"quarta-feira, 30 de novembro de 2022",6600,10,3,R$ 70,R$ 210
13809,"domingo, 4 de dezembro de 2022",2099,10,3,R$ 70,R$ 210
13840,"terça-feira, 6 de dezembro de 2022",5019,10,3,R$ 70,R$ 210
13913,"domingo, 11 de dezembro de 2022",208,10,3,R$ 70,R$ 210
110,"quinta-feira, 14 de janeiro de 2021",3593,1,3,R$ 21,R$ 63
171,"quarta-feira, 20 de janeiro de 2021",3776,1,3,R$ 21,R$ 63
395,"segunda-feira, 8 de fevereiro de 2021",9057,1,3,R$ 21,R$ 63
432,"quinta-feira, 11 de fevereiro de 2021",8454,1,3,R$ 21,R$ 63
462,"domingo, 14 de fevereiro de 2021",5528,1,3,R$ 21,R$ 63
490,"terça-feira, 16 de fevereiro de 2021",7913,1,3,R$ 21,R$ 63
504,"quarta-feira, 17 de fevereiro de 2021",1202,1,3,R$ 21,R$ 63
510,"quinta-feira, 18 de fevereiro de 2021",5026,1,3,R$ 21,R$ 63
801,"sexta-feira, 12 de março de 2021",1865,1,3,R$ 21,R$ 63
921,"sexta-feira, 19 de março de 2021",3252,1,3,R$ 21,R$ 63
1027,"sábado, 27 de março de 2021",4417,1,3,R$ 21,R$ 63
1032,"sábado, 27 de março de 2021",1366,1,3,R$ 21,R$ 63
1102,"quarta-feira, 31 de março de 2021",7370,1,3,R$ 21,R$ 63
1134,"sábado, 3 de abril de 2021",3297,1,3,R$ 21,R$ 63
1244,"domingo, 11 de abril de 2021",7236,1,3,R$ 21,R$ 63
1464,"domingo, 25 de abril de 2021",4507,1,3,R$ 21,R$ 63
1604,"quarta-feira, 5 de maio de 2021",9231,1,3,R$ 21,R$ 63
1730,"sábado, 15 de maio de 2021",5063,1,3,R$ 21,R$ 63
1753,"segunda-feira, 17 de maio de 2021",1932,1,3,R$ 21,R$ 63
1905,"sábado, 29 de maio de 2021",4515,1,3,R$ 21,R$ 63
1913,"domingo, 30 de maio de 2021",9662,1,3,R$ 21,R$ 63
1961,"quarta-feira, 2 de junho de 2021",2846,1,3,R$ 21,R$ 63
2223,"sexta-feira, 25 de junho de 2021",7580,1,3,R$ 21,R$ 63
2225,"sexta-feira, 25 de junho de 2021",5502,1,3,R$ 21,R$ 63
2273,"terça-feira, 29 de junho de 2021",5799,1,3,R$ 21,R$ 63
2326,"domingo, 4 de julho de 2021",5958,1,3,R$ 21,R$ 63
2445,"quarta-feira, 14 de julho de 2021",3000,1,3,R$ 21,R$ 63
2513,"segunda-feira, 19 de julho de 2021",1659,1,3,R$ 21,R$ 63
2514,"segunda-feira, 19 de julho de 2021",6038,1,3,R$ 21,R$ 63
2576,"domingo, 25 de julho de 2021",4676,1,3,R$ 21,R$ 63
2607,"terça-feira, 27 de julho de 2021",9351,1,3,R$ 21,R$ 63
2714,"quinta-feira, 5 de agosto de 2021",3300,1,3,R$ 21,R$ 63
2855,"segunda-feira, 16 de agosto de 2021",7801,1,3,R$ 21,R$ 63
2878,"quarta-feira, 18 de agosto de 2021",8098,1,3,R$ 21,R$ 63
3007,"domingo, 29 de agosto de 2021",9491,1,3,R$ 21,R$ 63
3034,"terça-feira, 31 de agosto de 2021",4700,1,3,R$ 21,R$ 63
3046,"quarta-feira, 1 de setembro de 2021",5738,1,3,R$ 21,R$ 63
3051,"quinta-feira, 2 de setembro de 2021",2059,1,3,R$ 21,R$ 63
3071,"sexta-feira, 3 de setembro de 2021",6321,1,3,R$ 21,R$ 63
3093,"domingo, 5 de setembro de 2021",2680,1,3,R$ 21,R$ 63
3202,"terça-feira, 14 de setembro de 2021",2194,1,3,R$ 21,R$ 63
3225,"quinta-feira, 16 de setembro de 2021",5782,1,3,R$ 21,R$ 63
3714,"quarta-feira, 27 de outubro de 2021",3921,1,3,R$ 21,R$ 63
3726,"quinta-feira, 28 de outubro de 2021",1979,1,3,R$ 21,R$ 63
3782,"segunda-feira, 1 de novembro de 2021",5924,1,3,R$ 21,R$ 63
3813,"quarta-feira, 3 de novembro de 2021",4261,1,3,R$ 21,R$ 63
4233,"sexta-feira, 3 de dezembro de 2021",2857,1,3,R$ 21,R$ 63
4339,"sexta-feira, 10 de dezembro de 2021",4463,1,3,R$ 21,R$ 63
4359,"sábado, 11 de dezembro de 2021",6168,1,3,R$ 21,R$ 63
4403,"terça-feira, 14 de dezembro de 2021",9571,1,3,R$ 21,R$ 63
4424,"quarta-feira, 15 de dezembro de 2021",3966,1,3,R$ 21,R$ 63
4437,"quinta-feira, 16 de dezembro de 2021",7821,1,3,R$ 21,R$ 63
4516,"terça-feira, 21 de dezembro de 2021",4315,1,3,R$ 21,R$ 63
4542,"quarta-feira, 22 de dezembro de 2021",2570,1,3,R$ 21,R$ 63
4565,"quinta-feira, 23 de dezembro de 2021",9971,1,3,R$ 21,R$ 63
4614,"domingo, 26 de dezembro de 2021",6168,1,3,R$ 21,R$ 63
4717,"sexta-feira, 31 de dezembro de 2021",2086,1,3,R$ 21,R$ 63
4834,"quarta-feira, 5 de janeiro de 2022",1593,1,3,R$ 21,R$ 63
4925,"domingo, 9 de janeiro de 2022",10033,1,3,R$ 21,R$ 63
5031,"quinta-feira, 13 de janeiro de 2022",4225,1,3,R$ 21,R$ 63
5096,"domingo, 16 de janeiro de 2022",2374,1,3,R$ 21,R$ 63
5121,"segunda-feira, 17 de janeiro de 2022",3455,1,3,R$ 21,R$ 63
5122,"segunda-feira, 17 de janeiro de 2022",6652,1,3,R$ 21,R$ 63
5223,"sexta-feira, 21 de janeiro de 2022",4564,1,3,R$ 21,R$ 63
5256,"sábado, 22 de janeiro de 2022",1259,1,3,R$ 21,R$ 63
5259,"sábado, 22 de janeiro de 2022",843,1,3,R$ 21,R$ 63
5310,"segunda-feira, 24 de janeiro de 2022",9631,1,3,R$ 21,R$ 63
5407,"sexta-feira, 28 de janeiro de 2022",4998,1,3,R$ 21,R$ 63
5427,"sábado, 29 de janeiro de 2022",5388,1,3,R$ 21,R$ 63
5433,"sábado, 29 de janeiro de 2022",669,1,3,R$ 21,R$ 63
5463,"domingo, 30 de janeiro de 2022",7663,1,3,R$ 21,R$ 63
5500,"terça-feira, 1 de fevereiro de 2022",8452,1,3,R$ 21,R$ 63
5521,"terça-feira, 1 de fevereiro de 2022",511,1,3,R$ 21,R$ 63
5533,"quarta-feira, 2 de fevereiro de 2022",8269,1,3,R$ 21,R$ 63
5550,"quarta-feira, 2 de fevereiro de 2022",5896,1,3,R$ 21,R$ 63
5632,"sábado, 5 de fevereiro de 2022",9512,1,3,R$ 21,R$ 63
5750,"quarta-feira, 9 de fevereiro de 2022",3310,1,3,R$ 21,R$ 63
5767,"quinta-feira, 10 de fevereiro de 2022",3045,1,3,R$ 21,R$ 63
5870,"segunda-feira, 14 de fevereiro de 2022",1197,1,3,R$ 21,R$ 63
5878,"segunda-feira, 14 de fevereiro de 2022",8697,1,3,R$ 21,R$ 63
5880,"segunda-feira, 14 de fevereiro de 2022",8134,1,3,R$ 21,R$ 63
6146,"quarta-feira, 23 de fevereiro de 2022",7131,1,3,R$ 21,R$ 63
6382,"quinta-feira, 3 de março de 2022",9244,1,3,R$ 21,R$ 63
6457,"domingo, 6 de março de 2022",7496,1,3,R$ 21,R$ 63
6459,"domingo, 6 de março de 2022",1787,1,3,R$ 21,R$ 63
6584,"sexta-feira, 11 de março de 2022",4846,1,3,R$ 21,R$ 63
6603,"sábado, 12 de março de 2022",8717,1,3,R$ 21,R$ 63
6621,"sábado, 12 de março de 2022",5029,1,3,R$ 21,R$ 63
6641,"domingo, 13 de março de 2022",7842,1,3,R$ 21,R$ 63
6806,"sábado, 19 de março de 2022",760,1,3,R$ 21,R$ 63
6842,"segunda-feira, 21 de março de 2022",2688,1,3,R$ 21,R$ 63
6847,"terça-feira, 22 de março de 2022",7015,1,3,R$ 21,R$ 63
6870,"quarta-feira, 23 de março de 2022",8427,1,3,R$ 21,R$ 63
6909,"quinta-feira, 24 de março de 2022",1334,1,3,R$ 21,R$ 63
6946,"sábado, 26 de março de 2022",1660,1,3,R$ 21,R$ 63
7004,"segunda-feira, 28 de março de 2022",9630,1,3,R$ 21,R$ 63
7036,"terça-feira, 29 de março de 2022",7051,1,3,R$ 21,R$ 63
7051,"terça-feira, 29 de março de 2022",7863,1,3,R$ 21,R$ 63
7259,"quarta-feira, 6 de abril de 2022",8039,1,3,R$ 21,R$ 63
7310,"sexta-feira, 8 de abril de 2022",9263,1,3,R$ 21,R$ 63
7650,"quinta-feira, 21 de abril de 2022",4413,1,3,R$ 21,R$ 63
7731,"sábado, 23 de abril de 2022",1799,1,3,R$ 21,R$ 63
7857,"quinta-feira, 28 de abril de 2022",4374,1,3,R$ 21,R$ 63
7913,"sábado, 30 de abril de 2022",8285,1,3,R$ 21,R$ 63
7923,"sábado, 30 de abril de 2022",4947,1,3,R$ 21,R$ 63
7981,"terça-feira, 3 de maio de 2022",4547,1,3,R$ 21,R$ 63
8060,"sexta-feira, 6 de maio de 2022",2071,1,3,R$ 21,R$ 63
8178,"segunda-feira, 9 de maio de 2022",1987,1,3,R$ 21,R$ 63
8388,"quarta-feira, 18 de maio de 2022",9806,1,3,R$ 21,R$ 63
8418,"quinta-feira, 19 de maio de 2022",7356,1,3,R$ 21,R$ 63
8460,"sexta-feira, 20 de maio de 2022",5129,1,3,R$ 21,R$ 63
8495,"sábado, 21 de maio de 2022",1017,1,3,R$ 21,R$ 63
8532,"segunda-feira, 23 de maio de 2022",462,1,3,R$ 21,R$ 63
8590,"quarta-feira, 25 de maio de 2022",6224,1,3,R$ 21,R$ 63
8732,"domingo, 29 de maio de 2022",9492,1,3,R$ 21,R$ 63
8846,"sexta-feira, 3 de junho de 2022",478,1,3,R$ 21,R$ 63
8992,"quarta-feira, 8 de junho de 2022",8989,1,3,R$ 21,R$ 63
8993,"quarta-feira, 8 de junho de 2022",3032,1,3,R$ 21,R$ 63
9028,"quinta-feira, 9 de junho de 2022",443,1,3,R$ 21,R$ 63
9029,"quinta-feira, 9 de junho de 2022",1131,1,3,R$ 21,R$ 63
9161,"quarta-feira, 15 de junho de 2022",1773,1,3,R$ 21,R$ 63
9233,"sexta-feira, 17 de junho de 2022",4252,1,3,R$ 21,R$ 63
9327,"terça-feira, 21 de junho de 2022",8474,1,3,R$ 21,R$ 63
9366,"quarta-feira, 22 de junho de 2022",5976,1,3,R$ 21,R$ 63
9425,"sexta-feira, 24 de junho de 2022",4620,1,3,R$ 21,R$ 63
9452,"sábado, 25 de junho de 2022",9859,1,3,R$ 21,R$ 63
9523,"terça-feira, 28 de junho de 2022",3560,1,3,R$ 21,R$ 63
9601,"sexta-feira, 1 de julho de 2022",5148,1,3,R$ 21,R$ 63
9782,"quinta-feira, 7 de julho de 2022",3933,1,3,R$ 21,R$ 63
9908,"terça-feira, 12 de julho de 2022",7304,1,3,R$ 21,R$ 63
10011,"sexta-feira, 15 de julho de 2022",2481,1,3,R$ 21,R$ 63
10058,"domingo, 17 de julho de 2022",1567,1,3,R$ 21,R$ 63
10093,"segunda-feira, 18 de julho de 2022",3406,1,3,R$ 21,R$ 63
10210,"sexta-feira, 22 de julho de 2022",1577,1,3,R$ 21,R$ 63
10463,"terça-feira, 2 de agosto de 2022",4285,1,3,R$ 21,R$ 63
10544,"quinta-feira, 4 de agosto de 2022",8355,1,3,R$ 21,R$ 63
10554,"sexta-feira, 5 de agosto de 2022",2677,1,3,R$ 21,R$ 63
10564,"sexta-feira, 5 de agosto de 2022",4455,1,3,R$ 21,R$ 63
10615,"domingo, 7 de agosto de 2022",838,1,3,R$ 21,R$ 63
10647,"segunda-feira, 8 de agosto de 2022",5727,1,3,R$ 21,R$ 63
10687,"quarta-feira, 10 de agosto de 2022",1050,1,3,R$ 21,R$ 63
10716,"quinta-feira, 11 de agosto de 2022",6464,1,3,R$ 21,R$ 63
10728,"quinta-feira, 11 de agosto de 2022",4929,1,3,R$ 21,R$ 63
10861,"terça-feira, 16 de agosto de 2022",1612,1,3,R$ 21,R$ 63
10879,"quarta-feira, 17 de agosto de 2022",7779,1,3,R$ 21,R$ 63
11220,"terça-feira, 30 de agosto de 2022",6222,1,3,R$ 21,R$ 63
11257,"quinta-feira, 1 de setembro de 2022",7221,1,3,R$ 21,R$ 63
11370,"segunda-feira, 5 de setembro de 2022",3584,1,3,R$ 21,R$ 63
11449,"quinta-feira, 8 de setembro de 2022",4698,1,3,R$ 21,R$ 63
11467,"sexta-feira, 9 de setembro de 2022",3856,1,3,R$ 21,R$ 63
11595,"terça-feira, 13 de setembro de 2022",1693,1,3,R$ 21,R$ 63
11652,"quinta-feira, 15 de setembro de 2022",9460,1,3,R$ 21,R$ 63
11713,"domingo, 18 de setembro de 2022",1386,1,3,R$ 21,R$ 63
11814,"quarta-feira, 21 de setembro de 2022",6138,1,3,R$ 21,R$ 63
11956,"segunda-feira, 26 de setembro de 2022",9297,1,3,R$ 21,R$ 63
12099,"sábado, 1 de outubro de 2022",2998,1,3,R$ 21,R$ 63
12107,"sábado, 1 de outubro de 2022",1014,1,3,R$ 21,R$ 63
12114,"sábado, 1 de outubro de 2022",10059,1,3,R$ 21,R$ 63
12126,"domingo, 2 de outubro de 2022",6893,1,3,R$ 21,R$ 63
12270,"sábado, 8 de outubro de 2022",2752,1,3,R$ 21,R$ 63
12652,"sexta-feira, 21 de outubro de 2022",6501,1,3,R$ 21,R$ 63
12799,"quarta-feira, 26 de outubro de 2022",2446,1,3,R$ 21,R$ 63
12906,"domingo, 30 de outubro de 2022",1133,1,3,R$ 21,R$ 63
12910,"segunda-feira, 31 de outubro de 2022",341,1,3,R$ 21,R$ 63
13061,"sábado, 5 de novembro de 2022",2814,1,3,R$ 21,R$ 63
13076,"sábado, 5 de novembro de 2022",3821,1,3,R$ 21,R$ 63
13095,"domingo, 6 de novembro de 2022",3328,1,3,R$ 21,R$ 63
13106,"domingo, 6 de novembro de 2022",7276,1,3,R$ 21,R$ 63
13136,"segunda-feira, 7 de novembro de 2022",4143,1,3,R$ 21,R$ 63
13145,"terça-feira, 8 de novembro de 2022",863,1,3,R$ 21,R$ 63
13398,"quarta-feira, 16 de novembro de 2022",194,1,3,R$ 21,R$ 63
13538,"terça-feira, 22 de novembro de 2022",8176,1,3,R$ 21,R$ 63
13613,"sexta-feira, 25 de novembro de 2022",7403,1,3,R$ 21,R$ 63
13641,"sábado, 26 de novembro de 2022",9639,1,3,R$ 21,R$ 63
13775,"sexta-feira, 2 de dezembro de 2022",5605,1,3,R$ 21,R$ 63
13884,"sexta-feira, 9 de dezembro de 2022",2905,1,3,R$ 21,R$ 63
13931,"terça-feira, 13 de dezembro de 2022",8121,1,3,R$ 21,R$ 63
13998,"terça-feira, 20 de dezembro de 2022",3714,1,3,R$ 21,R$ 63
18,"terça-feira, 5 de janeiro de 2021",5717,7,3,R$ 60,R$ 180
68,"sexta-feira, 8 de janeiro de 2021",753,7,3,R$ 60,R$ 180
106,"quinta-feira, 14 de janeiro de 2021",4544,7,3,R$ 60,R$ 180
154,"segunda-feira, 18 de janeiro de 2021",5898,7,3,R$ 60,R$ 180
209,"domingo, 24 de janeiro de 2021",213,7,3,R$ 60,R$ 180
218,"segunda-feira, 25 de janeiro de 2021",1741,7,3,R$ 60,R$ 180
251,"quinta-feira, 28 de janeiro de 2021",2448,7,3,R$ 60,R$ 180
318,"terça-feira, 2 de fevereiro de 2021",8644,7,3,R$ 60,R$ 180
397,"segunda-feira, 8 de fevereiro de 2021",4828,7,3,R$ 60,R$ 180
589,"quinta-feira, 25 de fevereiro de 2021",8901,7,3,R$ 60,R$ 180
716,"sábado, 6 de março de 2021",9248,7,3,R$ 60,R$ 180
749,"segunda-feira, 8 de março de 2021",4385,7,3,R$ 60,R$ 180
822,"sábado, 13 de março de 2021",4678,7,3,R$ 60,R$ 180
828,"sábado, 13 de março de 2021",774,7,3,R$ 60,R$ 180
883,"quarta-feira, 17 de março de 2021",1089,7,3,R$ 60,R$ 180
997,"quinta-feira, 25 de março de 2021",8769,7,3,R$ 60,R$ 180
1154,"domingo, 4 de abril de 2021",4928,7,3,R$ 60,R$ 180
1275,"terça-feira, 13 de abril de 2021",7655,7,3,R$ 60,R$ 180
1519,"sexta-feira, 30 de abril de 2021",4677,7,3,R$ 60,R$ 180
1578,"terça-feira, 4 de maio de 2021",6145,7,3,R$ 60,R$ 180
1648,"sábado, 8 de maio de 2021",8954,7,3,R$ 60,R$ 180
1818,"sábado, 22 de maio de 2021",3308,7,3,R$ 60,R$ 180
1823,"sábado, 22 de maio de 2021",7052,7,3,R$ 60,R$ 180
1893,"sexta-feira, 28 de maio de 2021",5954,7,3,R$ 60,R$ 180
1933,"segunda-feira, 31 de maio de 2021",1965,7,3,R$ 60,R$ 180
2010,"domingo, 6 de junho de 2021",4711,7,3,R$ 60,R$ 180
2077,"domingo, 13 de junho de 2021",8083,7,3,R$ 60,R$ 180
2234,"sábado, 26 de junho de 2021",521,7,3,R$ 60,R$ 180
2291,"quarta-feira, 30 de junho de 2021",8647,7,3,R$ 60,R$ 180
2314,"sábado, 3 de julho de 2021",8439,7,3,R$ 60,R$ 180
2325,"domingo, 4 de julho de 2021",4597,7,3,R$ 60,R$ 180
2402,"domingo, 11 de julho de 2021",6630,7,3,R$ 60,R$ 180
2453,"quinta-feira, 15 de julho de 2021",4750,7,3,R$ 60,R$ 180
2497,"sábado, 17 de julho de 2021",760,7,3,R$ 60,R$ 180
2525,"terça-feira, 20 de julho de 2021",3878,7,3,R$ 60,R$ 180
2531,"quarta-feira, 21 de julho de 2021",2359,7,3,R$ 60,R$ 180
2797,"quarta-feira, 11 de agosto de 2021",1974,7,3,R$ 60,R$ 180
2933,"domingo, 22 de agosto de 2021",1341,7,3,R$ 60,R$ 180
2947,"segunda-feira, 23 de agosto de 2021",9256,7,3,R$ 60,R$ 180
2985,"quinta-feira, 26 de agosto de 2021",878,7,3,R$ 60,R$ 180
3028,"segunda-feira, 30 de agosto de 2021",4633,7,3,R$ 60,R$ 180
3158,"sábado, 11 de setembro de 2021",6061,7,3,R$ 60,R$ 180
3653,"sexta-feira, 22 de outubro de 2021",2673,7,3,R$ 60,R$ 180
3686,"domingo, 24 de outubro de 2021",7905,7,3,R$ 60,R$ 180
3725,"quinta-feira, 28 de outubro de 2021",7438,7,3,R$ 60,R$ 180
3796,"terça-feira, 2 de novembro de 2021",9323,7,3,R$ 60,R$ 180
3948,"domingo, 14 de novembro de 2021",1193,7,3,R$ 60,R$ 180
4085,"terça-feira, 23 de novembro de 2021",2224,7,3,R$ 60,R$ 180
4087,"terça-feira, 23 de novembro de 2021",8511,7,3,R$ 60,R$ 180
4126,"sexta-feira, 26 de novembro de 2021",6084,7,3,R$ 60,R$ 180
4226,"sexta-feira, 3 de dezembro de 2021",8404,7,3,R$ 60,R$ 180
4331,"sexta-feira, 10 de dezembro de 2021",7408,7,3,R$ 60,R$ 180
4335,"sexta-feira, 10 de dezembro de 2021",9325,7,3,R$ 60,R$ 180
4342,"sexta-feira, 10 de dezembro de 2021",9357,7,3,R$ 60,R$ 180
4431,"quinta-feira, 16 de dezembro de 2021",7331,7,3,R$ 60,R$ 180
4479,"domingo, 19 de dezembro de 2021",4391,7,3,R$ 60,R$ 180
4646,"terça-feira, 28 de dezembro de 2021",5967,7,3,R$ 60,R$ 180
4665,"quarta-feira, 29 de dezembro de 2021",1338,7,3,R$ 60,R$ 180
4680,"quinta-feira, 30 de dezembro de 2021",3524,7,3,R$ 60,R$ 180
4706,"sexta-feira, 31 de dezembro de 2021",6607,7,3,R$ 60,R$ 180
4711,"sexta-feira, 31 de dezembro de 2021",766,7,3,R$ 60,R$ 180
4819,"quarta-feira, 5 de janeiro de 2022",2471,7,3,R$ 60,R$ 180
5026,"quinta-feira, 13 de janeiro de 2022",5536,7,3,R$ 60,R$ 180
5035,"sexta-feira, 14 de janeiro de 2022",6208,7,3,R$ 60,R$ 180
5050,"sexta-feira, 14 de janeiro de 2022",6957,7,3,R$ 60,R$ 180
5193,"quinta-feira, 20 de janeiro de 2022",4419,7,3,R$ 60,R$ 180
5210,"quinta-feira, 20 de janeiro de 2022",216,7,3,R$ 60,R$ 180
5370,"quinta-feira, 27 de janeiro de 2022",5115,7,3,R$ 60,R$ 180
5448,"domingo, 30 de janeiro de 2022",8837,7,3,R$ 60,R$ 180
5504,"terça-feira, 1 de fevereiro de 2022",81,7,3,R$ 60,R$ 180
5508,"terça-feira, 1 de fevereiro de 2022",3889,7,3,R$ 60,R$ 180
5612,"sexta-feira, 4 de fevereiro de 2022",906,7,3,R$ 60,R$ 180
5772,"quinta-feira, 10 de fevereiro de 2022",5348,7,3,R$ 60,R$ 180
5820,"sábado, 12 de fevereiro de 2022",1883,7,3,R$ 60,R$ 180
6013,"sábado, 19 de fevereiro de 2022",10243,7,3,R$ 60,R$ 180
6025,"sábado, 19 de fevereiro de 2022",1641,7,3,R$ 60,R$ 180
6154,"quarta-feira, 23 de fevereiro de 2022",8928,7,3,R$ 60,R$ 180
6213,"sexta-feira, 25 de fevereiro de 2022",6812,7,3,R$ 60,R$ 180
6250,"sábado, 26 de fevereiro de 2022",3210,7,3,R$ 60,R$ 180
6271,"domingo, 27 de fevereiro de 2022",1430,7,3,R$ 60,R$ 180
6317,"terça-feira, 1 de março de 2022",8768,7,3,R$ 60,R$ 180
6377,"quinta-feira, 3 de março de 2022",3902,7,3,R$ 60,R$ 180
6390,"sexta-feira, 4 de março de 2022",2512,7,3,R$ 60,R$ 180
6403,"sexta-feira, 4 de março de 2022",397,7,3,R$ 60,R$ 180
6438,"sábado, 5 de março de 2022",3602,7,3,R$ 60,R$ 180
6576,"quinta-feira, 10 de março de 2022",864,7,3,R$ 60,R$ 180
6633,"domingo, 13 de março de 2022",7281,7,3,R$ 60,R$ 180
6655,"segunda-feira, 14 de março de 2022",9778,7,3,R$ 60,R$ 180
6675,"terça-feira, 15 de março de 2022",2974,7,3,R$ 60,R$ 180
6705,"quarta-feira, 16 de março de 2022",1641,7,3,R$ 60,R$ 180
6753,"sexta-feira, 18 de março de 2022",1508,7,3,R$ 60,R$ 180
6873,"quarta-feira, 23 de março de 2022",1183,7,3,R$ 60,R$ 180
7019,"segunda-feira, 28 de março de 2022",10080,7,3,R$ 60,R$ 180
7071,"quarta-feira, 30 de março de 2022",789,7,3,R$ 60,R$ 180
7153,"sábado, 2 de abril de 2022",7239,7,3,R$ 60,R$ 180
7183,"domingo, 3 de abril de 2022",9197,7,3,R$ 60,R$ 180
7224,"terça-feira, 5 de abril de 2022",1022,7,3,R$ 60,R$ 180
7241,"terça-feira, 5 de abril de 2022",9931,7,3,R$ 60,R$ 180
7319,"sexta-feira, 8 de abril de 2022",9601,7,3,R$ 60,R$ 180
7321,"sexta-feira, 8 de abril de 2022",6564,7,3,R$ 60,R$ 180
7400,"segunda-feira, 11 de abril de 2022",1798,7,3,R$ 60,R$ 180
7606,"terça-feira, 19 de abril de 2022",280,7,3,R$ 60,R$ 180
7631,"quarta-feira, 20 de abril de 2022",486,7,3,R$ 60,R$ 180
7859,"quinta-feira, 28 de abril de 2022",4620,7,3,R$ 60,R$ 180
7964,"segunda-feira, 2 de maio de 2022",2432,7,3,R$ 60,R$ 180
8139,"domingo, 8 de maio de 2022",9806,7,3,R$ 60,R$ 180
8376,"terça-feira, 17 de maio de 2022",9455,7,3,R$ 60,R$ 180
8597,"quarta-feira, 25 de maio de 2022",9546,7,3,R$ 60,R$ 180
8706,"domingo, 29 de maio de 2022",3656,7,3,R$ 60,R$ 180
8792,"quarta-feira, 1 de junho de 2022",4150,7,3,R$ 60,R$ 180
8879,"sábado, 4 de junho de 2022",7182,7,3,R$ 60,R$ 180
8885,"sábado, 4 de junho de 2022",4691,7,3,R$ 60,R$ 180
9082,"domingo, 12 de junho de 2022",1593,7,3,R$ 60,R$ 180
9239,"sexta-feira, 17 de junho de 2022",8091,7,3,R$ 60,R$ 180
9253,"sábado, 18 de junho de 2022",8663,7,3,R$ 60,R$ 180
9264,"sábado, 18 de junho de 2022",4868,7,3,R$ 60,R$ 180
9309,"segunda-feira, 20 de junho de 2022",789,7,3,R$ 60,R$ 180
9504,"terça-feira, 28 de junho de 2022",4460,7,3,R$ 60,R$ 180
9524,"terça-feira, 28 de junho de 2022",1633,7,3,R$ 60,R$ 180
9713,"terça-feira, 5 de julho de 2022",8454,7,3,R$ 60,R$ 180
9770,"quinta-feira, 7 de julho de 2022",1726,7,3,R$ 60,R$ 180
9829,"sábado, 9 de julho de 2022",3602,7,3,R$ 60,R$ 180
9866,"domingo, 10 de julho de 2022",2946,7,3,R$ 60,R$ 180
9917,"terça-feira, 12 de julho de 2022",4225,7,3,R$ 60,R$ 180
9944,"quarta-feira, 13 de julho de 2022",7455,7,3,R$ 60,R$ 180
9949,"quarta-feira, 13 de julho de 2022",10019,7,3,R$ 60,R$ 180
10192,"quinta-feira, 21 de julho de 2022",131,7,3,R$ 60,R$ 180
10251,"domingo, 24 de julho de 2022",4655,7,3,R$ 60,R$ 180
10355,"quinta-feira, 28 de julho de 2022",8753,7,3,R$ 60,R$ 180
10413,"domingo, 31 de julho de 2022",5102,7,3,R$ 60,R$ 180
10614,"domingo, 7 de agosto de 2022",767,7,3,R$ 60,R$ 180
10745,"sexta-feira, 12 de agosto de 2022",1753,7,3,R$ 60,R$ 180
10765,"sábado, 13 de agosto de 2022",2646,7,3,R$ 60,R$ 180
10788,"sábado, 13 de agosto de 2022",8486,7,3,R$ 60,R$ 180
10806,"domingo, 14 de agosto de 2022",3366,7,3,R$ 60,R$ 180
11082,"quinta-feira, 25 de agosto de 2022",9249,7,3,R$ 60,R$ 180
11097,"quinta-feira, 25 de agosto de 2022",9014,7,3,R$ 60,R$ 180
11114,"sexta-feira, 26 de agosto de 2022",8191,7,3,R$ 60,R$ 180
11185,"segunda-feira, 29 de agosto de 2022",3691,7,3,R$ 60,R$ 180
11205,"terça-feira, 30 de agosto de 2022",4075,7,3,R$ 60,R$ 180
11461,"sexta-feira, 9 de setembro de 2022",8890,7,3,R$ 60,R$ 180
11697,"sábado, 17 de setembro de 2022",8116,7,3,R$ 60,R$ 180
11818,"quinta-feira, 22 de setembro de 2022",9868,7,3,R$ 60,R$ 180
11846,"quinta-feira, 22 de setembro de 2022",6193,7,3,R$ 60,R$ 180
12035,"quarta-feira, 28 de setembro de 2022",1388,7,3,R$ 60,R$ 180
12263,"sexta-feira, 7 de outubro de 2022",9978,7,3,R$ 60,R$ 180
12357,"terça-feira, 11 de outubro de 2022",5341,7,3,R$ 60,R$ 180
12407,"quinta-feira, 13 de outubro de 2022",8087,7,3,R$ 60,R$ 180
12532,"segunda-feira, 17 de outubro de 2022",9848,7,3,R$ 60,R$ 180
12550,"terça-feira, 18 de outubro de 2022",2903,7,3,R$ 60,R$ 180
12615,"quinta-feira, 20 de outubro de 2022",6468,7,3,R$ 60,R$ 180
12651,"sexta-feira, 21 de outubro de 2022",9854,7,3,R$ 60,R$ 180
12666,"sábado, 22 de outubro de 2022",1187,7,3,R$ 60,R$ 180
12756,"terça-feira, 25 de outubro de 2022",5081,7,3,R$ 60,R$ 180
13217,"quinta-feira, 10 de novembro de 2022",1523,7,3,R$ 60,R$ 180
13239,"sexta-feira, 11 de novembro de 2022",7782,7,3,R$ 60,R$ 180
13281,"sábado, 12 de novembro de 2022",7823,7,3,R$ 60,R$ 180
13335,"segunda-feira, 14 de novembro de 2022",6995,7,3,R$ 60,R$ 180
13366,"terça-feira, 15 de novembro de 2022",1904,7,3,R$ 60,R$ 180
13379,"quarta-feira, 16 de novembro de 2022",5944,7,3,R$ 60,R$ 180
13479,"domingo, 20 de novembro de 2022",7306,7,3,R$ 60,R$ 180
13487,"domingo, 20 de novembro de 2022",5975,7,3,R$ 60,R$ 180
13521,"terça-feira, 22 de novembro de 2022",4436,7,3,R$ 60,R$ 180
13539,"terça-feira, 22 de novembro de 2022",2378,7,3,R$ 60,R$ 180
13560,"quarta-feira, 23 de novembro de 2022",8731,7,3,R$ 60,R$ 180
13565,"quarta-feira, 23 de novembro de 2022",9404,7,3,R$ 60,R$ 180
13653,"domingo, 27 de novembro de 2022",6151,7,3,R$ 60,R$ 180
13694,"terça-feira, 29 de novembro de 2022",1721,7,3,R$ 60,R$ 180
13705,"terça-feira, 29 de novembro de 2022",2163,7,3,R$ 60,R$ 180
13729,"quarta-feira, 30 de novembro de 2022",1370,7,3,R$ 60,R$ 180
13782,"sábado, 3 de dezembro de 2022",3665,7,3,R$ 60,R$ 180
13790,"sábado, 3 de dezembro de 2022",2510,7,3,R$ 60,R$ 180
13902,"sábado, 10 de dezembro de 2022",7460,7,3,R$ 60,R$ 180
13955,"quinta-feira, 15 de dezembro de 2022",6395,7,3,R$ 60,R$ 180
13970,"sábado, 17 de dezembro de 2022",9187,7,3,R$ 60,R$ 180
120,"sexta-feira, 15 de janeiro de 2021",2331,2,3,R$ 24,R$ 72
125,"sábado, 16 de janeiro de 2021",780,2,3,R$ 24,R$ 72
175,"quarta-feira, 20 de janeiro de 2021",5026,2,3,R$ 24,R$ 72
176,"quarta-feira, 20 de janeiro de 2021",2398,2,3,R$ 24,R$ 72
227,"terça-feira, 26 de janeiro de 2021",6866,2,3,R$ 24,R$ 72
332,"quarta-feira, 3 de fevereiro de 2021",566,2,3,R$ 24,R$ 72
377,"sábado, 6 de fevereiro de 2021",1329,2,3,R$ 24,R$ 72
380,"domingo, 7 de fevereiro de 2021",625,2,3,R$ 24,R$ 72
391,"segunda-feira, 8 de fevereiro de 2021",373,2,3,R$ 24,R$ 72
423,"quinta-feira, 11 de fevereiro de 2021",7743,2,3,R$ 24,R$ 72
469,"segunda-feira, 15 de fevereiro de 2021",8235,2,3,R$ 24,R$ 72
500,"quarta-feira, 17 de fevereiro de 2021",2742,2,3,R$ 24,R$ 72
706,"sexta-feira, 5 de março de 2021",6929,2,3,R$ 24,R$ 72
831,"sábado, 13 de março de 2021",7768,2,3,R$ 24,R$ 72
893,"quinta-feira, 18 de março de 2021",7287,2,3,R$ 24,R$ 72
949,"domingo, 21 de março de 2021",6565,2,3,R$ 24,R$ 72
963,"segunda-feira, 22 de março de 2021",4423,2,3,R$ 24,R$ 72
1203,"quarta-feira, 7 de abril de 2021",5914,2,3,R$ 24,R$ 72
1284,"terça-feira, 13 de abril de 2021",1984,2,3,R$ 24,R$ 72
1334,"sexta-feira, 16 de abril de 2021",5935,2,3,R$ 24,R$ 72
1658,"domingo, 9 de maio de 2021",10049,2,3,R$ 24,R$ 72
1665,"segunda-feira, 10 de maio de 2021",6709,2,3,R$ 24,R$ 72
1856,"quarta-feira, 26 de maio de 2021",6186,2,3,R$ 24,R$ 72
1976,"sexta-feira, 4 de junho de 2021",8629,2,3,R$ 24,R$ 72
2146,"domingo, 20 de junho de 2021",4836,2,3,R$ 24,R$ 72
2235,"sábado, 26 de junho de 2021",4143,2,3,R$ 24,R$ 72
2264,"segunda-feira, 28 de junho de 2021",5831,2,3,R$ 24,R$ 72
2308,"sexta-feira, 2 de julho de 2021",5895,2,3,R$ 24,R$ 72
2495,"sábado, 17 de julho de 2021",3473,2,3,R$ 24,R$ 72
2521,"segunda-feira, 19 de julho de 2021",6560,2,3,R$ 24,R$ 72
2674,"segunda-feira, 2 de agosto de 2021",2942,2,3,R$ 24,R$ 72
2679,"segunda-feira, 2 de agosto de 2021",3563,2,3,R$ 24,R$ 72
2719,"quinta-feira, 5 de agosto de 2021",1791,2,3,R$ 24,R$ 72
2775,"segunda-feira, 9 de agosto de 2021",7529,2,3,R$ 24,R$ 72
2801,"quinta-feira, 12 de agosto de 2021",4232,2,3,R$ 24,R$ 72
2921,"sábado, 21 de agosto de 2021",8840,2,3,R$ 24,R$ 72
2986,"quinta-feira, 26 de agosto de 2021",7639,2,3,R$ 24,R$ 72
3043,"quarta-feira, 1 de setembro de 2021",3213,2,3,R$ 24,R$ 72
3077,"sábado, 4 de setembro de 2021",8737,2,3,R$ 24,R$ 72
3273,"domingo, 19 de setembro de 2021",9524,2,3,R$ 24,R$ 72
3286,"segunda-feira, 20 de setembro de 2021",5944,2,3,R$ 24,R$ 72
3422,"domingo, 3 de outubro de 2021",9184,2,3,R$ 24,R$ 72
3468,"terça-feira, 5 de outubro de 2021",4079,2,3,R$ 24,R$ 72
3641,"quarta-feira, 20 de outubro de 2021",3480,2,3,R$ 24,R$ 72
3671,"sábado, 23 de outubro de 2021",3497,2,3,R$ 24,R$ 72
3882,"segunda-feira, 8 de novembro de 2021",2086,2,3,R$ 24,R$ 72
3984,"terça-feira, 16 de novembro de 2021",5733,2,3,R$ 24,R$ 72
3987,"quarta-feira, 17 de novembro de 2021",2201,2,3,R$ 24,R$ 72
4037,"sábado, 20 de novembro de 2021",6902,2,3,R$ 24,R$ 72
4047,"sábado, 20 de novembro de 2021",8275,2,3,R$ 24,R$ 72
4050,"domingo, 21 de novembro de 2021",8314,2,3,R$ 24,R$ 72
4092,"terça-feira, 23 de novembro de 2021",8046,2,3,R$ 24,R$ 72
4185,"terça-feira, 30 de novembro de 2021",2848,2,3,R$ 24,R$ 72
4219,"sexta-feira, 3 de dezembro de 2021",614,2,3,R$ 24,R$ 72
4421,"quarta-feira, 15 de dezembro de 2021",8930,2,3,R$ 24,R$ 72
4494,"segunda-feira, 20 de dezembro de 2021",3589,2,3,R$ 24,R$ 72
4499,"segunda-feira, 20 de dezembro de 2021",4906,2,3,R$ 24,R$ 72
4589,"sábado, 25 de dezembro de 2021",6845,2,3,R$ 24,R$ 72
4674,"quinta-feira, 30 de dezembro de 2021",2662,2,3,R$ 24,R$ 72
4688,"quinta-feira, 30 de dezembro de 2021",10208,2,3,R$ 24,R$ 72
4741,"sábado, 1 de janeiro de 2022",4571,2,3,R$ 24,R$ 72
4751,"domingo, 2 de janeiro de 2022",2019,2,3,R$ 24,R$ 72
4854,"quinta-feira, 6 de janeiro de 2022",769,2,3,R$ 24,R$ 72
4874,"quinta-feira, 6 de janeiro de 2022",3045,2,3,R$ 24,R$ 72
4950,"segunda-feira, 10 de janeiro de 2022",750,2,3,R$ 24,R$ 72
4958,"segunda-feira, 10 de janeiro de 2022",5712,2,3,R$ 24,R$ 72
4982,"terça-feira, 11 de janeiro de 2022",4195,2,3,R$ 24,R$ 72
4993,"terça-feira, 11 de janeiro de 2022",3487,2,3,R$ 24,R$ 72
5163,"quarta-feira, 19 de janeiro de 2022",2188,2,3,R$ 24,R$ 72
5264,"domingo, 23 de janeiro de 2022",4423,2,3,R$ 24,R$ 72
5335,"terça-feira, 25 de janeiro de 2022",1972,2,3,R$ 24,R$ 72
5350,"quarta-feira, 26 de janeiro de 2022",4010,2,3,R$ 24,R$ 72
5384,"quinta-feira, 27 de janeiro de 2022",1744,2,3,R$ 24,R$ 72
5424,"sábado, 29 de janeiro de 2022",2044,2,3,R$ 24,R$ 72
5672,"domingo, 6 de fevereiro de 2022",4998,2,3,R$ 24,R$ 72
5785,"sexta-feira, 11 de fevereiro de 2022",2201,2,3,R$ 24,R$ 72
5819,"sábado, 12 de fevereiro de 2022",2024,2,3,R$ 24,R$ 72
5930,"quarta-feira, 16 de fevereiro de 2022",8973,2,3,R$ 24,R$ 72
6269,"domingo, 27 de fevereiro de 2022",3881,2,3,R$ 24,R$ 72
6340,"quarta-feira, 2 de março de 2022",4643,2,3,R$ 24,R$ 72
6468,"segunda-feira, 7 de março de 2022",6652,2,3,R$ 24,R$ 72
6534,"quarta-feira, 9 de março de 2022",10118,2,3,R$ 24,R$ 72
6619,"sábado, 12 de março de 2022",5787,2,3,R$ 24,R$ 72
6635,"domingo, 13 de março de 2022",3360,2,3,R$ 24,R$ 72
6637,"domingo, 13 de março de 2022",1111,2,3,R$ 24,R$ 72
6752,"sexta-feira, 18 de março de 2022",5430,2,3,R$ 24,R$ 72
6809,"domingo, 20 de março de 2022",5486,2,3,R$ 24,R$ 72
6943,"sexta-feira, 25 de março de 2022",5481,2,3,R$ 24,R$ 72
7049,"terça-feira, 29 de março de 2022",3826,2,3,R$ 24,R$ 72
7312,"sexta-feira, 8 de abril de 2022",3746,2,3,R$ 24,R$ 72
7577,"segunda-feira, 18 de abril de 2022",1367,2,3,R$ 24,R$ 72
7601,"terça-feira, 19 de abril de 2022",4912,2,3,R$ 24,R$ 72
7638,"quarta-feira, 20 de abril de 2022",4807,2,3,R$ 24,R$ 72
7785,"terça-feira, 26 de abril de 2022",7055,2,3,R$ 24,R$ 72
7802,"terça-feira, 26 de abril de 2022",32,2,3,R$ 24,R$ 72
7865,"sexta-feira, 29 de abril de 2022",337,2,3,R$ 24,R$ 72
7983,"terça-feira, 3 de maio de 2022",5542,2,3,R$ 24,R$ 72
8016,"quarta-feira, 4 de maio de 2022",5869,2,3,R$ 24,R$ 72
8152,"domingo, 8 de maio de 2022",1256,2,3,R$ 24,R$ 72
8175,"segunda-feira, 9 de maio de 2022",2632,2,3,R$ 24,R$ 72
8196,"terça-feira, 10 de maio de 2022",1501,2,3,R$ 24,R$ 72
8252,"quinta-feira, 12 de maio de 2022",4600,2,3,R$ 24,R$ 72
8285,"sábado, 14 de maio de 2022",9141,2,3,R$ 24,R$ 72
8333,"domingo, 15 de maio de 2022",4284,2,3,R$ 24,R$ 72
8435,"quinta-feira, 19 de maio de 2022",896,2,3,R$ 24,R$ 72
8436,"quinta-feira, 19 de maio de 2022",1491,2,3,R$ 24,R$ 72
8550,"segunda-feira, 23 de maio de 2022",1852,2,3,R$ 24,R$ 72
8564,"terça-feira, 24 de maio de 2022",4070,2,3,R$ 24,R$ 72
8656,"sexta-feira, 27 de maio de 2022",4832,2,3,R$ 24,R$ 72
8871,"sábado, 4 de junho de 2022",4848,2,3,R$ 24,R$ 72
8960,"terça-feira, 7 de junho de 2022",330,2,3,R$ 24,R$ 72
9066,"sábado, 11 de junho de 2022",3038,2,3,R$ 24,R$ 72
9180,"quarta-feira, 15 de junho de 2022",1167,2,3,R$ 24,R$ 72
9344,"terça-feira, 21 de junho de 2022",3441,2,3,R$ 24,R$ 72
9691,"segunda-feira, 4 de julho de 2022",8870,2,3,R$ 24,R$ 72
9702,"terça-feira, 5 de julho de 2022",5857,2,3,R$ 24,R$ 72
9802,"sexta-feira, 8 de julho de 2022",181,2,3,R$ 24,R$ 72
9825,"sábado, 9 de julho de 2022",6835,2,3,R$ 24,R$ 72
9972,"quinta-feira, 14 de julho de 2022",9102,2,3,R$ 24,R$ 72
10086,"segunda-feira, 18 de julho de 2022",10240,2,3,R$ 24,R$ 72
10107,"segunda-feira, 18 de julho de 2022",7262,2,3,R$ 24,R$ 72
10148,"quarta-feira, 20 de julho de 2022",9208,2,3,R$ 24,R$ 72
10245,"domingo, 24 de julho de 2022",1893,2,3,R$ 24,R$ 72
10410,"sábado, 30 de julho de 2022",4784,2,3,R$ 24,R$ 72
10422,"domingo, 31 de julho de 2022",4738,2,3,R$ 24,R$ 72
10424,"domingo, 31 de julho de 2022",2023,2,3,R$ 24,R$ 72
10489,"terça-feira, 2 de agosto de 2022",4913,2,3,R$ 24,R$ 72
10497,"quarta-feira, 3 de agosto de 2022",749,2,3,R$ 24,R$ 72
10651,"terça-feira, 9 de agosto de 2022",2500,2,3,R$ 24,R$ 72
10711,"quinta-feira, 11 de agosto de 2022",7387,2,3,R$ 24,R$ 72
10729,"quinta-feira, 11 de agosto de 2022",7909,2,3,R$ 24,R$ 72
11154,"domingo, 28 de agosto de 2022",1171,2,3,R$ 24,R$ 72
11412,"quarta-feira, 7 de setembro de 2022",6962,2,3,R$ 24,R$ 72
11446,"quinta-feira, 8 de setembro de 2022",1593,2,3,R$ 24,R$ 72
11514,"sábado, 10 de setembro de 2022",274,2,3,R$ 24,R$ 72
11600,"terça-feira, 13 de setembro de 2022",5493,2,3,R$ 24,R$ 72
11800,"quarta-feira, 21 de setembro de 2022",8522,2,3,R$ 24,R$ 72
11842,"quinta-feira, 22 de setembro de 2022",6004,2,3,R$ 24,R$ 72
11985,"terça-feira, 27 de setembro de 2022",8183,2,3,R$ 24,R$ 72
12090,"sábado, 1 de outubro de 2022",8709,2,3,R$ 24,R$ 72
12115,"domingo, 2 de outubro de 2022",4467,2,3,R$ 24,R$ 72
12128,"domingo, 2 de outubro de 2022",8,2,3,R$ 24,R$ 72
12217,"quinta-feira, 6 de outubro de 2022",7116,2,3,R$ 24,R$ 72
12447,"sexta-feira, 14 de outubro de 2022",6339,2,3,R$ 24,R$ 72
12575,"quarta-feira, 19 de outubro de 2022",486,2,3,R$ 24,R$ 72
12703,"domingo, 23 de outubro de 2022",8355,2,3,R$ 24,R$ 72
12804,"quinta-feira, 27 de outubro de 2022",10208,2,3,R$ 24,R$ 72
12810,"quinta-feira, 27 de outubro de 2022",3577,2,3,R$ 24,R$ 72
12864,"sábado, 29 de outubro de 2022",5592,2,3,R$ 24,R$ 72
12880,"domingo, 30 de outubro de 2022",3497,2,3,R$ 24,R$ 72
12920,"segunda-feira, 31 de outubro de 2022",1641,2,3,R$ 24,R$ 72
12943,"terça-feira, 1 de novembro de 2022",7221,2,3,R$ 24,R$ 72
12974,"terça-feira, 1 de novembro de 2022",4174,2,3,R$ 24,R$ 72
12980,"quarta-feira, 2 de novembro de 2022",5114,2,3,R$ 24,R$ 72
12996,"quarta-feira, 2 de novembro de 2022",564,2,3,R$ 24,R$ 72
13085,"domingo, 6 de novembro de 2022",4094,2,3,R$ 24,R$ 72
13127,"segunda-feira, 7 de novembro de 2022",9032,2,3,R$ 24,R$ 72
13358,"terça-feira, 15 de novembro de 2022",6086,2,3,R$ 24,R$ 72
13375,"quarta-feira, 16 de novembro de 2022",1058,2,3,R$ 24,R$ 72
13407,"quinta-feira, 17 de novembro de 2022",985,2,3,R$ 24,R$ 72
13422,"quinta-feira, 17 de novembro de 2022",6130,2,3,R$ 24,R$ 72
13428,"sexta-feira, 18 de novembro de 2022",717,2,3,R$ 24,R$ 72
13536,"terça-feira, 22 de novembro de 2022",9055,2,3,R$ 24,R$ 72
13575,"quinta-feira, 24 de novembro de 2022",4821,2,3,R$ 24,R$ 72
13604,"sexta-feira, 25 de novembro de 2022",5768,2,3,R$ 24,R$ 72
13623,"sábado, 26 de novembro de 2022",9992,2,3,R$ 24,R$ 72
13630,"sábado, 26 de novembro de 2022",4234,2,3,R$ 24,R$ 72
13651,"domingo, 27 de novembro de 2022",4325,2,3,R$ 24,R$ 72
13667,"segunda-feira, 28 de novembro de 2022",4377,2,3,R$ 24,R$ 72
13871,"sexta-feira, 9 de dezembro de 2022",2323,2,3,R$ 24,R$ 72
13948,"quarta-feira, 14 de dezembro de 2022",7013,2,3,R$ 24,R$ 72
13973,"sábado, 17 de dezembro de 2022",3870,2,3,R$ 24,R$ 72
185,"sexta-feira, 22 de janeiro de 2021",7446,11,3,R$ 42,R$ 126
199,"sábado, 23 de janeiro de 2021",3412,11,3,R$ 42,R$ 126
200,"sábado, 23 de janeiro de 2021",5016,11,3,R$ 42,R$ 126
419,"quarta-feira, 10 de fevereiro de 2021",8730,11,3,R$ 42,R$ 126
454,"sábado, 13 de fevereiro de 2021",3075,11,3,R$ 42,R$ 126
565,"terça-feira, 23 de fevereiro de 2021",6621,11,3,R$ 42,R$ 126
597,"quinta-feira, 25 de fevereiro de 2021",8749,11,3,R$ 42,R$ 126
727,"sábado, 6 de março de 2021",9396,11,3,R$ 42,R$ 126
854,"segunda-feira, 15 de março de 2021",7366,11,3,R$ 42,R$ 126
904,"quinta-feira, 18 de março de 2021",1648,11,3,R$ 42,R$ 126
1087,"terça-feira, 30 de março de 2021",4722,11,3,R$ 42,R$ 126
1107,"quinta-feira, 1 de abril de 2021",7768,11,3,R$ 42,R$ 126
1136,"sábado, 3 de abril de 2021",5724,11,3,R$ 42,R$ 126
1211,"quinta-feira, 8 de abril de 2021",8970,11,3,R$ 42,R$ 126
1220,"sexta-feira, 9 de abril de 2021",8304,11,3,R$ 42,R$ 126
1453,"domingo, 25 de abril de 2021",354,11,3,R$ 42,R$ 126
1500,"quarta-feira, 28 de abril de 2021",6759,11,3,R$ 42,R$ 126
1538,"sábado, 1 de maio de 2021",553,11,3,R$ 42,R$ 126
1609,"quarta-feira, 5 de maio de 2021",6114,11,3,R$ 42,R$ 126
1673,"segunda-feira, 10 de maio de 2021",2927,11,3,R$ 42,R$ 126
1776,"quarta-feira, 19 de maio de 2021",7276,11,3,R$ 42,R$ 126
1795,"quinta-feira, 20 de maio de 2021",2086,11,3,R$ 42,R$ 126
1929,"segunda-feira, 31 de maio de 2021",2533,11,3,R$ 42,R$ 126
2065,"sábado, 12 de junho de 2021",7354,11,3,R$ 42,R$ 126
2110,"quarta-feira, 16 de junho de 2021",9176,11,3,R$ 42,R$ 126
2168,"segunda-feira, 21 de junho de 2021",9075,11,3,R$ 42,R$ 126
2240,"sábado, 26 de junho de 2021",2385,11,3,R$ 42,R$ 126
2251,"segunda-feira, 28 de junho de 2021",9972,11,3,R$ 42,R$ 126
2275,"terça-feira, 29 de junho de 2021",4234,11,3,R$ 42,R$ 126
2498,"sábado, 17 de julho de 2021",2915,11,3,R$ 42,R$ 126
2648,"sexta-feira, 30 de julho de 2021",3397,11,3,R$ 42,R$ 126
2695,"terça-feira, 3 de agosto de 2021",6905,11,3,R$ 42,R$ 126
2707,"quarta-feira, 4 de agosto de 2021",8511,11,3,R$ 42,R$ 126
2710,"quarta-feira, 4 de agosto de 2021",1316,11,3,R$ 42,R$ 126
2729,"sexta-feira, 6 de agosto de 2021",5298,11,3,R$ 42,R$ 126
2778,"segunda-feira, 9 de agosto de 2021",7056,11,3,R$ 42,R$ 126
2857,"segunda-feira, 16 de agosto de 2021",5774,11,3,R$ 42,R$ 126
2879,"quarta-feira, 18 de agosto de 2021",5358,11,3,R$ 42,R$ 126
2886,"quinta-feira, 19 de agosto de 2021",2961,11,3,R$ 42,R$ 126
3024,"segunda-feira, 30 de agosto de 2021",9767,11,3,R$ 42,R$ 126
3285,"segunda-feira, 20 de setembro de 2021",2689,11,3,R$ 42,R$ 126
3298,"quarta-feira, 22 de setembro de 2021",4510,11,3,R$ 42,R$ 126
3399,"sábado, 2 de outubro de 2021",7828,11,3,R$ 42,R$ 126
3565,"quarta-feira, 13 de outubro de 2021",1587,11,3,R$ 42,R$ 126
3568,"quarta-feira, 13 de outubro de 2021",3951,11,3,R$ 42,R$ 126
3578,"quinta-feira, 14 de outubro de 2021",9512,11,3,R$ 42,R$ 126
3753,"sexta-feira, 29 de outubro de 2021",9393,11,3,R$ 42,R$ 126
3766,"sábado, 30 de outubro de 2021",864,11,3,R$ 42,R$ 126
3854,"sábado, 6 de novembro de 2021",2869,11,3,R$ 42,R$ 126
3859,"sábado, 6 de novembro de 2021",5608,11,3,R$ 42,R$ 126
3885,"segunda-feira, 8 de novembro de 2021",9656,11,3,R$ 42,R$ 126
3913,"quinta-feira, 11 de novembro de 2021",1979,11,3,R$ 42,R$ 126
4070,"segunda-feira, 22 de novembro de 2021",8140,11,3,R$ 42,R$ 126
4271,"domingo, 5 de dezembro de 2021",8731,11,3,R$ 42,R$ 126
4401,"terça-feira, 14 de dezembro de 2021",6681,11,3,R$ 42,R$ 126
4524,"terça-feira, 21 de dezembro de 2021",5237,11,3,R$ 42,R$ 126
4552,"quinta-feira, 23 de dezembro de 2021",9734,11,3,R$ 42,R$ 126
4587,"sábado, 25 de dezembro de 2021",8323,11,3,R$ 42,R$ 126
4662,"quarta-feira, 29 de dezembro de 2021",1533,11,3,R$ 42,R$ 126
4699,"quinta-feira, 30 de dezembro de 2021",489,11,3,R$ 42,R$ 126
4744,"sábado, 1 de janeiro de 2022",9745,11,3,R$ 42,R$ 126
4753,"domingo, 2 de janeiro de 2022",4843,11,3,R$ 42,R$ 126
4774,"domingo, 2 de janeiro de 2022",8739,11,3,R$ 42,R$ 126
4818,"quarta-feira, 5 de janeiro de 2022",4373,11,3,R$ 42,R$ 126
5005,"quarta-feira, 12 de janeiro de 2022",8087,11,3,R$ 42,R$ 126
5098,"domingo, 16 de janeiro de 2022",850,11,3,R$ 42,R$ 126
5167,"quarta-feira, 19 de janeiro de 2022",5000,11,3,R$ 42,R$ 126
5293,"segunda-feira, 24 de janeiro de 2022",3567,11,3,R$ 42,R$ 126
5517,"terça-feira, 1 de fevereiro de 2022",2622,11,3,R$ 42,R$ 126
5633,"sábado, 5 de fevereiro de 2022",5148,11,3,R$ 42,R$ 126
5640,"sábado, 5 de fevereiro de 2022",7356,11,3,R$ 42,R$ 126
5720,"terça-feira, 8 de fevereiro de 2022",9404,11,3,R$ 42,R$ 126
5835,"sábado, 12 de fevereiro de 2022",9049,11,3,R$ 42,R$ 126
6135,"quarta-feira, 23 de fevereiro de 2022",1195,11,3,R$ 42,R$ 126
6241,"sábado, 26 de fevereiro de 2022",7485,11,3,R$ 42,R$ 126
6242,"sábado, 26 de fevereiro de 2022",1053,11,3,R$ 42,R$ 126
6267,"domingo, 27 de fevereiro de 2022",843,11,3,R$ 42,R$ 126
6618,"sábado, 12 de março de 2022",8752,11,3,R$ 42,R$ 126
6694,"terça-feira, 15 de março de 2022",6138,11,3,R$ 42,R$ 126
6852,"terça-feira, 22 de março de 2022",10154,11,3,R$ 42,R$ 126
6985,"domingo, 27 de março de 2022",4325,11,3,R$ 42,R$ 126
7045,"terça-feira, 29 de março de 2022",4797,11,3,R$ 42,R$ 126
7097,"quinta-feira, 31 de março de 2022",5898,11,3,R$ 42,R$ 126
7122,"sexta-feira, 1 de abril de 2022",838,11,3,R$ 42,R$ 126
7131,"sexta-feira, 1 de abril de 2022",4579,11,3,R$ 42,R$ 126
7205,"segunda-feira, 4 de abril de 2022",125,11,3,R$ 42,R$ 126
7275,"quinta-feira, 7 de abril de 2022",770,11,3,R$ 42,R$ 126
7318,"sexta-feira, 8 de abril de 2022",4873,11,3,R$ 42,R$ 126
7357,"domingo, 10 de abril de 2022",8592,11,3,R$ 42,R$ 126
7377,"domingo, 10 de abril de 2022",4676,11,3,R$ 42,R$ 126
7540,"domingo, 17 de abril de 2022",7413,11,3,R$ 42,R$ 126
7590,"terça-feira, 19 de abril de 2022",478,11,3,R$ 42,R$ 126
7593,"terça-feira, 19 de abril de 2022",4998,11,3,R$ 42,R$ 126
7687,"sexta-feira, 22 de abril de 2022",7917,11,3,R$ 42,R$ 126
7691,"sexta-feira, 22 de abril de 2022",2108,11,3,R$ 42,R$ 126
7773,"segunda-feira, 25 de abril de 2022",564,11,3,R$ 42,R$ 126
7864,"sexta-feira, 29 de abril de 2022",1737,11,3,R$ 42,R$ 126
7879,"sexta-feira, 29 de abril de 2022",6812,11,3,R$ 42,R$ 126
8250,"quinta-feira, 12 de maio de 2022",5869,11,3,R$ 42,R$ 126
8306,"sábado, 14 de maio de 2022",2099,11,3,R$ 42,R$ 126
8335,"domingo, 15 de maio de 2022",7308,11,3,R$ 42,R$ 126
8342,"segunda-feira, 16 de maio de 2022",4176,11,3,R$ 42,R$ 126
8414,"quinta-feira, 19 de maio de 2022",6141,11,3,R$ 42,R$ 126
8518,"domingo, 22 de maio de 2022",10273,11,3,R$ 42,R$ 126
8608,"quarta-feira, 25 de maio de 2022",3625,11,3,R$ 42,R$ 126
8646,"sexta-feira, 27 de maio de 2022",9919,11,3,R$ 42,R$ 126
8686,"sábado, 28 de maio de 2022",8077,11,3,R$ 42,R$ 126
8728,"domingo, 29 de maio de 2022",2628,11,3,R$ 42,R$ 126
8760,"terça-feira, 31 de maio de 2022",3056,11,3,R$ 42,R$ 126
8831,"quinta-feira, 2 de junho de 2022",6013,11,3,R$ 42,R$ 126
8839,"sexta-feira, 3 de junho de 2022",7364,11,3,R$ 42,R$ 126
8870,"sábado, 4 de junho de 2022",4878,11,3,R$ 42,R$ 126
9030,"quinta-feira, 9 de junho de 2022",2232,11,3,R$ 42,R$ 126
9036,"sexta-feira, 10 de junho de 2022",7337,11,3,R$ 42,R$ 126
9102,"domingo, 12 de junho de 2022",4078,11,3,R$ 42,R$ 126
9275,"domingo, 19 de junho de 2022",2614,11,3,R$ 42,R$ 126
9303,"segunda-feira, 20 de junho de 2022",6428,11,3,R$ 42,R$ 126
9699,"segunda-feira, 4 de julho de 2022",3517,11,3,R$ 42,R$ 126
9761,"quinta-feira, 7 de julho de 2022",8724,11,3,R$ 42,R$ 126
9889,"segunda-feira, 11 de julho de 2022",766,11,3,R$ 42,R$ 126
9930,"quarta-feira, 13 de julho de 2022",9971,11,3,R$ 42,R$ 126
10029,"sábado, 16 de julho de 2022",3390,11,3,R$ 42,R$ 126
10095,"segunda-feira, 18 de julho de 2022",4953,11,3,R$ 42,R$ 126
10211,"sexta-feira, 22 de julho de 2022",911,11,3,R$ 42,R$ 126
10233,"sábado, 23 de julho de 2022",7362,11,3,R$ 42,R$ 126
10293,"terça-feira, 26 de julho de 2022",3325,11,3,R$ 42,R$ 126
10477,"terça-feira, 2 de agosto de 2022",8872,11,3,R$ 42,R$ 126
10698,"quarta-feira, 10 de agosto de 2022",7016,11,3,R$ 42,R$ 126
10712,"quinta-feira, 11 de agosto de 2022",2398,11,3,R$ 42,R$ 126
10730,"quinta-feira, 11 de agosto de 2022",8723,11,3,R$ 42,R$ 126
10979,"domingo, 21 de agosto de 2022",7782,11,3,R$ 42,R$ 126
11111,"sexta-feira, 26 de agosto de 2022",4826,11,3,R$ 42,R$ 126
11120,"sexta-feira, 26 de agosto de 2022",2448,11,3,R$ 42,R$ 126
11160,"domingo, 28 de agosto de 2022",9403,11,3,R$ 42,R$ 126
11311,"sábado, 3 de setembro de 2022",9781,11,3,R$ 42,R$ 126
11342,"domingo, 4 de setembro de 2022",177,11,3,R$ 42,R$ 126
11408,"quarta-feira, 7 de setembro de 2022",8345,11,3,R$ 42,R$ 126
11420,"quarta-feira, 7 de setembro de 2022",662,11,3,R$ 42,R$ 126
11521,"sábado, 10 de setembro de 2022",4520,11,3,R$ 42,R$ 126
11617,"quarta-feira, 14 de setembro de 2022",8438,11,3,R$ 42,R$ 126
11820,"quinta-feira, 22 de setembro de 2022",3553,11,3,R$ 42,R$ 126
11932,"domingo, 25 de setembro de 2022",9573,11,3,R$ 42,R$ 126
12319,"domingo, 9 de outubro de 2022",4598,11,3,R$ 42,R$ 126
12329,"segunda-feira, 10 de outubro de 2022",8271,11,3,R$ 42,R$ 126
12336,"segunda-feira, 10 de outubro de 2022",8463,11,3,R$ 42,R$ 126
12388,"quarta-feira, 12 de outubro de 2022",8282,11,3,R$ 42,R$ 126
12392,"quarta-feira, 12 de outubro de 2022",9123,11,3,R$ 42,R$ 126
12466,"sábado, 15 de outubro de 2022",1940,11,3,R$ 42,R$ 126
12482,"domingo, 16 de outubro de 2022",9247,11,3,R$ 42,R$ 126
12548,"terça-feira, 18 de outubro de 2022",2802,11,3,R$ 42,R$ 126
12576,"quarta-feira, 19 de outubro de 2022",6603,11,3,R$ 42,R$ 126
12598,"quinta-feira, 20 de outubro de 2022",5053,11,3,R$ 42,R$ 126
12611,"quinta-feira, 20 de outubro de 2022",2224,11,3,R$ 42,R$ 126
12668,"sábado, 22 de outubro de 2022",1625,11,3,R$ 42,R$ 126
12676,"sábado, 22 de outubro de 2022",6849,11,3,R$ 42,R$ 126
12764,"terça-feira, 25 de outubro de 2022",8287,11,3,R$ 42,R$ 126
12789,"quarta-feira, 26 de outubro de 2022",6775,11,3,R$ 42,R$ 126
12922,"segunda-feira, 31 de outubro de 2022",6847,11,3,R$ 42,R$ 126
12998,"quarta-feira, 2 de novembro de 2022",2169,11,3,R$ 42,R$ 126
13040,"sexta-feira, 4 de novembro de 2022",6464,11,3,R$ 42,R$ 126
13067,"sábado, 5 de novembro de 2022",2830,11,3,R$ 42,R$ 126
13214,"quinta-feira, 10 de novembro de 2022",364,11,3,R$ 42,R$ 126
13236,"sexta-feira, 11 de novembro de 2022",3210,11,3,R$ 42,R$ 126
13357,"terça-feira, 15 de novembro de 2022",1563,11,3,R$ 42,R$ 126
13498,"segunda-feira, 21 de novembro de 2022",3468,11,3,R$ 42,R$ 126
13717,"quarta-feira, 30 de novembro de 2022",950,11,3,R$ 42,R$ 126
13772,"sexta-feira, 2 de dezembro de 2022",4868,11,3,R$ 42,R$ 126
13787,"sábado, 3 de dezembro de 2022",8001,11,3,R$ 42,R$ 126
13933,"terça-feira, 13 de dezembro de 2022",9625,11,3,R$ 42,R$ 126
78,"sábado, 9 de janeiro de 2021",2198,4,3,R$ 6,R$ 18
122,"sexta-feira, 15 de janeiro de 2021",9459,4,3,R$ 6,R$ 18
212,"domingo, 24 de janeiro de 2021",976,4,3,R$ 6,R$ 18
265,"sexta-feira, 29 de janeiro de 2021",5079,4,3,R$ 6,R$ 18
281,"sábado, 30 de janeiro de 2021",9694,4,3,R$ 6,R$ 18
421,"quinta-feira, 11 de fevereiro de 2021",9021,4,3,R$ 6,R$ 18
449,"sábado, 13 de fevereiro de 2021",7433,4,3,R$ 6,R$ 18
519,"sexta-feira, 19 de fevereiro de 2021",9297,4,3,R$ 6,R$ 18
553,"segunda-feira, 22 de fevereiro de 2021",9276,4,3,R$ 6,R$ 18
689,"quarta-feira, 3 de março de 2021",9236,4,3,R$ 6,R$ 18
773,"terça-feira, 9 de março de 2021",30,4,3,R$ 6,R$ 18
795,"quinta-feira, 11 de março de 2021",6348,4,3,R$ 6,R$ 18
824,"sábado, 13 de março de 2021",6001,4,3,R$ 6,R$ 18
935,"sábado, 20 de março de 2021",638,4,3,R$ 6,R$ 18
970,"terça-feira, 23 de março de 2021",7818,4,3,R$ 6,R$ 18
1288,"quarta-feira, 14 de abril de 2021",8993,4,3,R$ 6,R$ 18
1347,"sábado, 17 de abril de 2021",3243,4,3,R$ 6,R$ 18
1354,"domingo, 18 de abril de 2021",5067,4,3,R$ 6,R$ 18
1373,"segunda-feira, 19 de abril de 2021",4431,4,3,R$ 6,R$ 18
1380,"segunda-feira, 19 de abril de 2021",1415,4,3,R$ 6,R$ 18
1503,"quarta-feira, 28 de abril de 2021",887,4,3,R$ 6,R$ 18
1521,"sexta-feira, 30 de abril de 2021",2570,4,3,R$ 6,R$ 18
1603,"quarta-feira, 5 de maio de 2021",2632,4,3,R$ 6,R$ 18
1613,"quinta-feira, 6 de maio de 2021",5898,4,3,R$ 6,R$ 18
1804,"sexta-feira, 21 de maio de 2021",9815,4,3,R$ 6,R$ 18
1871,"quarta-feira, 26 de maio de 2021",1838,4,3,R$ 6,R$ 18
2006,"domingo, 6 de junho de 2021",6304,4,3,R$ 6,R$ 18
2029,"terça-feira, 8 de junho de 2021",7701,4,3,R$ 6,R$ 18
2127,"sexta-feira, 18 de junho de 2021",1195,4,3,R$ 6,R$ 18
2142,"sábado, 19 de junho de 2021",7743,4,3,R$ 6,R$ 18
2148,"domingo, 20 de junho de 2021",4191,4,3,R$ 6,R$ 18
2194,"terça-feira, 22 de junho de 2021",4615,4,3,R$ 6,R$ 18
2301,"sexta-feira, 2 de julho de 2021",5019,4,3,R$ 6,R$ 18
2306,"sexta-feira, 2 de julho de 2021",3216,4,3,R$ 6,R$ 18
2356,"quarta-feira, 7 de julho de 2021",7721,4,3,R$ 6,R$ 18
2512,"domingo, 18 de julho de 2021",9642,4,3,R$ 6,R$ 18
2522,"segunda-feira, 19 de julho de 2021",6744,4,3,R$ 6,R$ 18
2610,"terça-feira, 27 de julho de 2021",10142,4,3,R$ 6,R$ 18
2651,"sábado, 31 de julho de 2021",4006,4,3,R$ 6,R$ 18
2716,"quinta-feira, 5 de agosto de 2021",905,4,3,R$ 6,R$ 18
2954,"terça-feira, 24 de agosto de 2021",4858,4,3,R$ 6,R$ 18
2961,"terça-feira, 24 de agosto de 2021",4589,4,3,R$ 6,R$ 18
2989,"sexta-feira, 27 de agosto de 2021",9773,4,3,R$ 6,R$ 18
3040,"terça-feira, 31 de agosto de 2021",1974,4,3,R$ 6,R$ 18
3107,"segunda-feira, 6 de setembro de 2021",9631,4,3,R$ 6,R$ 18
3109,"segunda-feira, 6 de setembro de 2021",8851,4,3,R$ 6,R$ 18
3122,"terça-feira, 7 de setembro de 2021",472,4,3,R$ 6,R$ 18
3128,"quarta-feira, 8 de setembro de 2021",6367,4,3,R$ 6,R$ 18
3209,"quarta-feira, 15 de setembro de 2021",4846,4,3,R$ 6,R$ 18
3213,"quarta-feira, 15 de setembro de 2021",1309,4,3,R$ 6,R$ 18
3241,"sexta-feira, 17 de setembro de 2021",9527,4,3,R$ 6,R$ 18
3490,"quinta-feira, 7 de outubro de 2021",5374,4,3,R$ 6,R$ 18
3507,"sexta-feira, 8 de outubro de 2021",372,4,3,R$ 6,R$ 18
3821,"quinta-feira, 4 de novembro de 2021",9648,4,3,R$ 6,R$ 18
3964,"segunda-feira, 15 de novembro de 2021",7459,4,3,R$ 6,R$ 18
4143,"sábado, 27 de novembro de 2021",8960,4,3,R$ 6,R$ 18
4151,"domingo, 28 de novembro de 2021",391,4,3,R$ 6,R$ 18
4306,"quarta-feira, 8 de dezembro de 2021",8224,4,3,R$ 6,R$ 18
4312,"quarta-feira, 8 de dezembro de 2021",1147,4,3,R$ 6,R$ 18
4323,"quinta-feira, 9 de dezembro de 2021",9801,4,3,R$ 6,R$ 18
4746,"sábado, 1 de janeiro de 2022",9249,4,3,R$ 6,R$ 18
4903,"sábado, 8 de janeiro de 2022",2227,4,3,R$ 6,R$ 18
4959,"segunda-feira, 10 de janeiro de 2022",5898,4,3,R$ 6,R$ 18
5196,"quinta-feira, 20 de janeiro de 2022",4475,4,3,R$ 6,R$ 18
5222,"sexta-feira, 21 de janeiro de 2022",8189,4,3,R$ 6,R$ 18
5362,"quarta-feira, 26 de janeiro de 2022",1770,4,3,R$ 6,R$ 18
5461,"domingo, 30 de janeiro de 2022",6162,4,3,R$ 6,R$ 18
5592,"sexta-feira, 4 de fevereiro de 2022",2448,4,3,R$ 6,R$ 18
6040,"sábado, 19 de fevereiro de 2022",4981,4,3,R$ 6,R$ 18
6041,"sábado, 19 de fevereiro de 2022",9883,4,3,R$ 6,R$ 18
6104,"terça-feira, 22 de fevereiro de 2022",3425,4,3,R$ 6,R$ 18
6204,"sexta-feira, 25 de fevereiro de 2022",4256,4,3,R$ 6,R$ 18
6260,"domingo, 27 de fevereiro de 2022",7472,4,3,R$ 6,R$ 18
6524,"quarta-feira, 9 de março de 2022",2544,4,3,R$ 6,R$ 18
6570,"quinta-feira, 10 de março de 2022",7356,4,3,R$ 6,R$ 18
6714,"quarta-feira, 16 de março de 2022",8511,4,3,R$ 6,R$ 18
6733,"quinta-feira, 17 de março de 2022",3218,4,3,R$ 6,R$ 18
6760,"sexta-feira, 18 de março de 2022",9573,4,3,R$ 6,R$ 18
6819,"domingo, 20 de março de 2022",9976,4,3,R$ 6,R$ 18
6971,"sábado, 26 de março de 2022",99,4,3,R$ 6,R$ 18
7115,"quinta-feira, 31 de março de 2022",3961,4,3,R$ 6,R$ 18
7121,"quinta-feira, 31 de março de 2022",8391,4,3,R$ 6,R$ 18
7212,"segunda-feira, 4 de abril de 2022",5895,4,3,R$ 6,R$ 18
7237,"terça-feira, 5 de abril de 2022",6305,4,3,R$ 6,R$ 18
7390,"domingo, 10 de abril de 2022",8482,4,3,R$ 6,R$ 18
7463,"quinta-feira, 14 de abril de 2022",9536,4,3,R$ 6,R$ 18
7473,"quinta-feira, 14 de abril de 2022",6780,4,3,R$ 6,R$ 18
7611,"terça-feira, 19 de abril de 2022",5560,4,3,R$ 6,R$ 18
7686,"sexta-feira, 22 de abril de 2022",8198,4,3,R$ 6,R$ 18
7804,"terça-feira, 26 de abril de 2022",2388,4,3,R$ 6,R$ 18
7836,"quarta-feira, 27 de abril de 2022",8926,4,3,R$ 6,R$ 18
7838,"quarta-feira, 27 de abril de 2022",6882,4,3,R$ 6,R$ 18
7849,"quinta-feira, 28 de abril de 2022",5398,4,3,R$ 6,R$ 18
7946,"domingo, 1 de maio de 2022",3186,4,3,R$ 6,R$ 18
7952,"segunda-feira, 2 de maio de 2022",3377,4,3,R$ 6,R$ 18
8220,"quarta-feira, 11 de maio de 2022",9238,4,3,R$ 6,R$ 18
8447,"sexta-feira, 20 de maio de 2022",1171,4,3,R$ 6,R$ 18
8471,"sexta-feira, 20 de maio de 2022",8966,4,3,R$ 6,R$ 18
8628,"quinta-feira, 26 de maio de 2022",1059,4,3,R$ 6,R$ 18
8669,"sexta-feira, 27 de maio de 2022",8585,4,3,R$ 6,R$ 18
8685,"sábado, 28 de maio de 2022",1626,4,3,R$ 6,R$ 18
8848,"sexta-feira, 3 de junho de 2022",6272,4,3,R$ 6,R$ 18
8896,"domingo, 5 de junho de 2022",6791,4,3,R$ 6,R$ 18
8907,"domingo, 5 de junho de 2022",6107,4,3,R$ 6,R$ 18
9031,"quinta-feira, 9 de junho de 2022",5968,4,3,R$ 6,R$ 18
9300,"segunda-feira, 20 de junho de 2022",2282,4,3,R$ 6,R$ 18
9507,"terça-feira, 28 de junho de 2022",8592,4,3,R$ 6,R$ 18
9649,"domingo, 3 de julho de 2022",5512,4,3,R$ 6,R$ 18
9675,"segunda-feira, 4 de julho de 2022",6406,4,3,R$ 6,R$ 18
9730,"quarta-feira, 6 de julho de 2022",1430,4,3,R$ 6,R$ 18
9804,"sexta-feira, 8 de julho de 2022",8298,4,3,R$ 6,R$ 18
10135,"terça-feira, 19 de julho de 2022",4953,4,3,R$ 6,R$ 18
10312,"terça-feira, 26 de julho de 2022",799,4,3,R$ 6,R$ 18
10399,"sábado, 30 de julho de 2022",7074,4,3,R$ 6,R$ 18
10420,"domingo, 31 de julho de 2022",1897,4,3,R$ 6,R$ 18
10495,"quarta-feira, 3 de agosto de 2022",5452,4,3,R$ 6,R$ 18
10584,"sábado, 6 de agosto de 2022",8345,4,3,R$ 6,R$ 18
10665,"terça-feira, 9 de agosto de 2022",4379,4,3,R$ 6,R$ 18
10678,"terça-feira, 9 de agosto de 2022",1853,4,3,R$ 6,R$ 18
10701,"quarta-feira, 10 de agosto de 2022",467,4,3,R$ 6,R$ 18
10826,"segunda-feira, 15 de agosto de 2022",9479,4,3,R$ 6,R$ 18
10883,"quarta-feira, 17 de agosto de 2022",7471,4,3,R$ 6,R$ 18
10885,"quarta-feira, 17 de agosto de 2022",2974,4,3,R$ 6,R$ 18
10918,"sexta-feira, 19 de agosto de 2022",9415,4,3,R$ 6,R$ 18
10997,"segunda-feira, 22 de agosto de 2022",451,4,3,R$ 6,R$ 18
11067,"quarta-feira, 24 de agosto de 2022",9238,4,3,R$ 6,R$ 18
11172,"segunda-feira, 29 de agosto de 2022",8784,4,3,R$ 6,R$ 18
11251,"quarta-feira, 31 de agosto de 2022",7140,4,3,R$ 6,R$ 18
11267,"quinta-feira, 1 de setembro de 2022",5691,4,3,R$ 6,R$ 18
11536,"domingo, 11 de setembro de 2022",164,4,3,R$ 6,R$ 18
11553,"segunda-feira, 12 de setembro de 2022",4965,4,3,R$ 6,R$ 18
11588,"terça-feira, 13 de setembro de 2022",6652,4,3,R$ 6,R$ 18
11621,"quarta-feira, 14 de setembro de 2022",8709,4,3,R$ 6,R$ 18
11634,"quinta-feira, 15 de setembro de 2022",5148,4,3,R$ 6,R$ 18
11751,"segunda-feira, 19 de setembro de 2022",2481,4,3,R$ 6,R$ 18
11851,"quinta-feira, 22 de setembro de 2022",7448,4,3,R$ 6,R$ 18
11858,"sexta-feira, 23 de setembro de 2022",1550,4,3,R$ 6,R$ 18
11864,"sexta-feira, 23 de setembro de 2022",4815,4,3,R$ 6,R$ 18
11881,"sexta-feira, 23 de setembro de 2022",9254,4,3,R$ 6,R$ 18
11982,"terça-feira, 27 de setembro de 2022",5712,4,3,R$ 6,R$ 18
12064,"quinta-feira, 29 de setembro de 2022",2500,4,3,R$ 6,R$ 18
12132,"domingo, 2 de outubro de 2022",4068,4,3,R$ 6,R$ 18
12284,"sábado, 8 de outubro de 2022",4761,4,3,R$ 6,R$ 18
12414,"quinta-feira, 13 de outubro de 2022",9514,4,3,R$ 6,R$ 18
12427,"quinta-feira, 13 de outubro de 2022",6722,4,3,R$ 6,R$ 18
12433,"quinta-feira, 13 de outubro de 2022",2528,4,3,R$ 6,R$ 18
12459,"sábado, 15 de outubro de 2022",7392,4,3,R$ 6,R$ 18
12489,"domingo, 16 de outubro de 2022",1013,4,3,R$ 6,R$ 18
12593,"quinta-feira, 20 de outubro de 2022",1419,4,3,R$ 6,R$ 18
12605,"quinta-feira, 20 de outubro de 2022",8414,4,3,R$ 6,R$ 18
12632,"sexta-feira, 21 de outubro de 2022",5174,4,3,R$ 6,R$ 18
12638,"sexta-feira, 21 de outubro de 2022",322,4,3,R$ 6,R$ 18
12642,"sexta-feira, 21 de outubro de 2022",1310,4,3,R$ 6,R$ 18
12711,"segunda-feira, 24 de outubro de 2022",7213,4,3,R$ 6,R$ 18
12732,"segunda-feira, 24 de outubro de 2022",9311,4,3,R$ 6,R$ 18
12779,"quarta-feira, 26 de outubro de 2022",8397,4,3,R$ 6,R$ 18
12790,"quarta-feira, 26 de outubro de 2022",7016,4,3,R$ 6,R$ 18
12914,"segunda-feira, 31 de outubro de 2022",2733,4,3,R$ 6,R$ 18
12969,"terça-feira, 1 de novembro de 2022",1777,4,3,R$ 6,R$ 18
13056,"sexta-feira, 4 de novembro de 2022",5642,4,3,R$ 6,R$ 18
13260,"sábado, 12 de novembro de 2022",8106,4,3,R$ 6,R$ 18
13282,"sábado, 12 de novembro de 2022",9942,4,3,R$ 6,R$ 18
13291,"domingo, 13 de novembro de 2022",6847,4,3,R$ 6,R$ 18
13433,"sexta-feira, 18 de novembro de 2022",1341,4,3,R$ 6,R$ 18
13455,"sábado, 19 de novembro de 2022",7376,4,3,R$ 6,R$ 18
13614,"sexta-feira, 25 de novembro de 2022",2553,4,3,R$ 6,R$ 18
13664,"domingo, 27 de novembro de 2022",8768,4,3,R$ 6,R$ 18
13889,"sábado, 10 de dezembro de 2022",2667,4,3,R$ 6,R$ 18
14018,"sexta-feira, 23 de dezembro de 2022",6354,4,3,R$ 6,R$ 18
58,"terça-feira, 5 de janeiro de 2021",3490,19,3,R$ 40,R$ 120
179,"quarta-feira, 20 de janeiro de 2021",2921,19,3,R$ 40,R$ 120
191,"sexta-feira, 22 de janeiro de 2021",2361,19,3,R$ 40,R$ 120
570,"terça-feira, 23 de fevereiro de 2021",6468,19,3,R$ 40,R$ 120
697,"quinta-feira, 4 de março de 2021",8916,19,3,R$ 40,R$ 120
709,"sexta-feira, 5 de março de 2021",934,19,3,R$ 40,R$ 120
741,"segunda-feira, 8 de março de 2021",3650,19,3,R$ 40,R$ 120
974,"terça-feira, 23 de março de 2021",8410,19,3,R$ 40,R$ 120
989,"quarta-feira, 24 de março de 2021",2259,19,3,R$ 40,R$ 120
1148,"sábado, 3 de abril de 2021",6001,19,3,R$ 40,R$ 120
1249,"domingo, 11 de abril de 2021",7617,19,3,R$ 40,R$ 120
1269,"segunda-feira, 12 de abril de 2021",8289,19,3,R$ 40,R$ 120
1317,"quinta-feira, 15 de abril de 2021",6400,19,3,R$ 40,R$ 120
1346,"sábado, 17 de abril de 2021",4467,19,3,R$ 40,R$ 120
1483,"terça-feira, 27 de abril de 2021",7204,19,3,R$ 40,R$ 120
2178,"segunda-feira, 21 de junho de 2021",9224,19,3,R$ 40,R$ 120
2282,"terça-feira, 29 de junho de 2021",907,19,3,R$ 40,R$ 120
2428,"terça-feira, 13 de julho de 2021",6348,19,3,R$ 40,R$ 120
2442,"quarta-feira, 14 de julho de 2021",5616,19,3,R$ 40,R$ 120
2493,"sábado, 17 de julho de 2021",1490,19,3,R$ 40,R$ 120
2554,"quinta-feira, 22 de julho de 2021",3099,19,3,R$ 40,R$ 120
2731,"sexta-feira, 6 de agosto de 2021",3463,19,3,R$ 40,R$ 120
2753,"domingo, 8 de agosto de 2021",3897,19,3,R$ 40,R$ 120
2981,"quinta-feira, 26 de agosto de 2021",1798,19,3,R$ 40,R$ 120
3104,"segunda-feira, 6 de setembro de 2021",3567,19,3,R$ 40,R$ 120
3111,"segunda-feira, 6 de setembro de 2021",7828,19,3,R$ 40,R$ 120
3215,"quarta-feira, 15 de setembro de 2021",994,19,3,R$ 40,R$ 120
3242,"sexta-feira, 17 de setembro de 2021",472,19,3,R$ 40,R$ 120
3289,"segunda-feira, 20 de setembro de 2021",6566,19,3,R$ 40,R$ 120
3369,"quarta-feira, 29 de setembro de 2021",5432,19,3,R$ 40,R$ 120
3443,"segunda-feira, 4 de outubro de 2021",9937,19,3,R$ 40,R$ 120
3451,"segunda-feira, 4 de outubro de 2021",4614,19,3,R$ 40,R$ 120
3525,"domingo, 10 de outubro de 2021",1391,19,3,R$ 40,R$ 120
3540,"segunda-feira, 11 de outubro de 2021",4099,19,3,R$ 40,R$ 120
3559,"quarta-feira, 13 de outubro de 2021",9851,19,3,R$ 40,R$ 120
3596,"sexta-feira, 15 de outubro de 2021",3034,19,3,R$ 40,R$ 120
3602,"sábado, 16 de outubro de 2021",5063,19,3,R$ 40,R$ 120
3709,"terça-feira, 26 de outubro de 2021",3193,19,3,R$ 40,R$ 120
3830,"quinta-feira, 4 de novembro de 2021",4664,19,3,R$ 40,R$ 120
3945,"domingo, 14 de novembro de 2021",5303,19,3,R$ 40,R$ 120
4133,"sexta-feira, 26 de novembro de 2021",9270,19,3,R$ 40,R$ 120
4160,"segunda-feira, 29 de novembro de 2021",133,19,3,R$ 40,R$ 120
4202,"quinta-feira, 2 de dezembro de 2021",2493,19,3,R$ 40,R$ 120
4315,"quarta-feira, 8 de dezembro de 2021",10043,19,3,R$ 40,R$ 120
4387,"segunda-feira, 13 de dezembro de 2021",2588,19,3,R$ 40,R$ 120
4416,"quarta-feira, 15 de dezembro de 2021",7131,19,3,R$ 40,R$ 120
4777,"segunda-feira, 3 de janeiro de 2022",4397,19,3,R$ 40,R$ 120
4953,"segunda-feira, 10 de janeiro de 2022",5050,19,3,R$ 40,R$ 120
4974,"terça-feira, 11 de janeiro de 2022",4413,19,3,R$ 40,R$ 120
4986,"terça-feira, 11 de janeiro de 2022",1593,19,3,R$ 40,R$ 120
5038,"sexta-feira, 14 de janeiro de 2022",647,19,3,R$ 40,R$ 120
5044,"sexta-feira, 14 de janeiro de 2022",4946,19,3,R$ 40,R$ 120
5073,"sábado, 15 de janeiro de 2022",6168,19,3,R$ 40,R$ 120
5131,"segunda-feira, 17 de janeiro de 2022",537,19,3,R$ 40,R$ 120
5142,"terça-feira, 18 de janeiro de 2022",2553,19,3,R$ 40,R$ 120
5179,"quarta-feira, 19 de janeiro de 2022",1144,19,3,R$ 40,R$ 120
5185,"quinta-feira, 20 de janeiro de 2022",9501,19,3,R$ 40,R$ 120
5447,"domingo, 30 de janeiro de 2022",8211,19,3,R$ 40,R$ 120
5458,"domingo, 30 de janeiro de 2022",5852,19,3,R$ 40,R$ 120
5565,"quinta-feira, 3 de fevereiro de 2022",1787,19,3,R$ 40,R$ 120
5635,"sábado, 5 de fevereiro de 2022",9301,19,3,R$ 40,R$ 120
5836,"sábado, 12 de fevereiro de 2022",6843,19,3,R$ 40,R$ 120
5935,"quarta-feira, 16 de fevereiro de 2022",242,19,3,R$ 40,R$ 120
5987,"quinta-feira, 17 de fevereiro de 2022",8414,19,3,R$ 40,R$ 120
6027,"sábado, 19 de fevereiro de 2022",8345,19,3,R$ 40,R$ 120
6096,"segunda-feira, 21 de fevereiro de 2022",6382,19,3,R$ 40,R$ 120
6219,"sexta-feira, 25 de fevereiro de 2022",9349,19,3,R$ 40,R$ 120
6273,"domingo, 27 de fevereiro de 2022",5324,19,3,R$ 40,R$ 120
6353,"quarta-feira, 2 de março de 2022",2795,19,3,R$ 40,R$ 120
6387,"quinta-feira, 3 de março de 2022",2491,19,3,R$ 40,R$ 120
6405,"sexta-feira, 4 de março de 2022",8040,19,3,R$ 40,R$ 120
6521,"quarta-feira, 9 de março de 2022",4881,19,3,R$ 40,R$ 120
6547,"quinta-feira, 10 de março de 2022",8775,19,3,R$ 40,R$ 120
6587,"sexta-feira, 11 de março de 2022",9435,19,3,R$ 40,R$ 120
6664,"segunda-feira, 14 de março de 2022",2802,19,3,R$ 40,R$ 120
6680,"terça-feira, 15 de março de 2022",8638,19,3,R$ 40,R$ 120
6691,"terça-feira, 15 de março de 2022",6311,19,3,R$ 40,R$ 120
6838,"segunda-feira, 21 de março de 2022",10002,19,3,R$ 40,R$ 120
6999,"domingo, 27 de março de 2022",6209,19,3,R$ 40,R$ 120
7142,"sexta-feira, 1 de abril de 2022",5542,19,3,R$ 40,R$ 120
7227,"terça-feira, 5 de abril de 2022",1553,19,3,R$ 40,R$ 120
7239,"terça-feira, 5 de abril de 2022",3295,19,3,R$ 40,R$ 120
7511,"sábado, 16 de abril de 2022",1593,19,3,R$ 40,R$ 120
7523,"sábado, 16 de abril de 2022",7940,19,3,R$ 40,R$ 120
7595,"terça-feira, 19 de abril de 2022",7377,19,3,R$ 40,R$ 120
7684,"sexta-feira, 22 de abril de 2022",10262,19,3,R$ 40,R$ 120
7742,"domingo, 24 de abril de 2022",8995,19,3,R$ 40,R$ 120
7820,"quarta-feira, 27 de abril de 2022",4385,19,3,R$ 40,R$ 120
7980,"terça-feira, 3 de maio de 2022",9064,19,3,R$ 40,R$ 120
8023,"quarta-feira, 4 de maio de 2022",5865,19,3,R$ 40,R$ 120
8028,"quarta-feira, 4 de maio de 2022",545,19,3,R$ 40,R$ 120
8048,"quinta-feira, 5 de maio de 2022",624,19,3,R$ 40,R$ 120
8117,"sábado, 7 de maio de 2022",7182,19,3,R$ 40,R$ 120
8265,"sexta-feira, 13 de maio de 2022",2324,19,3,R$ 40,R$ 120
8277,"sexta-feira, 13 de maio de 2022",6440,19,3,R$ 40,R$ 120
8399,"quarta-feira, 18 de maio de 2022",7110,19,3,R$ 40,R$ 120
8490,"sábado, 21 de maio de 2022",6181,19,3,R$ 40,R$ 120
8501,"domingo, 22 de maio de 2022",2408,19,3,R$ 40,R$ 120
8585,"terça-feira, 24 de maio de 2022",7822,19,3,R$ 40,R$ 120
8714,"domingo, 29 de maio de 2022",7717,19,3,R$ 40,R$ 120
8722,"domingo, 29 de maio de 2022",4319,19,3,R$ 40,R$ 120
8758,"terça-feira, 31 de maio de 2022",1052,19,3,R$ 40,R$ 120
8812,"quarta-feira, 1 de junho de 2022",1395,19,3,R$ 40,R$ 120
8935,"segunda-feira, 6 de junho de 2022",9820,19,3,R$ 40,R$ 120
9112,"segunda-feira, 13 de junho de 2022",4778,19,3,R$ 40,R$ 120
9169,"quarta-feira, 15 de junho de 2022",10076,19,3,R$ 40,R$ 120
9192,"quinta-feira, 16 de junho de 2022",2656,19,3,R$ 40,R$ 120
9284,"domingo, 19 de junho de 2022",9420,19,3,R$ 40,R$ 120
9376,"quarta-feira, 22 de junho de 2022",1402,19,3,R$ 40,R$ 120
9401,"quinta-feira, 23 de junho de 2022",4981,19,3,R$ 40,R$ 120
9477,"domingo, 26 de junho de 2022",680,19,3,R$ 40,R$ 120
9512,"terça-feira, 28 de junho de 2022",815,19,3,R$ 40,R$ 120
9536,"quarta-feira, 29 de junho de 2022",2191,19,3,R$ 40,R$ 120
9546,"quarta-feira, 29 de junho de 2022",6352,19,3,R$ 40,R$ 120
9709,"terça-feira, 5 de julho de 2022",9844,19,3,R$ 40,R$ 120
9720,"quarta-feira, 6 de julho de 2022",2221,19,3,R$ 40,R$ 120
10005,"sexta-feira, 15 de julho de 2022",6346,19,3,R$ 40,R$ 120
10189,"quinta-feira, 21 de julho de 2022",2862,19,3,R$ 40,R$ 120
10193,"quinta-feira, 21 de julho de 2022",6240,19,3,R$ 40,R$ 120
10402,"sábado, 30 de julho de 2022",2022,19,3,R$ 40,R$ 120
10559,"sexta-feira, 5 de agosto de 2022",1946,19,3,R$ 40,R$ 120
10637,"segunda-feira, 8 de agosto de 2022",8235,19,3,R$ 40,R$ 120
10705,"quinta-feira, 11 de agosto de 2022",1823,19,3,R$ 40,R$ 120
10753,"sexta-feira, 12 de agosto de 2022",1578,19,3,R$ 40,R$ 120
10755,"sexta-feira, 12 de agosto de 2022",8169,19,3,R$ 40,R$ 120
10932,"sexta-feira, 19 de agosto de 2022",9102,19,3,R$ 40,R$ 120
10998,"segunda-feira, 22 de agosto de 2022",9480,19,3,R$ 40,R$ 120
11032,"terça-feira, 23 de agosto de 2022",2273,19,3,R$ 40,R$ 120
11073,"quinta-feira, 25 de agosto de 2022",5351,19,3,R$ 40,R$ 120
11142,"sábado, 27 de agosto de 2022",10104,19,3,R$ 40,R$ 120
11234,"quarta-feira, 31 de agosto de 2022",8272,19,3,R$ 40,R$ 120
11494,"sábado, 10 de setembro de 2022",6382,19,3,R$ 40,R$ 120
11504,"sábado, 10 de setembro de 2022",4271,19,3,R$ 40,R$ 120
11556,"segunda-feira, 12 de setembro de 2022",1646,19,3,R$ 40,R$ 120
11566,"segunda-feira, 12 de setembro de 2022",1720,19,3,R$ 40,R$ 120
11632,"quinta-feira, 15 de setembro de 2022",4541,19,3,R$ 40,R$ 120
11735,"segunda-feira, 19 de setembro de 2022",5114,19,3,R$ 40,R$ 120
11768,"terça-feira, 20 de setembro de 2022",1470,19,3,R$ 40,R$ 120
11895,"sábado, 24 de setembro de 2022",1942,19,3,R$ 40,R$ 120
11984,"terça-feira, 27 de setembro de 2022",6440,19,3,R$ 40,R$ 120
11990,"terça-feira, 27 de setembro de 2022",8952,19,3,R$ 40,R$ 120
12134,"domingo, 2 de outubro de 2022",1317,19,3,R$ 40,R$ 120
12226,"quinta-feira, 6 de outubro de 2022",1419,19,3,R$ 40,R$ 120
12311,"domingo, 9 de outubro de 2022",9644,19,3,R$ 40,R$ 120
12318,"domingo, 9 de outubro de 2022",930,19,3,R$ 40,R$ 120
12359,"terça-feira, 11 de outubro de 2022",739,19,3,R$ 40,R$ 120
12435,"quinta-feira, 13 de outubro de 2022",2507,19,3,R$ 40,R$ 120
12438,"sexta-feira, 14 de outubro de 2022",498,19,3,R$ 40,R$ 120
12520,"segunda-feira, 17 de outubro de 2022",5571,19,3,R$ 40,R$ 120
12610,"quinta-feira, 20 de outubro de 2022",9610,19,3,R$ 40,R$ 120
12762,"terça-feira, 25 de outubro de 2022",6837,19,3,R$ 40,R$ 120
12829,"sexta-feira, 28 de outubro de 2022",2570,19,3,R$ 40,R$ 120
12833,"sexta-feira, 28 de outubro de 2022",5124,19,3,R$ 40,R$ 120
12889,"domingo, 30 de outubro de 2022",8397,19,3,R$ 40,R$ 120
12938,"terça-feira, 1 de novembro de 2022",4676,19,3,R$ 40,R$ 120
12964,"terça-feira, 1 de novembro de 2022",7484,19,3,R$ 40,R$ 120
13012,"quinta-feira, 3 de novembro de 2022",5665,19,3,R$ 40,R$ 120
13181,"quarta-feira, 9 de novembro de 2022",4913,19,3,R$ 40,R$ 120
13204,"quinta-feira, 10 de novembro de 2022",3372,19,3,R$ 40,R$ 120
13514,"segunda-feira, 21 de novembro de 2022",7171,19,3,R$ 40,R$ 120
13576,"quinta-feira, 24 de novembro de 2022",8761,19,3,R$ 40,R$ 120
13645,"domingo, 27 de novembro de 2022",3585,19,3,R$ 40,R$ 120
13678,"segunda-feira, 28 de novembro de 2022",7246,19,3,R$ 40,R$ 120
13780,"sábado, 3 de dezembro de 2022",1050,19,3,R$ 40,R$ 120
13815,"domingo, 4 de dezembro de 2022",9678,19,3,R$ 40,R$ 120
13849,"quarta-feira, 7 de dezembro de 2022",2723,19,3,R$ 40,R$ 120
13950,"quarta-feira, 14 de dezembro de 2022",4094,19,3,R$ 40,R$ 120
14006,"quarta-feira, 21 de dezembro de 2022",4822,19,3,R$ 40,R$ 120
98,"quarta-feira, 13 de janeiro de 2021",20,6,3,R$ 20,R$ 60
257,"quinta-feira, 28 de janeiro de 2021",6501,6,3,R$ 20,R$ 60
325,"terça-feira, 2 de fevereiro de 2021",3497,6,3,R$ 20,R$ 60
414,"quarta-feira, 10 de fevereiro de 2021",4401,6,3,R$ 20,R$ 60
450,"sábado, 13 de fevereiro de 2021",1633,6,3,R$ 20,R$ 60
499,"quarta-feira, 17 de fevereiro de 2021",2682,6,3,R$ 20,R$ 60
503,"quarta-feira, 17 de fevereiro de 2021",43,6,3,R$ 20,R$ 60
588,"quinta-feira, 25 de fevereiro de 2021",3755,6,3,R$ 20,R$ 60
872,"quarta-feira, 17 de março de 2021",5379,6,3,R$ 20,R$ 60
911,"sexta-feira, 19 de março de 2021",1977,6,3,R$ 20,R$ 60
929,"sábado, 20 de março de 2021",7961,6,3,R$ 20,R$ 60
944,"domingo, 21 de março de 2021",6265,6,3,R$ 20,R$ 60
1056,"domingo, 28 de março de 2021",4239,6,3,R$ 20,R$ 60
1125,"sexta-feira, 2 de abril de 2021",7474,6,3,R$ 20,R$ 60
1250,"domingo, 11 de abril de 2021",8373,6,3,R$ 20,R$ 60
1290,"quarta-feira, 14 de abril de 2021",5174,6,3,R$ 20,R$ 60
1389,"terça-feira, 20 de abril de 2021",169,6,3,R$ 20,R$ 60
1435,"sexta-feira, 23 de abril de 2021",780,6,3,R$ 20,R$ 60
1443,"sábado, 24 de abril de 2021",8407,6,3,R$ 20,R$ 60
1675,"terça-feira, 11 de maio de 2021",8814,6,3,R$ 20,R$ 60
1683,"quarta-feira, 12 de maio de 2021",9535,6,3,R$ 20,R$ 60
1759,"terça-feira, 18 de maio de 2021",10022,6,3,R$ 20,R$ 60
1809,"sexta-feira, 21 de maio de 2021",7830,6,3,R$ 20,R$ 60
1811,"sexta-feira, 21 de maio de 2021",5433,6,3,R$ 20,R$ 60
1981,"sexta-feira, 4 de junho de 2021",5052,6,3,R$ 20,R$ 60
2049,"sexta-feira, 11 de junho de 2021",180,6,3,R$ 20,R$ 60
2173,"segunda-feira, 21 de junho de 2021",1897,6,3,R$ 20,R$ 60
2191,"terça-feira, 22 de junho de 2021",5616,6,3,R$ 20,R$ 60
2216,"quinta-feira, 24 de junho de 2021",8172,6,3,R$ 20,R$ 60
2296,"quinta-feira, 1 de julho de 2021",4445,6,3,R$ 20,R$ 60
2936,"domingo, 22 de agosto de 2021",7938,6,3,R$ 20,R$ 60
3031,"terça-feira, 31 de agosto de 2021",8902,6,3,R$ 20,R$ 60
3069,"sexta-feira, 3 de setembro de 2021",8423,6,3,R$ 20,R$ 60
3083,"sábado, 4 de setembro de 2021",9112,6,3,R$ 20,R$ 60
3097,"domingo, 5 de setembro de 2021",4776,6,3,R$ 20,R$ 60
3180,"domingo, 12 de setembro de 2021",3153,6,3,R$ 20,R$ 60
3196,"segunda-feira, 13 de setembro de 2021",399,6,3,R$ 20,R$ 60
3236,"sexta-feira, 17 de setembro de 2021",4727,6,3,R$ 20,R$ 60
3314,"sexta-feira, 24 de setembro de 2021",547,6,3,R$ 20,R$ 60
3343,"segunda-feira, 27 de setembro de 2021",878,6,3,R$ 20,R$ 60
3354,"terça-feira, 28 de setembro de 2021",1545,6,3,R$ 20,R$ 60
3393,"sexta-feira, 1 de outubro de 2021",8354,6,3,R$ 20,R$ 60
3431,"domingo, 3 de outubro de 2021",1922,6,3,R$ 20,R$ 60
3432,"domingo, 3 de outubro de 2021",3873,6,3,R$ 20,R$ 60
3446,"segunda-feira, 4 de outubro de 2021",3239,6,3,R$ 20,R$ 60
3511,"sexta-feira, 8 de outubro de 2021",2688,6,3,R$ 20,R$ 60
3528,"domingo, 10 de outubro de 2021",5419,6,3,R$ 20,R$ 60
3581,"sexta-feira, 15 de outubro de 2021",9715,6,3,R$ 20,R$ 60
3583,"sexta-feira, 15 de outubro de 2021",4127,6,3,R$ 20,R$ 60
3597,"sábado, 16 de outubro de 2021",1366,6,3,R$ 20,R$ 60
3605,"sábado, 16 de outubro de 2021",5171,6,3,R$ 20,R$ 60
3657,"sexta-feira, 22 de outubro de 2021",2825,6,3,R$ 20,R$ 60
3793,"terça-feira, 2 de novembro de 2021",10065,6,3,R$ 20,R$ 60
3825,"quinta-feira, 4 de novembro de 2021",9309,6,3,R$ 20,R$ 60
3935,"sábado, 13 de novembro de 2021",8730,6,3,R$ 20,R$ 60
3953,"domingo, 14 de novembro de 2021",9269,6,3,R$ 20,R$ 60
4013,"quinta-feira, 18 de novembro de 2021",7171,6,3,R$ 20,R$ 60
4033,"sexta-feira, 19 de novembro de 2021",10021,6,3,R$ 20,R$ 60
4407,"quarta-feira, 15 de dezembro de 2021",8606,6,3,R$ 20,R$ 60
4664,"quarta-feira, 29 de dezembro de 2021",10034,6,3,R$ 20,R$ 60
4779,"segunda-feira, 3 de janeiro de 2022",8665,6,3,R$ 20,R$ 60
4842,"quarta-feira, 5 de janeiro de 2022",5739,6,3,R$ 20,R$ 60
4867,"quinta-feira, 6 de janeiro de 2022",2862,6,3,R$ 20,R$ 60
5149,"terça-feira, 18 de janeiro de 2022",7175,6,3,R$ 20,R$ 60
5230,"sexta-feira, 21 de janeiro de 2022",9887,6,3,R$ 20,R$ 60
5426,"sábado, 29 de janeiro de 2022",7204,6,3,R$ 20,R$ 60
5428,"sábado, 29 de janeiro de 2022",7315,6,3,R$ 20,R$ 60
5452,"domingo, 30 de janeiro de 2022",7485,6,3,R$ 20,R$ 60
5562,"quarta-feira, 2 de fevereiro de 2022",7281,6,3,R$ 20,R$ 60
5574,"quinta-feira, 3 de fevereiro de 2022",7599,6,3,R$ 20,R$ 60
5588,"quinta-feira, 3 de fevereiro de 2022",7452,6,3,R$ 20,R$ 60
5644,"sábado, 5 de fevereiro de 2022",1753,6,3,R$ 20,R$ 60
5651,"sábado, 5 de fevereiro de 2022",1836,6,3,R$ 20,R$ 60
5652,"sábado, 5 de fevereiro de 2022",8775,6,3,R$ 20,R$ 60
5670,"domingo, 6 de fevereiro de 2022",9820,6,3,R$ 20,R$ 60
5746,"quarta-feira, 9 de fevereiro de 2022",10243,6,3,R$ 20,R$ 60
5769,"quinta-feira, 10 de fevereiro de 2022",2750,6,3,R$ 20,R$ 60
5834,"sábado, 12 de fevereiro de 2022",1812,6,3,R$ 20,R$ 60
5858,"domingo, 13 de fevereiro de 2022",6607,6,3,R$ 20,R$ 60
5903,"terça-feira, 15 de fevereiro de 2022",5512,6,3,R$ 20,R$ 60
6130,"terça-feira, 22 de fevereiro de 2022",4056,6,3,R$ 20,R$ 60
6247,"sábado, 26 de fevereiro de 2022",3289,6,3,R$ 20,R$ 60
6474,"segunda-feira, 7 de março de 2022",242,6,3,R$ 20,R$ 60
6490,"segunda-feira, 7 de março de 2022",1491,6,3,R$ 20,R$ 60
6508,"terça-feira, 8 de março de 2022",6032,6,3,R$ 20,R$ 60
6537,"quarta-feira, 9 de março de 2022",2371,6,3,R$ 20,R$ 60
6679,"terça-feira, 15 de março de 2022",4205,6,3,R$ 20,R$ 60
6762,"sexta-feira, 18 de março de 2022",4810,6,3,R$ 20,R$ 60
6813,"domingo, 20 de março de 2022",9634,6,3,R$ 20,R$ 60
6991,"domingo, 27 de março de 2022",1470,6,3,R$ 20,R$ 60
7003,"segunda-feira, 28 de março de 2022",7153,6,3,R$ 20,R$ 60
7242,"terça-feira, 5 de abril de 2022",8239,6,3,R$ 20,R$ 60
7324,"sexta-feira, 8 de abril de 2022",7356,6,3,R$ 20,R$ 60
7327,"sexta-feira, 8 de abril de 2022",502,6,3,R$ 20,R$ 60
7361,"domingo, 10 de abril de 2022",4878,6,3,R$ 20,R$ 60
7426,"terça-feira, 12 de abril de 2022",4303,6,3,R$ 20,R$ 60
7450,"quarta-feira, 13 de abril de 2022",5346,6,3,R$ 20,R$ 60
7550,"domingo, 17 de abril de 2022",9806,6,3,R$ 20,R$ 60
7584,"segunda-feira, 18 de abril de 2022",9556,6,3,R$ 20,R$ 60
7671,"quinta-feira, 21 de abril de 2022",2341,6,3,R$ 20,R$ 60
7855,"quinta-feira, 28 de abril de 2022",7588,6,3,R$ 20,R$ 60
7928,"sábado, 30 de abril de 2022",9263,6,3,R$ 20,R$ 60
7935,"domingo, 1 de maio de 2022",6415,6,3,R$ 20,R$ 60
8203,"terça-feira, 10 de maio de 2022",7793,6,3,R$ 20,R$ 60
8212,"terça-feira, 10 de maio de 2022",6003,6,3,R$ 20,R$ 60
8299,"sábado, 14 de maio de 2022",478,6,3,R$ 20,R$ 60
8542,"segunda-feira, 23 de maio de 2022",4374,6,3,R$ 20,R$ 60
8679,"sábado, 28 de maio de 2022",1277,6,3,R$ 20,R$ 60
8941,"segunda-feira, 6 de junho de 2022",1344,6,3,R$ 20,R$ 60
9177,"quarta-feira, 15 de junho de 2022",1504,6,3,R$ 20,R$ 60
9297,"segunda-feira, 20 de junho de 2022",1052,6,3,R$ 20,R$ 60
9427,"sábado, 25 de junho de 2022",7195,6,3,R$ 20,R$ 60
9453,"sábado, 25 de junho de 2022",5652,6,3,R$ 20,R$ 60
9517,"terça-feira, 28 de junho de 2022",8195,6,3,R$ 20,R$ 60
9616,"sábado, 2 de julho de 2022",5877,6,3,R$ 20,R$ 60
9726,"quarta-feira, 6 de julho de 2022",7252,6,3,R$ 20,R$ 60
9893,"segunda-feira, 11 de julho de 2022",1901,6,3,R$ 20,R$ 60
9989,"sexta-feira, 15 de julho de 2022",5084,6,3,R$ 20,R$ 60
9990,"sexta-feira, 15 de julho de 2022",1495,6,3,R$ 20,R$ 60
10098,"segunda-feira, 18 de julho de 2022",4586,6,3,R$ 20,R$ 60
10149,"quarta-feira, 20 de julho de 2022",5320,6,3,R$ 20,R$ 60
10153,"quarta-feira, 20 de julho de 2022",5256,6,3,R$ 20,R$ 60
10343,"quinta-feira, 28 de julho de 2022",8040,6,3,R$ 20,R$ 60
10375,"sexta-feira, 29 de julho de 2022",7139,6,3,R$ 20,R$ 60
10388,"sexta-feira, 29 de julho de 2022",9945,6,3,R$ 20,R$ 60
10512,"quarta-feira, 3 de agosto de 2022",7934,6,3,R$ 20,R$ 60
10612,"domingo, 7 de agosto de 2022",617,6,3,R$ 20,R$ 60
10659,"terça-feira, 9 de agosto de 2022",8497,6,3,R$ 20,R$ 60
10666,"terça-feira, 9 de agosto de 2022",6679,6,3,R$ 20,R$ 60
11090,"quinta-feira, 25 de agosto de 2022",1425,6,3,R$ 20,R$ 60
11316,"sábado, 3 de setembro de 2022",2090,6,3,R$ 20,R$ 60
11432,"quinta-feira, 8 de setembro de 2022",8649,6,3,R$ 20,R$ 60
11499,"sábado, 10 de setembro de 2022",1641,6,3,R$ 20,R$ 60
11565,"segunda-feira, 12 de setembro de 2022",9603,6,3,R$ 20,R$ 60
11623,"quarta-feira, 14 de setembro de 2022",7782,6,3,R$ 20,R$ 60
11677,"sexta-feira, 16 de setembro de 2022",9984,6,3,R$ 20,R$ 60
11709,"domingo, 18 de setembro de 2022",1262,6,3,R$ 20,R$ 60
11915,"domingo, 25 de setembro de 2022",4545,6,3,R$ 20,R$ 60
12023,"quarta-feira, 28 de setembro de 2022",9421,6,3,R$ 20,R$ 60
12033,"quarta-feira, 28 de setembro de 2022",281,6,3,R$ 20,R$ 60
12041,"quinta-feira, 29 de setembro de 2022",6101,6,3,R$ 20,R$ 60
12075,"sexta-feira, 30 de setembro de 2022",4397,6,3,R$ 20,R$ 60
12076,"sexta-feira, 30 de setembro de 2022",8497,6,3,R$ 20,R$ 60
12106,"sábado, 1 de outubro de 2022",4080,6,3,R$ 20,R$ 60
12213,"quinta-feira, 6 de outubro de 2022",3210,6,3,R$ 20,R$ 60
12350,"terça-feira, 11 de outubro de 2022",2817,6,3,R$ 20,R$ 60
12373,"terça-feira, 11 de outubro de 2022",5605,6,3,R$ 20,R$ 60
12457,"sexta-feira, 14 de outubro de 2022",2439,6,3,R$ 20,R$ 60
12523,"segunda-feira, 17 de outubro de 2022",9514,6,3,R$ 20,R$ 60
12528,"segunda-feira, 17 de outubro de 2022",5140,6,3,R$ 20,R$ 60
12835,"sexta-feira, 28 de outubro de 2022",533,6,3,R$ 20,R$ 60
12841,"sexta-feira, 28 de outubro de 2022",2577,6,3,R$ 20,R$ 60
12869,"sábado, 29 de outubro de 2022",975,6,3,R$ 20,R$ 60
12967,"terça-feira, 1 de novembro de 2022",3116,6,3,R$ 20,R$ 60
12978,"quarta-feira, 2 de novembro de 2022",1571,6,3,R$ 20,R$ 60
13015,"quinta-feira, 3 de novembro de 2022",7218,6,3,R$ 20,R$ 60
13044,"sexta-feira, 4 de novembro de 2022",6877,6,3,R$ 20,R$ 60
13054,"sexta-feira, 4 de novembro de 2022",8281,6,3,R$ 20,R$ 60
13094,"domingo, 6 de novembro de 2022",1965,6,3,R$ 20,R$ 60
13132,"segunda-feira, 7 de novembro de 2022",7013,6,3,R$ 20,R$ 60
13162,"terça-feira, 8 de novembro de 2022",1726,6,3,R$ 20,R$ 60
13277,"sábado, 12 de novembro de 2022",1979,6,3,R$ 20,R$ 60
13294,"domingo, 13 de novembro de 2022",4724,6,3,R$ 20,R$ 60
13371,"quarta-feira, 16 de novembro de 2022",10002,6,3,R$ 20,R$ 60
13404,"quinta-feira, 17 de novembro de 2022",3731,6,3,R$ 20,R$ 60
13578,"quinta-feira, 24 de novembro de 2022",10061,6,3,R$ 20,R$ 60
13665,"domingo, 27 de novembro de 2022",5318,6,3,R$ 20,R$ 60
14045,"segunda-feira, 26 de dezembro de 2022",1641,6,3,R$ 20,R$ 60
118,"sexta-feira, 15 de janeiro de 2021",3313,12,3,R$ 46,R$ 138
235,"quarta-feira, 27 de janeiro de 2021",10240,12,3,R$ 46,R$ 138
249,"quinta-feira, 28 de janeiro de 2021",10233,12,3,R$ 46,R$ 138
350,"quinta-feira, 4 de fevereiro de 2021",5456,12,3,R$ 46,R$ 138
357,"sexta-feira, 5 de fevereiro de 2021",9788,12,3,R$ 46,R$ 138
420,"quinta-feira, 11 de fevereiro de 2021",7324,12,3,R$ 46,R$ 138
483,"terça-feira, 16 de fevereiro de 2021",6301,12,3,R$ 46,R$ 138
635,"domingo, 28 de fevereiro de 2021",10079,12,3,R$ 46,R$ 138
660,"terça-feira, 2 de março de 2021",5709,12,3,R$ 46,R$ 138
747,"segunda-feira, 8 de março de 2021",7611,12,3,R$ 46,R$ 138
803,"sexta-feira, 12 de março de 2021",6291,12,3,R$ 46,R$ 138
853,"segunda-feira, 15 de março de 2021",2674,12,3,R$ 46,R$ 138
986,"quarta-feira, 24 de março de 2021",3921,12,3,R$ 46,R$ 138
1161,"domingo, 4 de abril de 2021",9501,12,3,R$ 46,R$ 138
1168,"segunda-feira, 5 de abril de 2021",3418,12,3,R$ 46,R$ 138
1172,"segunda-feira, 5 de abril de 2021",3801,12,3,R$ 46,R$ 138
1352,"domingo, 18 de abril de 2021",5924,12,3,R$ 46,R$ 138
1642,"sábado, 8 de maio de 2021",10161,12,3,R$ 46,R$ 138
1715,"sexta-feira, 14 de maio de 2021",7619,12,3,R$ 46,R$ 138
1762,"terça-feira, 18 de maio de 2021",7003,12,3,R$ 46,R$ 138
1939,"terça-feira, 1 de junho de 2021",8699,12,3,R$ 46,R$ 138
2041,"quarta-feira, 9 de junho de 2021",4711,12,3,R$ 46,R$ 138
2109,"quarta-feira, 16 de junho de 2021",3414,12,3,R$ 46,R$ 138
2383,"sábado, 10 de julho de 2021",216,12,3,R$ 46,R$ 138
2420,"segunda-feira, 12 de julho de 2021",2757,12,3,R$ 46,R$ 138
2510,"domingo, 18 de julho de 2021",878,12,3,R$ 46,R$ 138
2526,"terça-feira, 20 de julho de 2021",8187,12,3,R$ 46,R$ 138
2591,"segunda-feira, 26 de julho de 2021",3706,12,3,R$ 46,R$ 138
2597,"segunda-feira, 26 de julho de 2021",9648,12,3,R$ 46,R$ 138
2702,"quarta-feira, 4 de agosto de 2021",2426,12,3,R$ 46,R$ 138
2742,"sábado, 7 de agosto de 2021",994,12,3,R$ 46,R$ 138
2773,"segunda-feira, 9 de agosto de 2021",7123,12,3,R$ 46,R$ 138
2834,"sábado, 14 de agosto de 2021",1539,12,3,R$ 46,R$ 138
3054,"quinta-feira, 2 de setembro de 2021",1603,12,3,R$ 46,R$ 138
3172,"sábado, 11 de setembro de 2021",8669,12,3,R$ 46,R$ 138
3204,"terça-feira, 14 de setembro de 2021",6757,12,3,R$ 46,R$ 138
3279,"segunda-feira, 20 de setembro de 2021",10031,12,3,R$ 46,R$ 138
3358,"terça-feira, 28 de setembro de 2021",3567,12,3,R$ 46,R$ 138
3371,"quarta-feira, 29 de setembro de 2021",697,12,3,R$ 46,R$ 138
3402,"sábado, 2 de outubro de 2021",2850,12,3,R$ 46,R$ 138
3438,"segunda-feira, 4 de outubro de 2021",2507,12,3,R$ 46,R$ 138
3467,"terça-feira, 5 de outubro de 2021",5628,12,3,R$ 46,R$ 138
3555,"terça-feira, 12 de outubro de 2021",8947,12,3,R$ 46,R$ 138
3616,"segunda-feira, 18 de outubro de 2021",8015,12,3,R$ 46,R$ 138
3906,"quinta-feira, 11 de novembro de 2021",4534,12,3,R$ 46,R$ 138
4097,"quarta-feira, 24 de novembro de 2021",8657,12,3,R$ 46,R$ 138
4178,"terça-feira, 30 de novembro de 2021",3067,12,3,R$ 46,R$ 138
4247,"sábado, 4 de dezembro de 2021",3921,12,3,R$ 46,R$ 138
4262,"domingo, 5 de dezembro de 2021",36,12,3,R$ 46,R$ 138
4267,"domingo, 5 de dezembro de 2021",2872,12,3,R$ 46,R$ 138
4444,"quinta-feira, 16 de dezembro de 2021",6417,12,3,R$ 46,R$ 138
4462,"sexta-feira, 17 de dezembro de 2021",7831,12,3,R$ 46,R$ 138
4502,"segunda-feira, 20 de dezembro de 2021",8072,12,3,R$ 46,R$ 138
4607,"domingo, 26 de dezembro de 2021",1507,12,3,R$ 46,R$ 138
4716,"sexta-feira, 31 de dezembro de 2021",7821,12,3,R$ 46,R$ 138
4785,"segunda-feira, 3 de janeiro de 2022",2553,12,3,R$ 46,R$ 138
4793,"segunda-feira, 3 de janeiro de 2022",9205,12,3,R$ 46,R$ 138
4832,"quarta-feira, 5 de janeiro de 2022",8534,12,3,R$ 46,R$ 138
4866,"quinta-feira, 6 de janeiro de 2022",7240,12,3,R$ 46,R$ 138
4952,"segunda-feira, 10 de janeiro de 2022",3922,12,3,R$ 46,R$ 138
4987,"terça-feira, 11 de janeiro de 2022",5611,12,3,R$ 46,R$ 138
5092,"domingo, 16 de janeiro de 2022",4518,12,3,R$ 46,R$ 138
5165,"quarta-feira, 19 de janeiro de 2022",1068,12,3,R$ 46,R$ 138
5234,"sexta-feira, 21 de janeiro de 2022",1947,12,3,R$ 46,R$ 138
5243,"sexta-feira, 21 de janeiro de 2022",1125,12,3,R$ 46,R$ 138
5368,"quinta-feira, 27 de janeiro de 2022",208,12,3,R$ 46,R$ 138
5377,"quinta-feira, 27 de janeiro de 2022",4853,12,3,R$ 46,R$ 138
5409,"sábado, 29 de janeiro de 2022",5376,12,3,R$ 46,R$ 138
5497,"terça-feira, 1 de fevereiro de 2022",2796,12,3,R$ 46,R$ 138
5543,"quarta-feira, 2 de fevereiro de 2022",9691,12,3,R$ 46,R$ 138
5676,"segunda-feira, 7 de fevereiro de 2022",7305,12,3,R$ 46,R$ 138
5723,"terça-feira, 8 de fevereiro de 2022",7063,12,3,R$ 46,R$ 138
5901,"terça-feira, 15 de fevereiro de 2022",9985,12,3,R$ 46,R$ 138
5927,"terça-feira, 15 de fevereiro de 2022",4419,12,3,R$ 46,R$ 138
6264,"domingo, 27 de fevereiro de 2022",5174,12,3,R$ 46,R$ 138
6288,"segunda-feira, 28 de fevereiro de 2022",8498,12,3,R$ 46,R$ 138
6290,"segunda-feira, 28 de fevereiro de 2022",4783,12,3,R$ 46,R$ 138
6404,"sexta-feira, 4 de março de 2022",5204,12,3,R$ 46,R$ 138
6428,"sábado, 5 de março de 2022",1022,12,3,R$ 46,R$ 138
6476,"segunda-feira, 7 de março de 2022",8911,12,3,R$ 46,R$ 138
6493,"terça-feira, 8 de março de 2022",10000,12,3,R$ 46,R$ 138
6565,"quinta-feira, 10 de março de 2022",10001,12,3,R$ 46,R$ 138
6582,"sexta-feira, 11 de março de 2022",2795,12,3,R$ 46,R$ 138
6812,"domingo, 20 de março de 2022",1390,12,3,R$ 46,R$ 138
6918,"sexta-feira, 25 de março de 2022",2678,12,3,R$ 46,R$ 138
6997,"domingo, 27 de março de 2022",1748,12,3,R$ 46,R$ 138
7063,"quarta-feira, 30 de março de 2022",1390,12,3,R$ 46,R$ 138
7067,"quarta-feira, 30 de março de 2022",4225,12,3,R$ 46,R$ 138
7185,"domingo, 3 de abril de 2022",2531,12,3,R$ 46,R$ 138
7229,"terça-feira, 5 de abril de 2022",7786,12,3,R$ 46,R$ 138
7323,"sexta-feira, 8 de abril de 2022",3397,12,3,R$ 46,R$ 138
7328,"sexta-feira, 8 de abril de 2022",8294,12,3,R$ 46,R$ 138
7381,"domingo, 10 de abril de 2022",2234,12,3,R$ 46,R$ 138
7496,"sexta-feira, 15 de abril de 2022",5346,12,3,R$ 46,R$ 138
7498,"sexta-feira, 15 de abril de 2022",5605,12,3,R$ 46,R$ 138
7617,"quarta-feira, 20 de abril de 2022",3469,12,3,R$ 46,R$ 138
7627,"quarta-feira, 20 de abril de 2022",8140,12,3,R$ 46,R$ 138
7726,"sábado, 23 de abril de 2022",574,12,3,R$ 46,R$ 138
7784,"terça-feira, 26 de abril de 2022",5130,12,3,R$ 46,R$ 138
7900,"sexta-feira, 29 de abril de 2022",8151,12,3,R$ 46,R$ 138
7954,"segunda-feira, 2 de maio de 2022",2221,12,3,R$ 46,R$ 138
8282,"sexta-feira, 13 de maio de 2022",7097,12,3,R$ 46,R$ 138
8327,"domingo, 15 de maio de 2022",7700,12,3,R$ 46,R$ 138
8481,"sábado, 21 de maio de 2022",2588,12,3,R$ 46,R$ 138
8504,"domingo, 22 de maio de 2022",2496,12,3,R$ 46,R$ 138
8605,"quarta-feira, 25 de maio de 2022",8326,12,3,R$ 46,R$ 138
8773,"terça-feira, 31 de maio de 2022",8091,12,3,R$ 46,R$ 138
8903,"domingo, 5 de junho de 2022",1300,12,3,R$ 46,R$ 138
8925,"segunda-feira, 6 de junho de 2022",4419,12,3,R$ 46,R$ 138
9010,"quinta-feira, 9 de junho de 2022",7336,12,3,R$ 46,R$ 138
9024,"quinta-feira, 9 de junho de 2022",5113,12,3,R$ 46,R$ 138
9162,"quarta-feira, 15 de junho de 2022",3044,12,3,R$ 46,R$ 138
9205,"quinta-feira, 16 de junho de 2022",6812,12,3,R$ 46,R$ 138
9277,"domingo, 19 de junho de 2022",2398,12,3,R$ 46,R$ 138
9316,"segunda-feira, 20 de junho de 2022",9945,12,3,R$ 46,R$ 138
9465,"domingo, 26 de junho de 2022",9588,12,3,R$ 46,R$ 138
9498,"segunda-feira, 27 de junho de 2022",10230,12,3,R$ 46,R$ 138
9505,"terça-feira, 28 de junho de 2022",9660,12,3,R$ 46,R$ 138
9593,"sexta-feira, 1 de julho de 2022",7780,12,3,R$ 46,R$ 138
9622,"sábado, 2 de julho de 2022",381,12,3,R$ 46,R$ 138
9671,"segunda-feira, 4 de julho de 2022",7726,12,3,R$ 46,R$ 138
9803,"sexta-feira, 8 de julho de 2022",7413,12,3,R$ 46,R$ 138
9912,"terça-feira, 12 de julho de 2022",7455,12,3,R$ 46,R$ 138
10022,"sábado, 16 de julho de 2022",1444,12,3,R$ 46,R$ 138
10208,"sexta-feira, 22 de julho de 2022",4655,12,3,R$ 46,R$ 138
10359,"quinta-feira, 28 de julho de 2022",9064,12,3,R$ 46,R$ 138
10481,"terça-feira, 2 de agosto de 2022",3195,12,3,R$ 46,R$ 138
10501,"quarta-feira, 3 de agosto de 2022",4977,12,3,R$ 46,R$ 138
10650,"segunda-feira, 8 de agosto de 2022",2201,12,3,R$ 46,R$ 138
10694,"quarta-feira, 10 de agosto de 2022",6099,12,3,R$ 46,R$ 138
10780,"sábado, 13 de agosto de 2022",7685,12,3,R$ 46,R$ 138
10822,"domingo, 14 de agosto de 2022",4940,12,3,R$ 46,R$ 138
10911,"quinta-feira, 18 de agosto de 2022",8359,12,3,R$ 46,R$ 138
10919,"sexta-feira, 19 de agosto de 2022",4477,12,3,R$ 46,R$ 138
11132,"sábado, 27 de agosto de 2022",7627,12,3,R$ 46,R$ 138
11296,"sexta-feira, 2 de setembro de 2022",1848,12,3,R$ 46,R$ 138
11433,"quinta-feira, 8 de setembro de 2022",28,12,3,R$ 46,R$ 138
11435,"quinta-feira, 8 de setembro de 2022",5471,12,3,R$ 46,R$ 138
11501,"sábado, 10 de setembro de 2022",7494,12,3,R$ 46,R$ 138
11537,"domingo, 11 de setembro de 2022",5114,12,3,R$ 46,R$ 138
11863,"sexta-feira, 23 de setembro de 2022",7140,12,3,R$ 46,R$ 138
12047,"quinta-feira, 29 de setembro de 2022",9169,12,3,R$ 46,R$ 138
12193,"quarta-feira, 5 de outubro de 2022",3440,12,3,R$ 46,R$ 138
12231,"quinta-feira, 6 de outubro de 2022",3864,12,3,R$ 46,R$ 138
12485,"domingo, 16 de outubro de 2022",6537,12,3,R$ 46,R$ 138
12505,"domingo, 16 de outubro de 2022",411,12,3,R$ 46,R$ 138
12824,"quinta-feira, 27 de outubro de 2022",4657,12,3,R$ 46,R$ 138
12831,"sexta-feira, 28 de outubro de 2022",8141,12,3,R$ 46,R$ 138
12926,"segunda-feira, 31 de outubro de 2022",6083,12,3,R$ 46,R$ 138
13013,"quinta-feira, 3 de novembro de 2022",392,12,3,R$ 46,R$ 138
13060,"sábado, 5 de novembro de 2022",4780,12,3,R$ 46,R$ 138
13077,"sábado, 5 de novembro de 2022",8969,12,3,R$ 46,R$ 138
13155,"terça-feira, 8 de novembro de 2022",5702,12,3,R$ 46,R$ 138
13343,"segunda-feira, 14 de novembro de 2022",2051,12,3,R$ 46,R$ 138
13505,"segunda-feira, 21 de novembro de 2022",9788,12,3,R$ 46,R$ 138
13558,"quarta-feira, 23 de novembro de 2022",4174,12,3,R$ 46,R$ 138
13582,"quinta-feira, 24 de novembro de 2022",8952,12,3,R$ 46,R$ 138
13733,"quarta-feira, 30 de novembro de 2022",2175,12,3,R$ 46,R$ 138
13894,"sábado, 10 de dezembro de 2022",1684,12,3,R$ 46,R$ 138
13947,"quarta-feira, 14 de dezembro de 2022",6120,12,3,R$ 46,R$ 138
3,"segunda-feira, 21 de dezembro de 2020",8374,15,3,R$ 7,R$ 21
291,"domingo, 31 de janeiro de 2021",6635,15,3,R$ 7,R$ 21
413,"quarta-feira, 10 de fevereiro de 2021",8574,15,3,R$ 7,R$ 21
517,"sexta-feira, 19 de fevereiro de 2021",5503,15,3,R$ 7,R$ 21
568,"terça-feira, 23 de fevereiro de 2021",790,15,3,R$ 7,R$ 21
772,"terça-feira, 9 de março de 2021",2787,15,3,R$ 7,R$ 21
788,"quinta-feira, 11 de março de 2021",6666,15,3,R$ 7,R$ 21
971,"terça-feira, 23 de março de 2021",9648,15,3,R$ 7,R$ 21
1033,"sábado, 27 de março de 2021",10043,15,3,R$ 7,R$ 21
1115,"quinta-feira, 1 de abril de 2021",2043,15,3,R$ 7,R$ 21
1194,"quarta-feira, 7 de abril de 2021",4391,15,3,R$ 7,R$ 21
1205,"quinta-feira, 8 de abril de 2021",5929,15,3,R$ 7,R$ 21
1366,"domingo, 18 de abril de 2021",4651,15,3,R$ 7,R$ 21
1488,"terça-feira, 27 de abril de 2021",4151,15,3,R$ 7,R$ 21
1527,"sexta-feira, 30 de abril de 2021",4917,15,3,R$ 7,R$ 21
1620,"quinta-feira, 6 de maio de 2021",4861,15,3,R$ 7,R$ 21
1624,"quinta-feira, 6 de maio de 2021",4193,15,3,R$ 7,R$ 21
1660,"domingo, 9 de maio de 2021",1696,15,3,R$ 7,R$ 21
1705,"quinta-feira, 13 de maio de 2021",1696,15,3,R$ 7,R$ 21
1710,"quinta-feira, 13 de maio de 2021",5918,15,3,R$ 7,R$ 21
1751,"segunda-feira, 17 de maio de 2021",9747,15,3,R$ 7,R$ 21
1772,"quarta-feira, 19 de maio de 2021",5855,15,3,R$ 7,R$ 21
1850,"terça-feira, 25 de maio de 2021",3253,15,3,R$ 7,R$ 21
1888,"sexta-feira, 28 de maio de 2021",5528,15,3,R$ 7,R$ 21
1900,"sábado, 29 de maio de 2021",8291,15,3,R$ 7,R$ 21
1996,"sábado, 5 de junho de 2021",2929,15,3,R$ 7,R$ 21
2054,"sexta-feira, 11 de junho de 2021",6522,15,3,R$ 7,R$ 21
2112,"quarta-feira, 16 de junho de 2021",6417,15,3,R$ 7,R$ 21
2247,"domingo, 27 de junho de 2021",9102,15,3,R$ 7,R$ 21
2471,"sexta-feira, 16 de julho de 2021",4719,15,3,R$ 7,R$ 21
2602,"segunda-feira, 26 de julho de 2021",484,15,3,R$ 7,R$ 21
2624,"quarta-feira, 28 de julho de 2021",9315,15,3,R$ 7,R$ 21
2876,"quarta-feira, 18 de agosto de 2021",8891,15,3,R$ 7,R$ 21
2976,"quarta-feira, 25 de agosto de 2021",3302,15,3,R$ 7,R$ 21
2982,"quinta-feira, 26 de agosto de 2021",2673,15,3,R$ 7,R$ 21
3019,"domingo, 29 de agosto de 2021",4440,15,3,R$ 7,R$ 21
3086,"sábado, 4 de setembro de 2021",893,15,3,R$ 7,R$ 21
3116,"terça-feira, 7 de setembro de 2021",2977,15,3,R$ 7,R$ 21
3181,"domingo, 12 de setembro de 2021",1091,15,3,R$ 7,R$ 21
3235,"sexta-feira, 17 de setembro de 2021",8966,15,3,R$ 7,R$ 21
3259,"sábado, 18 de setembro de 2021",2942,15,3,R$ 7,R$ 21
3403,"sábado, 2 de outubro de 2021",5999,15,3,R$ 7,R$ 21
3423,"domingo, 3 de outubro de 2021",6683,15,3,R$ 7,R$ 21
3428,"domingo, 3 de outubro de 2021",6408,15,3,R$ 7,R$ 21
3441,"segunda-feira, 4 de outubro de 2021",1528,15,3,R$ 7,R$ 21
3857,"sábado, 6 de novembro de 2021",3911,15,3,R$ 7,R$ 21
3992,"quarta-feira, 17 de novembro de 2021",8718,15,3,R$ 7,R$ 21
4045,"sábado, 20 de novembro de 2021",8311,15,3,R$ 7,R$ 21
4068,"segunda-feira, 22 de novembro de 2021",1567,15,3,R$ 7,R$ 21
4146,"sábado, 27 de novembro de 2021",1533,15,3,R$ 7,R$ 21
4440,"quinta-feira, 16 de dezembro de 2021",9550,15,3,R$ 7,R$ 21
4707,"sexta-feira, 31 de dezembro de 2021",1221,15,3,R$ 7,R$ 21
4790,"segunda-feira, 3 de janeiro de 2022",4501,15,3,R$ 7,R$ 21
4823,"quarta-feira, 5 de janeiro de 2022",1432,15,3,R$ 7,R$ 21
4831,"quarta-feira, 5 de janeiro de 2022",4657,15,3,R$ 7,R$ 21
4913,"sábado, 8 de janeiro de 2022",6563,15,3,R$ 7,R$ 21
4923,"domingo, 9 de janeiro de 2022",7571,15,3,R$ 7,R$ 21
4990,"terça-feira, 11 de janeiro de 2022",1013,15,3,R$ 7,R$ 21
5326,"terça-feira, 25 de janeiro de 2022",4813,15,3,R$ 7,R$ 21
5343,"quarta-feira, 26 de janeiro de 2022",7573,15,3,R$ 7,R$ 21
5450,"domingo, 30 de janeiro de 2022",4720,15,3,R$ 7,R$ 21
5477,"segunda-feira, 31 de janeiro de 2022",441,15,3,R$ 7,R$ 21
5666,"domingo, 6 de fevereiro de 2022",7598,15,3,R$ 7,R$ 21
5696,"segunda-feira, 7 de fevereiro de 2022",4544,15,3,R$ 7,R$ 21
5778,"quinta-feira, 10 de fevereiro de 2022",9895,15,3,R$ 7,R$ 21
5909,"terça-feira, 15 de fevereiro de 2022",3025,15,3,R$ 7,R$ 21
6117,"terça-feira, 22 de fevereiro de 2022",7153,15,3,R$ 7,R$ 21
6355,"quarta-feira, 2 de março de 2022",3366,15,3,R$ 7,R$ 21
6515,"terça-feira, 8 de março de 2022",2373,15,3,R$ 7,R$ 21
6543,"quarta-feira, 9 de março de 2022",7793,15,3,R$ 7,R$ 21
6631,"domingo, 13 de março de 2022",3197,15,3,R$ 7,R$ 21
6701,"terça-feira, 15 de março de 2022",4202,15,3,R$ 7,R$ 21
6706,"quarta-feira, 16 de março de 2022",5592,15,3,R$ 7,R$ 21
6731,"quarta-feira, 16 de março de 2022",5744,15,3,R$ 7,R$ 21
6983,"domingo, 27 de março de 2022",2769,15,3,R$ 7,R$ 21
7005,"segunda-feira, 28 de março de 2022",2482,15,3,R$ 7,R$ 21
7015,"segunda-feira, 28 de março de 2022",9352,15,3,R$ 7,R$ 21
7173,"domingo, 3 de abril de 2022",4175,15,3,R$ 7,R$ 21
7300,"sexta-feira, 8 de abril de 2022",5720,15,3,R$ 7,R$ 21
7515,"sábado, 16 de abril de 2022",162,15,3,R$ 7,R$ 21
7530,"domingo, 17 de abril de 2022",6851,15,3,R$ 7,R$ 21
7562,"segunda-feira, 18 de abril de 2022",9200,15,3,R$ 7,R$ 21
7563,"segunda-feira, 18 de abril de 2022",9337,15,3,R$ 7,R$ 21
7583,"segunda-feira, 18 de abril de 2022",7787,15,3,R$ 7,R$ 21
7707,"sábado, 23 de abril de 2022",6572,15,3,R$ 7,R$ 21
7803,"terça-feira, 26 de abril de 2022",6387,15,3,R$ 7,R$ 21
7806,"terça-feira, 26 de abril de 2022",8498,15,3,R$ 7,R$ 21
7832,"quarta-feira, 27 de abril de 2022",2952,15,3,R$ 7,R$ 21
8005,"quarta-feira, 4 de maio de 2022",8697,15,3,R$ 7,R$ 21
8130,"domingo, 8 de maio de 2022",248,15,3,R$ 7,R$ 21
8195,"terça-feira, 10 de maio de 2022",8087,15,3,R$ 7,R$ 21
8202,"terça-feira, 10 de maio de 2022",7793,15,3,R$ 7,R$ 21
8288,"sábado, 14 de maio de 2022",3526,15,3,R$ 7,R$ 21
8558,"segunda-feira, 23 de maio de 2022",4399,15,3,R$ 7,R$ 21
8574,"terça-feira, 24 de maio de 2022",7486,15,3,R$ 7,R$ 21
8680,"sábado, 28 de maio de 2022",2988,15,3,R$ 7,R$ 21
8737,"segunda-feira, 30 de maio de 2022",7810,15,3,R$ 7,R$ 21
8789,"terça-feira, 31 de maio de 2022",8710,15,3,R$ 7,R$ 21
9006,"quarta-feira, 8 de junho de 2022",5755,15,3,R$ 7,R$ 21
9012,"quinta-feira, 9 de junho de 2022",7152,15,3,R$ 7,R$ 21
9046,"sexta-feira, 10 de junho de 2022",5844,15,3,R$ 7,R$ 21
9368,"quarta-feira, 22 de junho de 2022",1295,15,3,R$ 7,R$ 21
9377,"quarta-feira, 22 de junho de 2022",5644,15,3,R$ 7,R$ 21
9422,"sexta-feira, 24 de junho de 2022",9230,15,3,R$ 7,R$ 21
9435,"sábado, 25 de junho de 2022",4346,15,3,R$ 7,R$ 21
9486,"segunda-feira, 27 de junho de 2022",564,15,3,R$ 7,R$ 21
9530,"terça-feira, 28 de junho de 2022",9640,15,3,R$ 7,R$ 21
9576,"quinta-feira, 30 de junho de 2022",7354,15,3,R$ 7,R$ 21
9610,"sexta-feira, 1 de julho de 2022",3446,15,3,R$ 7,R$ 21
9620,"sábado, 2 de julho de 2022",597,15,3,R$ 7,R$ 21
9642,"sábado, 2 de julho de 2022",7596,15,3,R$ 7,R$ 21
9644,"domingo, 3 de julho de 2022",9945,15,3,R$ 7,R$ 21
9690,"segunda-feira, 4 de julho de 2022",8645,15,3,R$ 7,R$ 21
9806,"sexta-feira, 8 de julho de 2022",1524,15,3,R$ 7,R$ 21
10306,"terça-feira, 26 de julho de 2022",3258,15,3,R$ 7,R$ 21
10393,"sexta-feira, 29 de julho de 2022",7822,15,3,R$ 7,R$ 21
10452,"segunda-feira, 1 de agosto de 2022",4202,15,3,R$ 7,R$ 21
10546,"quinta-feira, 4 de agosto de 2022",5457,15,3,R$ 7,R$ 21
10631,"segunda-feira, 8 de agosto de 2022",9249,15,3,R$ 7,R$ 21
10661,"terça-feira, 9 de agosto de 2022",9134,15,3,R$ 7,R$ 21
10884,"quarta-feira, 17 de agosto de 2022",4619,15,3,R$ 7,R$ 21
10983,"domingo, 21 de agosto de 2022",5623,15,3,R$ 7,R$ 21
11036,"terça-feira, 23 de agosto de 2022",7728,15,3,R$ 7,R$ 21
11071,"quarta-feira, 24 de agosto de 2022",4771,15,3,R$ 7,R$ 21
11119,"sexta-feira, 26 de agosto de 2022",5313,15,3,R$ 7,R$ 21
11138,"sábado, 27 de agosto de 2022",5654,15,3,R$ 7,R$ 21
11173,"segunda-feira, 29 de agosto de 2022",2118,15,3,R$ 7,R$ 21
11303,"sexta-feira, 2 de setembro de 2022",4958,15,3,R$ 7,R$ 21
11387,"terça-feira, 6 de setembro de 2022",3016,15,3,R$ 7,R$ 21
11531,"domingo, 11 de setembro de 2022",7182,15,3,R$ 7,R$ 21
11532,"domingo, 11 de setembro de 2022",1222,15,3,R$ 7,R$ 21
11558,"segunda-feira, 12 de setembro de 2022",1528,15,3,R$ 7,R$ 21
11648,"quinta-feira, 15 de setembro de 2022",1571,15,3,R$ 7,R$ 21
11741,"segunda-feira, 19 de setembro de 2022",1636,15,3,R$ 7,R$ 21
11775,"terça-feira, 20 de setembro de 2022",272,15,3,R$ 7,R$ 21
11828,"quinta-feira, 22 de setembro de 2022",9871,15,3,R$ 7,R$ 21
11943,"domingo, 25 de setembro de 2022",9703,15,3,R$ 7,R$ 21
12124,"domingo, 2 de outubro de 2022",4870,15,3,R$ 7,R$ 21
12136,"domingo, 2 de outubro de 2022",6220,15,3,R$ 7,R$ 21
12139,"segunda-feira, 3 de outubro de 2022",2801,15,3,R$ 7,R$ 21
12164,"terça-feira, 4 de outubro de 2022",2168,15,3,R$ 7,R$ 21
12170,"terça-feira, 4 de outubro de 2022",7751,15,3,R$ 7,R$ 21
12209,"quarta-feira, 5 de outubro de 2022",5430,15,3,R$ 7,R$ 21
12235,"quinta-feira, 6 de outubro de 2022",2886,15,3,R$ 7,R$ 21
12236,"quinta-feira, 6 de outubro de 2022",4514,15,3,R$ 7,R$ 21
12255,"sexta-feira, 7 de outubro de 2022",4003,15,3,R$ 7,R$ 21
12416,"quinta-feira, 13 de outubro de 2022",1979,15,3,R$ 7,R$ 21
12525,"segunda-feira, 17 de outubro de 2022",6423,15,3,R$ 7,R$ 21
12633,"sexta-feira, 21 de outubro de 2022",1930,15,3,R$ 7,R$ 21
13017,"quinta-feira, 3 de novembro de 2022",9016,15,3,R$ 7,R$ 21
13078,"sábado, 5 de novembro de 2022",1116,15,3,R$ 7,R$ 21
13198,"quinta-feira, 10 de novembro de 2022",3102,15,3,R$ 7,R$ 21
13241,"sexta-feira, 11 de novembro de 2022",8404,15,3,R$ 7,R$ 21
13642,"sábado, 26 de novembro de 2022",2468,15,3,R$ 7,R$ 21
13644,"sábado, 26 de novembro de 2022",5068,15,3,R$ 7,R$ 21
13943,"terça-feira, 13 de dezembro de 2022",7896,15,3,R$ 7,R$ 21
13952,"quarta-feira, 14 de dezembro de 2022",1626,15,3,R$ 7,R$ 21
14030,"domingo, 25 de dezembro de 2022",1325,15,3,R$ 7,R$ 21
34,"quinta-feira, 21 de janeiro de 2021",1953,8,3,R$ 45,R$ 135
131,"sábado, 16 de janeiro de 2021",7075,8,3,R$ 45,R$ 135
215,"domingo, 24 de janeiro de 2021",4670,8,3,R$ 45,R$ 135
297,"segunda-feira, 1 de fevereiro de 2021",4337,8,3,R$ 45,R$ 135
445,"sábado, 13 de fevereiro de 2021",3930,8,3,R$ 45,R$ 135
534,"sábado, 20 de fevereiro de 2021",91,8,3,R$ 45,R$ 135
605,"sábado, 27 de fevereiro de 2021",3700,8,3,R$ 45,R$ 135
940,"sábado, 20 de março de 2021",4357,8,3,R$ 45,R$ 135
954,"segunda-feira, 22 de março de 2021",4021,8,3,R$ 45,R$ 135
1010,"sexta-feira, 26 de março de 2021",2769,8,3,R$ 45,R$ 135
1051,"domingo, 28 de março de 2021",8892,8,3,R$ 45,R$ 135
1248,"domingo, 11 de abril de 2021",1235,8,3,R$ 45,R$ 135
1312,"quinta-feira, 15 de abril de 2021",4465,8,3,R$ 45,R$ 135
1450,"sábado, 24 de abril de 2021",8171,8,3,R$ 45,R$ 135
1494,"terça-feira, 27 de abril de 2021",930,8,3,R$ 45,R$ 135
1599,"quarta-feira, 5 de maio de 2021",2570,8,3,R$ 45,R$ 135
1619,"quinta-feira, 6 de maio de 2021",8562,8,3,R$ 45,R$ 135
1800,"sexta-feira, 21 de maio de 2021",5019,8,3,R$ 45,R$ 135
1816,"sábado, 22 de maio de 2021",1736,8,3,R$ 45,R$ 135
1964,"quinta-feira, 3 de junho de 2021",1793,8,3,R$ 45,R$ 135
1965,"quinta-feira, 3 de junho de 2021",3302,8,3,R$ 45,R$ 135
1980,"sexta-feira, 4 de junho de 2021",6236,8,3,R$ 45,R$ 135
2038,"quarta-feira, 9 de junho de 2021",2689,8,3,R$ 45,R$ 135
2133,"sexta-feira, 18 de junho de 2021",4589,8,3,R$ 45,R$ 135
2143,"sábado, 19 de junho de 2021",6530,8,3,R$ 45,R$ 135
2400,"domingo, 11 de julho de 2021",9863,8,3,R$ 45,R$ 135
2404,"domingo, 11 de julho de 2021",5777,8,3,R$ 45,R$ 135
2572,"sábado, 24 de julho de 2021",8207,8,3,R$ 45,R$ 135
2581,"domingo, 25 de julho de 2021",6414,8,3,R$ 45,R$ 135
2669,"domingo, 1 de agosto de 2021",1916,8,3,R$ 45,R$ 135
2671,"domingo, 1 de agosto de 2021",5150,8,3,R$ 45,R$ 135
2698,"terça-feira, 3 de agosto de 2021",4367,8,3,R$ 45,R$ 135
2721,"quinta-feira, 5 de agosto de 2021",6306,8,3,R$ 45,R$ 135
2725,"sexta-feira, 6 de agosto de 2021",4657,8,3,R$ 45,R$ 135
2791,"terça-feira, 10 de agosto de 2021",4868,8,3,R$ 45,R$ 135
2827,"sexta-feira, 13 de agosto de 2021",4498,8,3,R$ 45,R$ 135
2951,"terça-feira, 24 de agosto de 2021",2280,8,3,R$ 45,R$ 135
2960,"terça-feira, 24 de agosto de 2021",1551,8,3,R$ 45,R$ 135
2991,"sexta-feira, 27 de agosto de 2021",9920,8,3,R$ 45,R$ 135
3037,"terça-feira, 31 de agosto de 2021",1091,8,3,R$ 45,R$ 135
3082,"sábado, 4 de setembro de 2021",7445,8,3,R$ 45,R$ 135
3152,"sexta-feira, 10 de setembro de 2021",7639,8,3,R$ 45,R$ 135
3173,"sábado, 11 de setembro de 2021",6214,8,3,R$ 45,R$ 135
3212,"quarta-feira, 15 de setembro de 2021",2245,8,3,R$ 45,R$ 135
3288,"segunda-feira, 20 de setembro de 2021",6320,8,3,R$ 45,R$ 135
3313,"sexta-feira, 24 de setembro de 2021",10059,8,3,R$ 45,R$ 135
3355,"terça-feira, 28 de setembro de 2021",3024,8,3,R$ 45,R$ 135
3378,"quinta-feira, 30 de setembro de 2021",3466,8,3,R$ 45,R$ 135
3413,"sábado, 2 de outubro de 2021",10020,8,3,R$ 45,R$ 135
3476,"quarta-feira, 6 de outubro de 2021",5535,8,3,R$ 45,R$ 135
3586,"sexta-feira, 15 de outubro de 2021",3160,8,3,R$ 45,R$ 135
3652,"sexta-feira, 22 de outubro de 2021",7153,8,3,R$ 45,R$ 135
3820,"quinta-feira, 4 de novembro de 2021",354,8,3,R$ 45,R$ 135
3883,"segunda-feira, 8 de novembro de 2021",4185,8,3,R$ 45,R$ 135
4114,"quinta-feira, 25 de novembro de 2021",7182,8,3,R$ 45,R$ 135
4158,"domingo, 28 de novembro de 2021",8898,8,3,R$ 45,R$ 135
4245,"sábado, 4 de dezembro de 2021",7481,8,3,R$ 45,R$ 135
4261,"domingo, 5 de dezembro de 2021",1389,8,3,R$ 45,R$ 135
4466,"sábado, 18 de dezembro de 2021",663,8,3,R$ 45,R$ 135
4541,"quarta-feira, 22 de dezembro de 2021",682,8,3,R$ 45,R$ 135
4639,"segunda-feira, 27 de dezembro de 2021",9685,8,3,R$ 45,R$ 135
4704,"quinta-feira, 30 de dezembro de 2021",878,8,3,R$ 45,R$ 135
4754,"domingo, 2 de janeiro de 2022",1977,8,3,R$ 45,R$ 135
4799,"terça-feira, 4 de janeiro de 2022",191,8,3,R$ 45,R$ 135
4816,"terça-feira, 4 de janeiro de 2022",9540,8,3,R$ 45,R$ 135
4828,"quarta-feira, 5 de janeiro de 2022",7831,8,3,R$ 45,R$ 135
4858,"quinta-feira, 6 de janeiro de 2022",4731,8,3,R$ 45,R$ 135
5010,"quarta-feira, 12 de janeiro de 2022",8497,8,3,R$ 45,R$ 135
5022,"quinta-feira, 13 de janeiro de 2022",2965,8,3,R$ 45,R$ 135
5164,"quarta-feira, 19 de janeiro de 2022",1068,8,3,R$ 45,R$ 135
5203,"quinta-feira, 20 de janeiro de 2022",4040,8,3,R$ 45,R$ 135
5275,"domingo, 23 de janeiro de 2022",9238,8,3,R$ 45,R$ 135
5334,"terça-feira, 25 de janeiro de 2022",8517,8,3,R$ 45,R$ 135
5353,"quarta-feira, 26 de janeiro de 2022",7359,8,3,R$ 45,R$ 135
5358,"quarta-feira, 26 de janeiro de 2022",1050,8,3,R$ 45,R$ 135
5398,"sexta-feira, 28 de janeiro de 2022",6925,8,3,R$ 45,R$ 135
5573,"quinta-feira, 3 de fevereiro de 2022",5876,8,3,R$ 45,R$ 135
5698,"segunda-feira, 7 de fevereiro de 2022",3280,8,3,R$ 45,R$ 135
5846,"domingo, 13 de fevereiro de 2022",1478,8,3,R$ 45,R$ 135
5996,"sexta-feira, 18 de fevereiro de 2022",1420,8,3,R$ 45,R$ 135
6023,"sábado, 19 de fevereiro de 2022",8576,8,3,R$ 45,R$ 135
6127,"terça-feira, 22 de fevereiro de 2022",2878,8,3,R$ 45,R$ 135
6203,"sexta-feira, 25 de fevereiro de 2022",7448,8,3,R$ 45,R$ 135
6369,"quinta-feira, 3 de março de 2022",4317,8,3,R$ 45,R$ 135
6371,"quinta-feira, 3 de março de 2022",8130,8,3,R$ 45,R$ 135
6541,"quarta-feira, 9 de março de 2022",9451,8,3,R$ 45,R$ 135
6869,"quarta-feira, 23 de março de 2022",474,8,3,R$ 45,R$ 135
6992,"domingo, 27 de março de 2022",1744,8,3,R$ 45,R$ 135
7009,"segunda-feira, 28 de março de 2022",5898,8,3,R$ 45,R$ 135
7235,"terça-feira, 5 de abril de 2022",5110,8,3,R$ 45,R$ 135
7386,"domingo, 10 de abril de 2022",2885,8,3,R$ 45,R$ 135
7557,"segunda-feira, 18 de abril de 2022",1624,8,3,R$ 45,R$ 135
7592,"terça-feira, 19 de abril de 2022",6960,8,3,R$ 45,R$ 135
7614,"quarta-feira, 20 de abril de 2022",494,8,3,R$ 45,R$ 135
7633,"quarta-feira, 20 de abril de 2022",156,8,3,R$ 45,R$ 135
7815,"quarta-feira, 27 de abril de 2022",6808,8,3,R$ 45,R$ 135
7998,"terça-feira, 3 de maio de 2022",8083,8,3,R$ 45,R$ 135
8029,"quinta-feira, 5 de maio de 2022",48,8,3,R$ 45,R$ 135
8296,"sábado, 14 de maio de 2022",2084,8,3,R$ 45,R$ 135
8522,"domingo, 22 de maio de 2022",1004,8,3,R$ 45,R$ 135
8798,"quarta-feira, 1 de junho de 2022",1850,8,3,R$ 45,R$ 135
8804,"quarta-feira, 1 de junho de 2022",4936,8,3,R$ 45,R$ 135
8911,"domingo, 5 de junho de 2022",8618,8,3,R$ 45,R$ 135
8927,"segunda-feira, 6 de junho de 2022",4727,8,3,R$ 45,R$ 135
8949,"segunda-feira, 6 de junho de 2022",1390,8,3,R$ 45,R$ 135
9007,"quinta-feira, 9 de junho de 2022",6971,8,3,R$ 45,R$ 135
9123,"segunda-feira, 13 de junho de 2022",5666,8,3,R$ 45,R$ 135
9146,"terça-feira, 14 de junho de 2022",3968,8,3,R$ 45,R$ 135
9198,"quinta-feira, 16 de junho de 2022",1693,8,3,R$ 45,R$ 135
9229,"sexta-feira, 17 de junho de 2022",3244,8,3,R$ 45,R$ 135
9296,"domingo, 19 de junho de 2022",2198,8,3,R$ 45,R$ 135
9365,"quarta-feira, 22 de junho de 2022",4914,8,3,R$ 45,R$ 135
9387,"quinta-feira, 23 de junho de 2022",9331,8,3,R$ 45,R$ 135
9406,"quinta-feira, 23 de junho de 2022",2475,8,3,R$ 45,R$ 135
9478,"segunda-feira, 27 de junho de 2022",5895,8,3,R$ 45,R$ 135
9626,"sábado, 2 de julho de 2022",7279,8,3,R$ 45,R$ 135
9711,"terça-feira, 5 de julho de 2022",2118,8,3,R$ 45,R$ 135
9787,"quinta-feira, 7 de julho de 2022",7836,8,3,R$ 45,R$ 135
9799,"sexta-feira, 8 de julho de 2022",7924,8,3,R$ 45,R$ 135
9959,"quarta-feira, 13 de julho de 2022",645,8,3,R$ 45,R$ 135
9999,"sexta-feira, 15 de julho de 2022",4884,8,3,R$ 45,R$ 135
10016,"sexta-feira, 15 de julho de 2022",4655,8,3,R$ 45,R$ 135
10284,"terça-feira, 26 de julho de 2022",10173,8,3,R$ 45,R$ 135
10377,"sexta-feira, 29 de julho de 2022",8293,8,3,R$ 45,R$ 135
10440,"segunda-feira, 1 de agosto de 2022",7477,8,3,R$ 45,R$ 135
10441,"segunda-feira, 1 de agosto de 2022",4676,8,3,R$ 45,R$ 135
10514,"quarta-feira, 3 de agosto de 2022",8992,8,3,R$ 45,R$ 135
10632,"segunda-feira, 8 de agosto de 2022",9674,8,3,R$ 45,R$ 135
10724,"quinta-feira, 11 de agosto de 2022",8522,8,3,R$ 45,R$ 135
10731,"quinta-feira, 11 de agosto de 2022",9198,8,3,R$ 45,R$ 135
10828,"segunda-feira, 15 de agosto de 2022",2270,8,3,R$ 45,R$ 135
10922,"sexta-feira, 19 de agosto de 2022",1812,8,3,R$ 45,R$ 135
11080,"quinta-feira, 25 de agosto de 2022",6559,8,3,R$ 45,R$ 135
11096,"quinta-feira, 25 de agosto de 2022",5053,8,3,R$ 45,R$ 135
11321,"sábado, 3 de setembro de 2022",4583,8,3,R$ 45,R$ 135
11401,"terça-feira, 6 de setembro de 2022",7610,8,3,R$ 45,R$ 135
11510,"sábado, 10 de setembro de 2022",5578,8,3,R$ 45,R$ 135
11517,"sábado, 10 de setembro de 2022",3848,8,3,R$ 45,R$ 135
11594,"terça-feira, 13 de setembro de 2022",4499,8,3,R$ 45,R$ 135
11801,"quarta-feira, 21 de setembro de 2022",272,8,3,R$ 45,R$ 135
11852,"quinta-feira, 22 de setembro de 2022",9990,8,3,R$ 45,R$ 135
11993,"terça-feira, 27 de setembro de 2022",9402,8,3,R$ 45,R$ 135
12214,"quinta-feira, 6 de outubro de 2022",4198,8,3,R$ 45,R$ 135
12622,"quinta-feira, 20 de outubro de 2022",4218,8,3,R$ 45,R$ 135
12625,"sexta-feira, 21 de outubro de 2022",4761,8,3,R$ 45,R$ 135
12700,"domingo, 23 de outubro de 2022",5024,8,3,R$ 45,R$ 135
12701,"domingo, 23 de outubro de 2022",7445,8,3,R$ 45,R$ 135
12763,"terça-feira, 25 de outubro de 2022",6931,8,3,R$ 45,R$ 135
12786,"quarta-feira, 26 de outubro de 2022",1814,8,3,R$ 45,R$ 135
12846,"sexta-feira, 28 de outubro de 2022",10133,8,3,R$ 45,R$ 135
13295,"domingo, 13 de novembro de 2022",7560,8,3,R$ 45,R$ 135
13388,"quarta-feira, 16 de novembro de 2022",1622,8,3,R$ 45,R$ 135
13410,"quinta-feira, 17 de novembro de 2022",2106,8,3,R$ 45,R$ 135
13881,"sexta-feira, 9 de dezembro de 2022",6924,8,3,R$ 45,R$ 135
13900,"sábado, 10 de dezembro de 2022",898,8,3,R$ 45,R$ 135
13907,"domingo, 11 de dezembro de 2022",1367,8,3,R$ 45,R$ 135
13991,"segunda-feira, 19 de dezembro de 2022",1085,8,3,R$ 45,R$ 135
6,"quinta-feira, 24 de dezembro de 2020",6696,16,3,R$ 25,R$ 75
60,"terça-feira, 5 de janeiro de 2021",10070,16,3,R$ 25,R$ 75
182,"quinta-feira, 21 de janeiro de 2021",4066,16,3,R$ 25,R$ 75
221,"terça-feira, 26 de janeiro de 2021",2878,16,3,R$ 25,R$ 75
242,"quarta-feira, 27 de janeiro de 2021",997,16,3,R$ 25,R$ 75
661,"terça-feira, 2 de março de 2021",463,16,3,R$ 25,R$ 75
721,"sábado, 6 de março de 2021",4149,16,3,R$ 25,R$ 75
758,"terça-feira, 9 de março de 2021",5158,16,3,R$ 25,R$ 75
764,"terça-feira, 9 de março de 2021",893,16,3,R$ 25,R$ 75
934,"sábado, 20 de março de 2021",2171,16,3,R$ 25,R$ 75
1019,"sexta-feira, 26 de março de 2021",9487,16,3,R$ 25,R$ 75
1050,"domingo, 28 de março de 2021",6133,16,3,R$ 25,R$ 75
1070,"segunda-feira, 29 de março de 2021",9543,16,3,R$ 25,R$ 75
1401,"quarta-feira, 21 de abril de 2021",3101,16,3,R$ 25,R$ 75
1419,"quinta-feira, 22 de abril de 2021",7573,16,3,R$ 25,R$ 75
1451,"sábado, 24 de abril de 2021",7283,16,3,R$ 25,R$ 75
1465,"domingo, 25 de abril de 2021",9145,16,3,R$ 25,R$ 75
1572,"terça-feira, 4 de maio de 2021",511,16,3,R$ 25,R$ 75
1598,"quarta-feira, 5 de maio de 2021",5038,16,3,R$ 25,R$ 75
1724,"sábado, 15 de maio de 2021",3476,16,3,R$ 25,R$ 75
1806,"sexta-feira, 21 de maio de 2021",6421,16,3,R$ 25,R$ 75
1828,"domingo, 23 de maio de 2021",4873,16,3,R$ 25,R$ 75
1865,"quarta-feira, 26 de maio de 2021",1378,16,3,R$ 25,R$ 75
2014,"domingo, 6 de junho de 2021",7354,16,3,R$ 25,R$ 75
2017,"segunda-feira, 7 de junho de 2021",8439,16,3,R$ 25,R$ 75
2064,"sábado, 12 de junho de 2021",7171,16,3,R$ 25,R$ 75
2192,"terça-feira, 22 de junho de 2021",995,16,3,R$ 25,R$ 75
2236,"sábado, 26 de junho de 2021",9318,16,3,R$ 25,R$ 75
2286,"quarta-feira, 30 de junho de 2021",3548,16,3,R$ 25,R$ 75
2293,"quinta-feira, 1 de julho de 2021",7190,16,3,R$ 25,R$ 75
2300,"sexta-feira, 2 de julho de 2021",6003,16,3,R$ 25,R$ 75
2417,"segunda-feira, 12 de julho de 2021",4099,16,3,R$ 25,R$ 75
2474,"sexta-feira, 16 de julho de 2021",9524,16,3,R$ 25,R$ 75
2580,"domingo, 25 de julho de 2021",1676,16,3,R$ 25,R$ 75
2620,"quarta-feira, 28 de julho de 2021",10145,16,3,R$ 25,R$ 75
2717,"quinta-feira, 5 de agosto de 2021",499,16,3,R$ 25,R$ 75
2739,"sábado, 7 de agosto de 2021",7849,16,3,R$ 25,R$ 75
2780,"terça-feira, 10 de agosto de 2021",2957,16,3,R$ 25,R$ 75
2973,"quarta-feira, 25 de agosto de 2021",7792,16,3,R$ 25,R$ 75
2999,"sábado, 28 de agosto de 2021",7887,16,3,R$ 25,R$ 75
3038,"terça-feira, 31 de agosto de 2021",3350,16,3,R$ 25,R$ 75
3151,"sexta-feira, 10 de setembro de 2021",2397,16,3,R$ 25,R$ 75
3156,"sábado, 11 de setembro de 2021",5335,16,3,R$ 25,R$ 75
3201,"terça-feira, 14 de setembro de 2021",6846,16,3,R$ 25,R$ 75
3233,"quinta-feira, 16 de setembro de 2021",8472,16,3,R$ 25,R$ 75
3248,"sábado, 18 de setembro de 2021",916,16,3,R$ 25,R$ 75
3430,"domingo, 3 de outubro de 2021",6047,16,3,R$ 25,R$ 75
3930,"sábado, 13 de novembro de 2021",9883,16,3,R$ 25,R$ 75
3985,"terça-feira, 16 de novembro de 2021",3751,16,3,R$ 25,R$ 75
4175,"terça-feira, 30 de novembro de 2021",8003,16,3,R$ 25,R$ 75
4181,"terça-feira, 30 de novembro de 2021",6352,16,3,R$ 25,R$ 75
4260,"domingo, 5 de dezembro de 2021",2759,16,3,R$ 25,R$ 75
4353,"sábado, 11 de dezembro de 2021",2942,16,3,R$ 25,R$ 75
4354,"sábado, 11 de dezembro de 2021",8841,16,3,R$ 25,R$ 75
4536,"quarta-feira, 22 de dezembro de 2021",755,16,3,R$ 25,R$ 75
4592,"sábado, 25 de dezembro de 2021",5791,16,3,R$ 25,R$ 75
4682,"quinta-feira, 30 de dezembro de 2021",3692,16,3,R$ 25,R$ 75
4703,"quinta-feira, 30 de dezembro de 2021",7478,16,3,R$ 25,R$ 75
4709,"sexta-feira, 31 de dezembro de 2021",8499,16,3,R$ 25,R$ 75
4773,"domingo, 2 de janeiro de 2022",7337,16,3,R$ 25,R$ 75
5019,"quinta-feira, 13 de janeiro de 2022",1125,16,3,R$ 25,R$ 75
5208,"quinta-feira, 20 de janeiro de 2022",4516,16,3,R$ 25,R$ 75
5289,"segunda-feira, 24 de janeiro de 2022",4391,16,3,R$ 25,R$ 75
5361,"quarta-feira, 26 de janeiro de 2022",4118,16,3,R$ 25,R$ 75
5538,"quarta-feira, 2 de fevereiro de 2022",6779,16,3,R$ 25,R$ 75
5826,"sábado, 12 de fevereiro de 2022",9241,16,3,R$ 25,R$ 75
5923,"terça-feira, 15 de fevereiro de 2022",1836,16,3,R$ 25,R$ 75
6078,"segunda-feira, 21 de fevereiro de 2022",3976,16,3,R$ 25,R$ 75
6199,"quinta-feira, 24 de fevereiro de 2022",286,16,3,R$ 25,R$ 75
6492,"terça-feira, 8 de março de 2022",4355,16,3,R$ 25,R$ 75
6588,"sexta-feira, 11 de março de 2022",10093,16,3,R$ 25,R$ 75
6614,"sábado, 12 de março de 2022",7726,16,3,R$ 25,R$ 75
6657,"segunda-feira, 14 de março de 2022",3172,16,3,R$ 25,R$ 75
6711,"quarta-feira, 16 de março de 2022",724,16,3,R$ 25,R$ 75
6867,"terça-feira, 22 de março de 2022",1533,16,3,R$ 25,R$ 75
7234,"terça-feira, 5 de abril de 2022",4958,16,3,R$ 25,R$ 75
7428,"terça-feira, 12 de abril de 2022",3424,16,3,R$ 25,R$ 75
7435,"quarta-feira, 13 de abril de 2022",6100,16,3,R$ 25,R$ 75
7528,"sábado, 16 de abril de 2022",4693,16,3,R$ 25,R$ 75
7594,"terça-feira, 19 de abril de 2022",6499,16,3,R$ 25,R$ 75
7664,"quinta-feira, 21 de abril de 2022",482,16,3,R$ 25,R$ 75
7736,"sábado, 23 de abril de 2022",1444,16,3,R$ 25,R$ 75
7797,"terça-feira, 26 de abril de 2022",2581,16,3,R$ 25,R$ 75
7910,"sábado, 30 de abril de 2022",3325,16,3,R$ 25,R$ 75
7918,"sábado, 30 de abril de 2022",7521,16,3,R$ 25,R$ 75
8106,"sábado, 7 de maio de 2022",2551,16,3,R$ 25,R$ 75
8120,"sábado, 7 de maio de 2022",7560,16,3,R$ 25,R$ 75
8177,"segunda-feira, 9 de maio de 2022",8404,16,3,R$ 25,R$ 75
8331,"domingo, 15 de maio de 2022",8169,16,3,R$ 25,R$ 75
8334,"domingo, 15 de maio de 2022",1059,16,3,R$ 25,R$ 75
8648,"sexta-feira, 27 de maio de 2022",1511,16,3,R$ 25,R$ 75
8817,"quinta-feira, 2 de junho de 2022",3528,16,3,R$ 25,R$ 75
8915,"domingo, 5 de junho de 2022",1568,16,3,R$ 25,R$ 75
9060,"sábado, 11 de junho de 2022",9884,16,3,R$ 25,R$ 75
9107,"segunda-feira, 13 de junho de 2022",3210,16,3,R$ 25,R$ 75
9202,"quinta-feira, 16 de junho de 2022",6079,16,3,R$ 25,R$ 75
9357,"quarta-feira, 22 de junho de 2022",6957,16,3,R$ 25,R$ 75
9457,"sábado, 25 de junho de 2022",9824,16,3,R$ 25,R$ 75
9497,"segunda-feira, 27 de junho de 2022",7362,16,3,R$ 25,R$ 75
9520,"terça-feira, 28 de junho de 2022",4111,16,3,R$ 25,R$ 75
9813,"sexta-feira, 8 de julho de 2022",6915,16,3,R$ 25,R$ 75
9856,"domingo, 10 de julho de 2022",4325,16,3,R$ 25,R$ 75
9968,"quinta-feira, 14 de julho de 2022",4068,16,3,R$ 25,R$ 75
9988,"sexta-feira, 15 de julho de 2022",2181,16,3,R$ 25,R$ 75
10041,"sábado, 16 de julho de 2022",8952,16,3,R$ 25,R$ 75
10087,"segunda-feira, 18 de julho de 2022",7593,16,3,R$ 25,R$ 75
10139,"terça-feira, 19 de julho de 2022",7059,16,3,R$ 25,R$ 75
10178,"quinta-feira, 21 de julho de 2022",4445,16,3,R$ 25,R$ 75
10228,"sábado, 23 de julho de 2022",3528,16,3,R$ 25,R$ 75
10266,"segunda-feira, 25 de julho de 2022",2412,16,3,R$ 25,R$ 75
10285,"terça-feira, 26 de julho de 2022",540,16,3,R$ 25,R$ 75
10324,"quarta-feira, 27 de julho de 2022",1222,16,3,R$ 25,R$ 75
10362,"quinta-feira, 28 de julho de 2022",6603,16,3,R$ 25,R$ 75
10384,"sexta-feira, 29 de julho de 2022",8758,16,3,R$ 25,R$ 75
10400,"sábado, 30 de julho de 2022",6032,16,3,R$ 25,R$ 75
10404,"sábado, 30 de julho de 2022",9625,16,3,R$ 25,R$ 75
10522,"quinta-feira, 4 de agosto de 2022",5223,16,3,R$ 25,R$ 75
10608,"domingo, 7 de agosto de 2022",1424,16,3,R$ 25,R$ 75
10664,"terça-feira, 9 de agosto de 2022",2039,16,3,R$ 25,R$ 75
10757,"sexta-feira, 12 de agosto de 2022",2636,16,3,R$ 25,R$ 75
10816,"domingo, 14 de agosto de 2022",2690,16,3,R$ 25,R$ 75
10841,"terça-feira, 16 de agosto de 2022",6080,16,3,R$ 25,R$ 75
10953,"sábado, 20 de agosto de 2022",5971,16,3,R$ 25,R$ 75
10956,"sábado, 20 de agosto de 2022",4043,16,3,R$ 25,R$ 75
11052,"quarta-feira, 24 de agosto de 2022",4998,16,3,R$ 25,R$ 75
11166,"domingo, 28 de agosto de 2022",3706,16,3,R$ 25,R$ 75
11179,"segunda-feira, 29 de agosto de 2022",1910,16,3,R$ 25,R$ 75
11183,"segunda-feira, 29 de agosto de 2022",7072,16,3,R$ 25,R$ 75
11186,"segunda-feira, 29 de agosto de 2022",7069,16,3,R$ 25,R$ 75
11488,"sábado, 10 de setembro de 2022",4373,16,3,R$ 25,R$ 75
11493,"sábado, 10 de setembro de 2022",5727,16,3,R$ 25,R$ 75
11586,"terça-feira, 13 de setembro de 2022",491,16,3,R$ 25,R$ 75
11587,"terça-feira, 13 de setembro de 2022",2310,16,3,R$ 25,R$ 75
12009,"quarta-feira, 28 de setembro de 2022",9906,16,3,R$ 25,R$ 75
12040,"quinta-feira, 29 de setembro de 2022",1845,16,3,R$ 25,R$ 75
12340,"segunda-feira, 10 de outubro de 2022",3439,16,3,R$ 25,R$ 75
12477,"sábado, 15 de outubro de 2022",2919,16,3,R$ 25,R$ 75
12728,"segunda-feira, 24 de outubro de 2022",5716,16,3,R$ 25,R$ 75
12818,"quinta-feira, 27 de outubro de 2022",8130,16,3,R$ 25,R$ 75
12927,"segunda-feira, 31 de outubro de 2022",6097,16,3,R$ 25,R$ 75
13266,"sábado, 12 de novembro de 2022",4853,16,3,R$ 25,R$ 75
13328,"segunda-feira, 14 de novembro de 2022",9540,16,3,R$ 25,R$ 75
13372,"quarta-feira, 16 de novembro de 2022",9059,16,3,R$ 25,R$ 75
13510,"segunda-feira, 21 de novembro de 2022",6289,16,3,R$ 25,R$ 75
13583,"quinta-feira, 24 de novembro de 2022",4325,16,3,R$ 25,R$ 75
13618,"sábado, 26 de novembro de 2022",4670,16,3,R$ 25,R$ 75
13687,"terça-feira, 29 de novembro de 2022",7382,16,3,R$ 25,R$ 75
13766,"sexta-feira, 2 de dezembro de 2022",4153,16,3,R$ 25,R$ 75
13817,"domingo, 4 de dezembro de 2022",9924,16,3,R$ 25,R$ 75
13861,"quinta-feira, 8 de dezembro de 2022",8821,16,3,R$ 25,R$ 75
13890,"sábado, 10 de dezembro de 2022",9953,16,3,R$ 25,R$ 75
13928,"segunda-feira, 12 de dezembro de 2022",6557,16,3,R$ 25,R$ 75
13945,"quarta-feira, 14 de dezembro de 2022",2861,16,3,R$ 25,R$ 75
13984,"segunda-feira, 19 de dezembro de 2022",3630,16,3,R$ 25,R$ 75
14046,"terça-feira, 27 de dezembro de 2022",4868,16,3,R$ 25,R$ 75
80,"sábado, 9 de janeiro de 2021",2390,18,3,R$ 45,R$ 135
102,"quarta-feira, 13 de janeiro de 2021",2086,18,3,R$ 45,R$ 135
210,"domingo, 24 de janeiro de 2021",3446,18,3,R$ 45,R$ 135
225,"terça-feira, 26 de janeiro de 2021",4813,18,3,R$ 45,R$ 135
672,"terça-feira, 2 de março de 2021",4597,18,3,R$ 45,R$ 135
1301,"quarta-feira, 14 de abril de 2021",3782,18,3,R$ 45,R$ 135
1432,"sexta-feira, 23 de abril de 2021",870,18,3,R$ 45,R$ 135
1446,"sábado, 24 de abril de 2021",7447,18,3,R$ 45,R$ 135
1476,"segunda-feira, 26 de abril de 2021",9602,18,3,R$ 45,R$ 135
1544,"domingo, 2 de maio de 2021",4094,18,3,R$ 45,R$ 135
1623,"quinta-feira, 6 de maio de 2021",3513,18,3,R$ 45,R$ 135
1687,"quarta-feira, 12 de maio de 2021",7862,18,3,R$ 45,R$ 135
1808,"sexta-feira, 21 de maio de 2021",7206,18,3,R$ 45,R$ 135
1909,"domingo, 30 de maio de 2021",6288,18,3,R$ 45,R$ 135
2089,"terça-feira, 15 de junho de 2021",6641,18,3,R$ 45,R$ 135
2215,"quinta-feira, 24 de junho de 2021",8623,18,3,R$ 45,R$ 135
2280,"terça-feira, 29 de junho de 2021",5088,18,3,R$ 45,R$ 135
2634,"quinta-feira, 29 de julho de 2021",9633,18,3,R$ 45,R$ 135
2699,"terça-feira, 3 de agosto de 2021",6760,18,3,R$ 45,R$ 135
2784,"terça-feira, 10 de agosto de 2021",5735,18,3,R$ 45,R$ 135
2840,"domingo, 15 de agosto de 2021",8089,18,3,R$ 45,R$ 135
2846,"segunda-feira, 16 de agosto de 2021",3286,18,3,R$ 45,R$ 135
2932,"domingo, 22 de agosto de 2021",192,18,3,R$ 45,R$ 135
3027,"segunda-feira, 30 de agosto de 2021",4370,18,3,R$ 45,R$ 135
3058,"quinta-feira, 2 de setembro de 2021",7618,18,3,R$ 45,R$ 135
3106,"segunda-feira, 6 de setembro de 2021",1610,18,3,R$ 45,R$ 135
3251,"sábado, 18 de setembro de 2021",8994,18,3,R$ 45,R$ 135
3485,"quarta-feira, 6 de outubro de 2021",26,18,3,R$ 45,R$ 135
3572,"quinta-feira, 14 de outubro de 2021",900,18,3,R$ 45,R$ 135
3610,"domingo, 17 de outubro de 2021",5419,18,3,R$ 45,R$ 135
3769,"domingo, 31 de outubro de 2021",4463,18,3,R$ 45,R$ 135
3816,"quarta-feira, 3 de novembro de 2021",1491,18,3,R$ 45,R$ 135
3823,"quinta-feira, 4 de novembro de 2021",8793,18,3,R$ 45,R$ 135
3924,"sexta-feira, 12 de novembro de 2021",158,18,3,R$ 45,R$ 135
3940,"domingo, 14 de novembro de 2021",5405,18,3,R$ 45,R$ 135
4103,"quarta-feira, 24 de novembro de 2021",663,18,3,R$ 45,R$ 135
4128,"sexta-feira, 26 de novembro de 2021",8478,18,3,R$ 45,R$ 135
4210,"quinta-feira, 2 de dezembro de 2021",9619,18,3,R$ 45,R$ 135
4218,"quinta-feira, 2 de dezembro de 2021",3157,18,3,R$ 45,R$ 135
4449,"sexta-feira, 17 de dezembro de 2021",9213,18,3,R$ 45,R$ 135
4533,"quarta-feira, 22 de dezembro de 2021",3935,18,3,R$ 45,R$ 135
4586,"sábado, 25 de dezembro de 2021",4422,18,3,R$ 45,R$ 135
4622,"segunda-feira, 27 de dezembro de 2021",1773,18,3,R$ 45,R$ 135
4705,"quinta-feira, 30 de dezembro de 2021",8630,18,3,R$ 45,R$ 135
4865,"quinta-feira, 6 de janeiro de 2022",4118,18,3,R$ 45,R$ 135
4942,"segunda-feira, 10 de janeiro de 2022",598,18,3,R$ 45,R$ 135
5037,"sexta-feira, 14 de janeiro de 2022",7981,18,3,R$ 45,R$ 135
5299,"segunda-feira, 24 de janeiro de 2022",7782,18,3,R$ 45,R$ 135
5319,"terça-feira, 25 de janeiro de 2022",9390,18,3,R$ 45,R$ 135
5331,"terça-feira, 25 de janeiro de 2022",2227,18,3,R$ 45,R$ 135
5581,"quinta-feira, 3 de fevereiro de 2022",3982,18,3,R$ 45,R$ 135
5665,"domingo, 6 de fevereiro de 2022",1222,18,3,R$ 45,R$ 135
5917,"terça-feira, 15 de fevereiro de 2022",5950,18,3,R$ 45,R$ 135
5966,"quinta-feira, 17 de fevereiro de 2022",3322,18,3,R$ 45,R$ 135
6042,"domingo, 20 de fevereiro de 2022",5742,18,3,R$ 45,R$ 135
6284,"segunda-feira, 28 de fevereiro de 2022",5594,18,3,R$ 45,R$ 135
6301,"segunda-feira, 28 de fevereiro de 2022",8400,18,3,R$ 45,R$ 135
6424,"sábado, 5 de março de 2022",5820,18,3,R$ 45,R$ 135
6531,"quarta-feira, 9 de março de 2022",8548,18,3,R$ 45,R$ 135
6600,"sexta-feira, 11 de março de 2022",9592,18,3,R$ 45,R$ 135
6668,"segunda-feira, 14 de março de 2022",9625,18,3,R$ 45,R$ 135
6827,"segunda-feira, 21 de março de 2022",9784,18,3,R$ 45,R$ 135
6841,"segunda-feira, 21 de março de 2022",8760,18,3,R$ 45,R$ 135
6849,"terça-feira, 22 de março de 2022",3610,18,3,R$ 45,R$ 135
6857,"terça-feira, 22 de março de 2022",4655,18,3,R$ 45,R$ 135
6947,"sábado, 26 de março de 2022",4960,18,3,R$ 45,R$ 135
7087,"quarta-feira, 30 de março de 2022",7171,18,3,R$ 45,R$ 135
7233,"terça-feira, 5 de abril de 2022",6105,18,3,R$ 45,R$ 135
7266,"quarta-feira, 6 de abril de 2022",4647,18,3,R$ 45,R$ 135
7301,"sexta-feira, 8 de abril de 2022",9820,18,3,R$ 45,R$ 135
7476,"quinta-feira, 14 de abril de 2022",498,18,3,R$ 45,R$ 135
7581,"segunda-feira, 18 de abril de 2022",7286,18,3,R$ 45,R$ 135
7599,"terça-feira, 19 de abril de 2022",9308,18,3,R$ 45,R$ 135
7658,"quinta-feira, 21 de abril de 2022",2446,18,3,R$ 45,R$ 135
7771,"segunda-feira, 25 de abril de 2022",5672,18,3,R$ 45,R$ 135
7787,"terça-feira, 26 de abril de 2022",6876,18,3,R$ 45,R$ 135
7834,"quarta-feira, 27 de abril de 2022",622,18,3,R$ 45,R$ 135
7852,"quinta-feira, 28 de abril de 2022",5294,18,3,R$ 45,R$ 135
8019,"quarta-feira, 4 de maio de 2022",1744,18,3,R$ 45,R$ 135
8113,"sábado, 7 de maio de 2022",1265,18,3,R$ 45,R$ 135
8231,"quarta-feira, 11 de maio de 2022",6844,18,3,R$ 45,R$ 135
8259,"sexta-feira, 13 de maio de 2022",9416,18,3,R$ 45,R$ 135
8274,"sexta-feira, 13 de maio de 2022",4377,18,3,R$ 45,R$ 135
8278,"sexta-feira, 13 de maio de 2022",5827,18,3,R$ 45,R$ 135
8284,"sábado, 14 de maio de 2022",10008,18,3,R$ 45,R$ 135
8300,"sábado, 14 de maio de 2022",2118,18,3,R$ 45,R$ 135
8356,"segunda-feira, 16 de maio de 2022",680,18,3,R$ 45,R$ 135
8415,"quinta-feira, 19 de maio de 2022",8427,18,3,R$ 45,R$ 135
8705,"domingo, 29 de maio de 2022",2808,18,3,R$ 45,R$ 135
8734,"segunda-feira, 30 de maio de 2022",1376,18,3,R$ 45,R$ 135
8757,"segunda-feira, 30 de maio de 2022",3761,18,3,R$ 45,R$ 135
8899,"domingo, 5 de junho de 2022",1174,18,3,R$ 45,R$ 135
9064,"sábado, 11 de junho de 2022",6428,18,3,R$ 45,R$ 135
9084,"domingo, 12 de junho de 2022",7822,18,3,R$ 45,R$ 135
9094,"domingo, 12 de junho de 2022",7598,18,3,R$ 45,R$ 135
9106,"segunda-feira, 13 de junho de 2022",6113,18,3,R$ 45,R$ 135
9328,"terça-feira, 21 de junho de 2022",3951,18,3,R$ 45,R$ 135
9416,"sexta-feira, 24 de junho de 2022",1780,18,3,R$ 45,R$ 135
9428,"sábado, 25 de junho de 2022",5672,18,3,R$ 45,R$ 135
9449,"sábado, 25 de junho de 2022",2335,18,3,R$ 45,R$ 135
9472,"domingo, 26 de junho de 2022",346,18,3,R$ 45,R$ 135
9495,"segunda-feira, 27 de junho de 2022",4780,18,3,R$ 45,R$ 135
9531,"terça-feira, 28 de junho de 2022",1014,18,3,R$ 45,R$ 135
9632,"sábado, 2 de julho de 2022",1038,18,3,R$ 45,R$ 135
9740,"quarta-feira, 6 de julho de 2022",1438,18,3,R$ 45,R$ 135
9826,"sábado, 9 de julho de 2022",4114,18,3,R$ 45,R$ 135
9833,"sábado, 9 de julho de 2022",7782,18,3,R$ 45,R$ 135
9835,"sábado, 9 de julho de 2022",7013,18,3,R$ 45,R$ 135
9843,"domingo, 10 de julho de 2022",2075,18,3,R$ 45,R$ 135
9872,"segunda-feira, 11 de julho de 2022",6348,18,3,R$ 45,R$ 135
9887,"segunda-feira, 11 de julho de 2022",1523,18,3,R$ 45,R$ 135
9933,"quarta-feira, 13 de julho de 2022",1094,18,3,R$ 45,R$ 135
10000,"sexta-feira, 15 de julho de 2022",6769,18,3,R$ 45,R$ 135
10032,"sábado, 16 de julho de 2022",8615,18,3,R$ 45,R$ 135
10145,"terça-feira, 19 de julho de 2022",7368,18,3,R$ 45,R$ 135
10254,"domingo, 24 de julho de 2022",9042,18,3,R$ 45,R$ 135
10509,"quarta-feira, 3 de agosto de 2022",4419,18,3,R$ 45,R$ 135
10715,"quinta-feira, 11 de agosto de 2022",7734,18,3,R$ 45,R$ 135
10737,"sexta-feira, 12 de agosto de 2022",9029,18,3,R$ 45,R$ 135
10835,"segunda-feira, 15 de agosto de 2022",7384,18,3,R$ 45,R$ 135
10845,"terça-feira, 16 de agosto de 2022",7387,18,3,R$ 45,R$ 135
10975,"domingo, 21 de agosto de 2022",2862,18,3,R$ 45,R$ 135
11145,"sábado, 27 de agosto de 2022",6587,18,3,R$ 45,R$ 135
11181,"segunda-feira, 29 de agosto de 2022",4620,18,3,R$ 45,R$ 135
11256,"quarta-feira, 31 de agosto de 2022",7708,18,3,R$ 45,R$ 135
11358,"segunda-feira, 5 de setembro de 2022",4913,18,3,R$ 45,R$ 135
11482,"sexta-feira, 9 de setembro de 2022",7239,18,3,R$ 45,R$ 135
11533,"domingo, 11 de setembro de 2022",2852,18,3,R$ 45,R$ 135
11610,"quarta-feira, 14 de setembro de 2022",6406,18,3,R$ 45,R$ 135
11685,"sábado, 17 de setembro de 2022",5654,18,3,R$ 45,R$ 135
11703,"sábado, 17 de setembro de 2022",2446,18,3,R$ 45,R$ 135
11890,"sábado, 24 de setembro de 2022",2295,18,3,R$ 45,R$ 135
12178,"terça-feira, 4 de outubro de 2022",4538,18,3,R$ 45,R$ 135
12352,"terça-feira, 11 de outubro de 2022",10025,18,3,R$ 45,R$ 135
12455,"sexta-feira, 14 de outubro de 2022",3847,18,3,R$ 45,R$ 135
12513,"segunda-feira, 17 de outubro de 2022",5530,18,3,R$ 45,R$ 135
12542,"terça-feira, 18 de outubro de 2022",9644,18,3,R$ 45,R$ 135
12655,"sábado, 22 de outubro de 2022",976,18,3,R$ 45,R$ 135
12713,"segunda-feira, 24 de outubro de 2022",1222,18,3,R$ 45,R$ 135
12800,"quinta-feira, 27 de outubro de 2022",6835,18,3,R$ 45,R$ 135
12858,"sábado, 29 de outubro de 2022",3996,18,3,R$ 45,R$ 135
12981,"quarta-feira, 2 de novembro de 2022",3858,18,3,R$ 45,R$ 135
13263,"sábado, 12 de novembro de 2022",118,18,3,R$ 45,R$ 135
13269,"sábado, 12 de novembro de 2022",526,18,3,R$ 45,R$ 135
13380,"quarta-feira, 16 de novembro de 2022",4766,18,3,R$ 45,R$ 135
13555,"quarta-feira, 23 de novembro de 2022",5099,18,3,R$ 45,R$ 135
13675,"segunda-feira, 28 de novembro de 2022",2790,18,3,R$ 45,R$ 135
13795,"sábado, 3 de dezembro de 2022",633,18,3,R$ 45,R$ 135
13814,"domingo, 4 de dezembro de 2022",1861,18,3,R$ 45,R$ 135
13824,"segunda-feira, 5 de dezembro de 2022",9881,18,3,R$ 45,R$ 135
13882,"sexta-feira, 9 de dezembro de 2022",886,18,3,R$ 45,R$ 135
13893,"sábado, 10 de dezembro de 2022",633,18,3,R$ 45,R$ 135
13997,"terça-feira, 20 de dezembro de 2022",7328,18,3,R$ 45,R$ 135
14003,"quarta-feira, 21 de dezembro de 2022",3826,18,3,R$ 45,R$ 135
105,"quarta-feira, 13 de janeiro de 2021",8289,9,3,R$ 30,R$ 90
205,"sábado, 23 de janeiro de 2021",9263,9,3,R$ 30,R$ 90
267,"sexta-feira, 29 de janeiro de 2021",4287,9,3,R$ 30,R$ 90
349,"quinta-feira, 4 de fevereiro de 2021",4461,9,3,R$ 30,R$ 90
393,"segunda-feira, 8 de fevereiro de 2021",1931,9,3,R$ 30,R$ 90
402,"segunda-feira, 8 de fevereiro de 2021",6001,9,3,R$ 30,R$ 90
466,"segunda-feira, 15 de fevereiro de 2021",9710,9,3,R$ 30,R$ 90
481,"terça-feira, 16 de fevereiro de 2021",6997,9,3,R$ 30,R$ 90
488,"terça-feira, 16 de fevereiro de 2021",5015,9,3,R$ 30,R$ 90
562,"terça-feira, 23 de fevereiro de 2021",378,9,3,R$ 30,R$ 90
581,"quarta-feira, 24 de fevereiro de 2021",3204,9,3,R$ 30,R$ 90
680,"quarta-feira, 3 de março de 2021",328,9,3,R$ 30,R$ 90
718,"sábado, 6 de março de 2021",1379,9,3,R$ 30,R$ 90
810,"sexta-feira, 12 de março de 2021",8746,9,3,R$ 30,R$ 90
811,"sexta-feira, 12 de março de 2021",4103,9,3,R$ 30,R$ 90
812,"sexta-feira, 12 de março de 2021",2553,9,3,R$ 30,R$ 90
818,"sábado, 13 de março de 2021",8737,9,3,R$ 30,R$ 90
868,"terça-feira, 16 de março de 2021",7725,9,3,R$ 30,R$ 90
1040,"sábado, 27 de março de 2021",3397,9,3,R$ 30,R$ 90
1067,"segunda-feira, 29 de março de 2021",2269,9,3,R$ 30,R$ 90
1109,"quinta-feira, 1 de abril de 2021",7801,9,3,R$ 30,R$ 90
1277,"terça-feira, 13 de abril de 2021",2071,9,3,R$ 30,R$ 90
1406,"quarta-feira, 21 de abril de 2021",1898,9,3,R$ 30,R$ 90
1408,"quarta-feira, 21 de abril de 2021",182,9,3,R$ 30,R$ 90
1463,"domingo, 25 de abril de 2021",3300,9,3,R$ 30,R$ 90
1484,"terça-feira, 27 de abril de 2021",4568,9,3,R$ 30,R$ 90
1496,"terça-feira, 27 de abril de 2021",5802,9,3,R$ 30,R$ 90
1526,"sexta-feira, 30 de abril de 2021",9816,9,3,R$ 30,R$ 90
1573,"terça-feira, 4 de maio de 2021",8467,9,3,R$ 30,R$ 90
1827,"domingo, 23 de maio de 2021",6194,9,3,R$ 30,R$ 90
1963,"quinta-feira, 3 de junho de 2021",6432,9,3,R$ 30,R$ 90
2001,"domingo, 6 de junho de 2021",2422,9,3,R$ 30,R$ 90
2128,"sexta-feira, 18 de junho de 2021",7099,9,3,R$ 30,R$ 90
2281,"terça-feira, 29 de junho de 2021",7715,9,3,R$ 30,R$ 90
2299,"quinta-feira, 1 de julho de 2021",4541,9,3,R$ 30,R$ 90
2313,"sexta-feira, 2 de julho de 2021",7605,9,3,R$ 30,R$ 90
2320,"sábado, 3 de julho de 2021",2921,9,3,R$ 30,R$ 90
2328,"domingo, 4 de julho de 2021",10068,9,3,R$ 30,R$ 90
2437,"terça-feira, 13 de julho de 2021",6584,9,3,R$ 30,R$ 90
2520,"segunda-feira, 19 de julho de 2021",5760,9,3,R$ 30,R$ 90
2536,"quarta-feira, 21 de julho de 2021",2385,9,3,R$ 30,R$ 90
2618,"quarta-feira, 28 de julho de 2021",9276,9,3,R$ 30,R$ 90
2821,"sexta-feira, 13 de agosto de 2021",4730,9,3,R$ 30,R$ 90
2841,"domingo, 15 de agosto de 2021",9030,9,3,R$ 30,R$ 90
2908,"sexta-feira, 20 de agosto de 2021",3139,9,3,R$ 30,R$ 90
3308,"quinta-feira, 23 de setembro de 2021",5109,9,3,R$ 30,R$ 90
3352,"terça-feira, 28 de setembro de 2021",8814,9,3,R$ 30,R$ 90
3663,"sexta-feira, 22 de outubro de 2021",4239,9,3,R$ 30,R$ 90
3684,"domingo, 24 de outubro de 2021",1682,9,3,R$ 30,R$ 90
3702,"segunda-feira, 25 de outubro de 2021",7654,9,3,R$ 30,R$ 90
3733,"quinta-feira, 28 de outubro de 2021",3903,9,3,R$ 30,R$ 90
3879,"segunda-feira, 8 de novembro de 2021",8606,9,3,R$ 30,R$ 90
3880,"segunda-feira, 8 de novembro de 2021",1337,9,3,R$ 30,R$ 90
4066,"segunda-feira, 22 de novembro de 2021",823,9,3,R$ 30,R$ 90
4196,"quarta-feira, 1 de dezembro de 2021",5026,9,3,R$ 30,R$ 90
4325,"sexta-feira, 10 de dezembro de 2021",3361,9,3,R$ 30,R$ 90
4400,"terça-feira, 14 de dezembro de 2021",2448,9,3,R$ 30,R$ 90
4455,"sexta-feira, 17 de dezembro de 2021",8230,9,3,R$ 30,R$ 90
4518,"terça-feira, 21 de dezembro de 2021",5839,9,3,R$ 30,R$ 90
4635,"segunda-feira, 27 de dezembro de 2021",6593,9,3,R$ 30,R$ 90
4742,"sábado, 1 de janeiro de 2022",4368,9,3,R$ 30,R$ 90
4843,"quinta-feira, 6 de janeiro de 2022",2553,9,3,R$ 30,R$ 90
4856,"quinta-feira, 6 de janeiro de 2022",8742,9,3,R$ 30,R$ 90
5174,"quarta-feira, 19 de janeiro de 2022",4362,9,3,R$ 30,R$ 90
5423,"sábado, 29 de janeiro de 2022",5927,9,3,R$ 30,R$ 90
5460,"domingo, 30 de janeiro de 2022",2697,9,3,R$ 30,R$ 90
5480,"segunda-feira, 31 de janeiro de 2022",6142,9,3,R$ 30,R$ 90
5531,"terça-feira, 1 de fevereiro de 2022",1455,9,3,R$ 30,R$ 90
5713,"terça-feira, 8 de fevereiro de 2022",6454,9,3,R$ 30,R$ 90
5715,"terça-feira, 8 de fevereiro de 2022",2434,9,3,R$ 30,R$ 90
5730,"terça-feira, 8 de fevereiro de 2022",8973,9,3,R$ 30,R$ 90
5801,"sexta-feira, 11 de fevereiro de 2022",1284,9,3,R$ 30,R$ 90
5825,"sábado, 12 de fevereiro de 2022",5944,9,3,R$ 30,R$ 90
5902,"terça-feira, 15 de fevereiro de 2022",4724,9,3,R$ 30,R$ 90
5980,"quinta-feira, 17 de fevereiro de 2022",1419,9,3,R$ 30,R$ 90
6164,"quarta-feira, 23 de fevereiro de 2022",5962,9,3,R$ 30,R$ 90
6224,"sábado, 26 de fevereiro de 2022",6291,9,3,R$ 30,R$ 90
6332,"terça-feira, 1 de março de 2022",4420,9,3,R$ 30,R$ 90
6333,"terça-feira, 1 de março de 2022",6812,9,3,R$ 30,R$ 90
6516,"terça-feira, 8 de março de 2022",5958,9,3,R$ 30,R$ 90
6554,"quinta-feira, 10 de março de 2022",4386,9,3,R$ 30,R$ 90
6638,"domingo, 13 de março de 2022",414,9,3,R$ 30,R$ 90
6932,"sexta-feira, 25 de março de 2022",1554,9,3,R$ 30,R$ 90
7041,"terça-feira, 29 de março de 2022",3231,9,3,R$ 30,R$ 90
7112,"quinta-feira, 31 de março de 2022",9725,9,3,R$ 30,R$ 90
7177,"domingo, 3 de abril de 2022",5809,9,3,R$ 30,R$ 90
7252,"quarta-feira, 6 de abril de 2022",7107,9,3,R$ 30,R$ 90
7460,"quinta-feira, 14 de abril de 2022",8391,9,3,R$ 30,R$ 90
7533,"domingo, 17 de abril de 2022",4583,9,3,R$ 30,R$ 90
7552,"domingo, 17 de abril de 2022",10226,9,3,R$ 30,R$ 90
7602,"terça-feira, 19 de abril de 2022",8259,9,3,R$ 30,R$ 90
7704,"sábado, 23 de abril de 2022",1423,9,3,R$ 30,R$ 90
8096,"sábado, 7 de maio de 2022",4561,9,3,R$ 30,R$ 90
8100,"sábado, 7 de maio de 2022",5493,9,3,R$ 30,R$ 90
8239,"quinta-feira, 12 de maio de 2022",6762,9,3,R$ 30,R$ 90
8240,"quinta-feira, 12 de maio de 2022",2397,9,3,R$ 30,R$ 90
8256,"quinta-feira, 12 de maio de 2022",5249,9,3,R$ 30,R$ 90
8271,"sexta-feira, 13 de maio de 2022",5840,9,3,R$ 30,R$ 90
8366,"segunda-feira, 16 de maio de 2022",7598,9,3,R$ 30,R$ 90
8372,"terça-feira, 17 de maio de 2022",6018,9,3,R$ 30,R$ 90
8636,"quinta-feira, 26 de maio de 2022",4015,9,3,R$ 30,R$ 90
8735,"segunda-feira, 30 de maio de 2022",4556,9,3,R$ 30,R$ 90
8860,"sexta-feira, 3 de junho de 2022",6034,9,3,R$ 30,R$ 90
8944,"segunda-feira, 6 de junho de 2022",8615,9,3,R$ 30,R$ 90
9034,"quinta-feira, 9 de junho de 2022",2689,9,3,R$ 30,R$ 90
9168,"quarta-feira, 15 de junho de 2022",9514,9,3,R$ 30,R$ 90
9240,"sexta-feira, 17 de junho de 2022",10008,9,3,R$ 30,R$ 90
9257,"sábado, 18 de junho de 2022",9292,9,3,R$ 30,R$ 90
9419,"sexta-feira, 24 de junho de 2022",1360,9,3,R$ 30,R$ 90
9443,"sábado, 25 de junho de 2022",3567,9,3,R$ 30,R$ 90
9447,"sábado, 25 de junho de 2022",1660,9,3,R$ 30,R$ 90
9583,"quinta-feira, 30 de junho de 2022",402,9,3,R$ 30,R$ 90
9674,"segunda-feira, 4 de julho de 2022",1102,9,3,R$ 30,R$ 90
9784,"quinta-feira, 7 de julho de 2022",177,9,3,R$ 30,R$ 90
9786,"quinta-feira, 7 de julho de 2022",6652,9,3,R$ 30,R$ 90
9809,"sexta-feira, 8 de julho de 2022",5053,9,3,R$ 30,R$ 90
10180,"quinta-feira, 21 de julho de 2022",2134,9,3,R$ 30,R$ 90
10190,"quinta-feira, 21 de julho de 2022",3234,9,3,R$ 30,R$ 90
10279,"segunda-feira, 25 de julho de 2022",7016,9,3,R$ 30,R$ 90
10281,"segunda-feira, 25 de julho de 2022",6746,9,3,R$ 30,R$ 90
10329,"quarta-feira, 27 de julho de 2022",4340,9,3,R$ 30,R$ 90
10464,"terça-feira, 2 de agosto de 2022",7234,9,3,R$ 30,R$ 90
10556,"sexta-feira, 5 de agosto de 2022",7745,9,3,R$ 30,R$ 90
10808,"domingo, 14 de agosto de 2022",3584,9,3,R$ 30,R$ 90
10852,"terça-feira, 16 de agosto de 2022",3440,9,3,R$ 30,R$ 90
10989,"domingo, 21 de agosto de 2022",2528,9,3,R$ 30,R$ 90
10995,"segunda-feira, 22 de agosto de 2022",3517,9,3,R$ 30,R$ 90
11140,"sábado, 27 de agosto de 2022",5766,9,3,R$ 30,R$ 90
11187,"segunda-feira, 29 de agosto de 2022",1310,9,3,R$ 30,R$ 90
11228,"quarta-feira, 31 de agosto de 2022",6167,9,3,R$ 30,R$ 90
11282,"quinta-feira, 1 de setembro de 2022",4228,9,3,R$ 30,R$ 90
11328,"sábado, 3 de setembro de 2022",3864,9,3,R$ 30,R$ 90
11568,"segunda-feira, 12 de setembro de 2022",3922,9,3,R$ 30,R$ 90
11811,"quarta-feira, 21 de setembro de 2022",2868,9,3,R$ 30,R$ 90
11843,"quinta-feira, 22 de setembro de 2022",8137,9,3,R$ 30,R$ 90
11906,"sábado, 24 de setembro de 2022",7751,9,3,R$ 30,R$ 90
12058,"quinta-feira, 29 de setembro de 2022",5280,9,3,R$ 30,R$ 90
12257,"sexta-feira, 7 de outubro de 2022",9871,9,3,R$ 30,R$ 90
12374,"quarta-feira, 12 de outubro de 2022",1770,9,3,R$ 30,R$ 90
12586,"quarta-feira, 19 de outubro de 2022",8466,9,3,R$ 30,R$ 90
12631,"sexta-feira, 21 de outubro de 2022",5174,9,3,R$ 30,R$ 90
12667,"sábado, 22 de outubro de 2022",345,9,3,R$ 30,R$ 90
13004,"quarta-feira, 2 de novembro de 2022",1787,9,3,R$ 30,R$ 90
13150,"terça-feira, 8 de novembro de 2022",4049,9,3,R$ 30,R$ 90
13209,"quinta-feira, 10 de novembro de 2022",6187,9,3,R$ 30,R$ 90
13496,"segunda-feira, 21 de novembro de 2022",1203,9,3,R$ 30,R$ 90
13778,"sexta-feira, 2 de dezembro de 2022",3319,9,3,R$ 30,R$ 90
13788,"sábado, 3 de dezembro de 2022",3448,9,3,R$ 30,R$ 90
13956,"quinta-feira, 15 de dezembro de 2022",5951,9,3,R$ 30,R$ 90
14000,"terça-feira, 20 de dezembro de 2022",7472,9,3,R$ 30,R$ 90
14044,"segunda-feira, 26 de dezembro de 2022",7502,9,3,R$ 30,R$ 90
14055,"quinta-feira, 29 de dezembro de 2022",9102,9,3,R$ 30,R$ 90
75,"sábado, 9 de janeiro de 2021",1216,3,3,R$ 27,R$ 81
168,"terça-feira, 19 de janeiro de 2021",8147,3,3,R$ 27,R$ 81
283,"domingo, 31 de janeiro de 2021",9331,3,3,R$ 27,R$ 81
315,"terça-feira, 2 de fevereiro de 2021",4081,3,3,R$ 27,R$ 81
387,"domingo, 7 de fevereiro de 2021",880,3,3,R$ 27,R$ 81
416,"quarta-feira, 10 de fevereiro de 2021",9752,3,3,R$ 27,R$ 81
493,"terça-feira, 16 de fevereiro de 2021",7391,3,3,R$ 27,R$ 81
542,"domingo, 21 de fevereiro de 2021",8427,3,3,R$ 27,R$ 81
609,"sábado, 27 de fevereiro de 2021",9897,3,3,R$ 27,R$ 81
610,"sábado, 27 de fevereiro de 2021",7920,3,3,R$ 27,R$ 81
648,"segunda-feira, 1 de março de 2021",5960,3,3,R$ 27,R$ 81
757,"segunda-feira, 8 de março de 2021",2242,3,3,R$ 27,R$ 81
800,"sexta-feira, 12 de março de 2021",8116,3,3,R$ 27,R$ 81
859,"segunda-feira, 15 de março de 2021",5094,3,3,R$ 27,R$ 81
1255,"domingo, 11 de abril de 2021",9471,3,3,R$ 27,R$ 81
1384,"segunda-feira, 19 de abril de 2021",6712,3,3,R$ 27,R$ 81
1547,"domingo, 2 de maio de 2021",338,3,3,R$ 27,R$ 81
1548,"domingo, 2 de maio de 2021",9440,3,3,R$ 27,R$ 81
1564,"segunda-feira, 3 de maio de 2021",5834,3,3,R$ 27,R$ 81
1614,"quinta-feira, 6 de maio de 2021",5329,3,3,R$ 27,R$ 81
1671,"segunda-feira, 10 de maio de 2021",4453,3,3,R$ 27,R$ 81
1792,"quinta-feira, 20 de maio de 2021",8255,3,3,R$ 27,R$ 81
1872,"quarta-feira, 26 de maio de 2021",9933,3,3,R$ 27,R$ 81
1910,"domingo, 30 de maio de 2021",790,3,3,R$ 27,R$ 81
1911,"domingo, 30 de maio de 2021",7989,3,3,R$ 27,R$ 81
1969,"quinta-feira, 3 de junho de 2021",6309,3,3,R$ 27,R$ 81
2011,"domingo, 6 de junho de 2021",7072,3,3,R$ 27,R$ 81
2198,"quarta-feira, 23 de junho de 2021",5498,3,3,R$ 27,R$ 81
2502,"domingo, 18 de julho de 2021",8202,3,3,R$ 27,R$ 81
2534,"quarta-feira, 21 de julho de 2021",4315,3,3,R$ 27,R$ 81
2545,"quinta-feira, 22 de julho de 2021",5726,3,3,R$ 27,R$ 81
2824,"sexta-feira, 13 de agosto de 2021",10101,3,3,R$ 27,R$ 81
3006,"sábado, 28 de agosto de 2021",471,3,3,R$ 27,R$ 81
3008,"domingo, 29 de agosto de 2021",9184,3,3,R$ 27,R$ 81
3029,"terça-feira, 31 de agosto de 2021",7529,3,3,R$ 27,R$ 81
3065,"sexta-feira, 3 de setembro de 2021",9488,3,3,R$ 27,R$ 81
3070,"sexta-feira, 3 de setembro de 2021",5887,3,3,R$ 27,R$ 81
3621,"segunda-feira, 18 de outubro de 2021",1352,3,3,R$ 27,R$ 81
3665,"sábado, 23 de outubro de 2021",847,3,3,R$ 27,R$ 81
4026,"sexta-feira, 19 de novembro de 2021",511,3,3,R$ 27,R$ 81
4100,"quarta-feira, 24 de novembro de 2021",5882,3,3,R$ 27,R$ 81
4120,"quinta-feira, 25 de novembro de 2021",7571,3,3,R$ 27,R$ 81
4199,"quarta-feira, 1 de dezembro de 2021",3652,3,3,R$ 27,R$ 81
4234,"sexta-feira, 3 de dezembro de 2021",729,3,3,R$ 27,R$ 81
4355,"sábado, 11 de dezembro de 2021",10064,3,3,R$ 27,R$ 81
4394,"terça-feira, 14 de dezembro de 2021",2507,3,3,R$ 27,R$ 81
4447,"sexta-feira, 17 de dezembro de 2021",10068,3,3,R$ 27,R$ 81
4548,"quarta-feira, 22 de dezembro de 2021",7376,3,3,R$ 27,R$ 81
4576,"sexta-feira, 24 de dezembro de 2021",7977,3,3,R$ 27,R$ 81
4650,"terça-feira, 28 de dezembro de 2021",5295,3,3,R$ 27,R$ 81
4826,"quarta-feira, 5 de janeiro de 2022",8059,3,3,R$ 27,R$ 81
4847,"quinta-feira, 6 de janeiro de 2022",3219,3,3,R$ 27,R$ 81
5000,"quarta-feira, 12 de janeiro de 2022",9321,3,3,R$ 27,R$ 81
5127,"segunda-feira, 17 de janeiro de 2022",7946,3,3,R$ 27,R$ 81
5146,"terça-feira, 18 de janeiro de 2022",4068,3,3,R$ 27,R$ 81
5153,"terça-feira, 18 de janeiro de 2022",1013,3,3,R$ 27,R$ 81
5158,"quarta-feira, 19 de janeiro de 2022",927,3,3,R$ 27,R$ 81
5219,"sexta-feira, 21 de janeiro de 2022",6681,3,3,R$ 27,R$ 81
5284,"domingo, 23 de janeiro de 2022",5673,3,3,R$ 27,R$ 81
5313,"terça-feira, 25 de janeiro de 2022",997,3,3,R$ 27,R$ 81
5357,"quarta-feira, 26 de janeiro de 2022",3310,3,3,R$ 27,R$ 81
5421,"sábado, 29 de janeiro de 2022",4051,3,3,R$ 27,R$ 81
5649,"sábado, 5 de fevereiro de 2022",4260,3,3,R$ 27,R$ 81
5689,"segunda-feira, 7 de fevereiro de 2022",8124,3,3,R$ 27,R$ 81
5716,"terça-feira, 8 de fevereiro de 2022",1377,3,3,R$ 27,R$ 81
5721,"terça-feira, 8 de fevereiro de 2022",10268,3,3,R$ 27,R$ 81
5806,"sexta-feira, 11 de fevereiro de 2022",9189,3,3,R$ 27,R$ 81
6138,"quarta-feira, 23 de fevereiro de 2022",5541,3,3,R$ 27,R$ 81
6477,"segunda-feira, 7 de março de 2022",7660,3,3,R$ 27,R$ 81
6509,"terça-feira, 8 de março de 2022",6527,3,3,R$ 27,R$ 81
6549,"quinta-feira, 10 de março de 2022",7016,3,3,R$ 27,R$ 81
6648,"segunda-feira, 14 de março de 2022",4021,3,3,R$ 27,R$ 81
6805,"sábado, 19 de março de 2022",7127,3,3,R$ 27,R$ 81
6948,"sábado, 26 de março de 2022",1593,3,3,R$ 27,R$ 81
7417,"terça-feira, 12 de abril de 2022",9134,3,3,R$ 27,R$ 81
7457,"quarta-feira, 13 de abril de 2022",2215,3,3,R$ 27,R$ 81
7458,"quarta-feira, 13 de abril de 2022",3706,3,3,R$ 27,R$ 81
7494,"sexta-feira, 15 de abril de 2022",7261,3,3,R$ 27,R$ 81
7609,"terça-feira, 19 de abril de 2022",1014,3,3,R$ 27,R$ 81
7710,"sábado, 23 de abril de 2022",6652,3,3,R$ 27,R$ 81
7765,"segunda-feira, 25 de abril de 2022",5669,3,3,R$ 27,R$ 81
7893,"sexta-feira, 29 de abril de 2022",2252,3,3,R$ 27,R$ 81
7916,"sábado, 30 de abril de 2022",1026,3,3,R$ 27,R$ 81
7930,"domingo, 1 de maio de 2022",8289,3,3,R$ 27,R$ 81
8107,"sábado, 7 de maio de 2022",4807,3,3,R$ 27,R$ 81
8116,"sábado, 7 de maio de 2022",8907,3,3,R$ 27,R$ 81
8142,"domingo, 8 de maio de 2022",2468,3,3,R$ 27,R$ 81
8163,"segunda-feira, 9 de maio de 2022",2723,3,3,R$ 27,R$ 81
8280,"sexta-feira, 13 de maio de 2022",7069,3,3,R$ 27,R$ 81
8591,"quarta-feira, 25 de maio de 2022",7263,3,3,R$ 27,R$ 81
8709,"domingo, 29 de maio de 2022",1003,3,3,R$ 27,R$ 81
8741,"segunda-feira, 30 de maio de 2022",3048,3,3,R$ 27,R$ 81
8743,"segunda-feira, 30 de maio de 2022",3823,3,3,R$ 27,R$ 81
8900,"domingo, 5 de junho de 2022",2023,3,3,R$ 27,R$ 81
8926,"segunda-feira, 6 de junho de 2022",5348,3,3,R$ 27,R$ 81
9172,"quarta-feira, 15 de junho de 2022",8241,3,3,R$ 27,R$ 81
9208,"quinta-feira, 16 de junho de 2022",3390,3,3,R$ 27,R$ 81
9305,"segunda-feira, 20 de junho de 2022",8236,3,3,R$ 27,R$ 81
9320,"segunda-feira, 20 de junho de 2022",9415,3,3,R$ 27,R$ 81
9325,"terça-feira, 21 de junho de 2022",8993,3,3,R$ 27,R$ 81
9434,"sábado, 25 de junho de 2022",6484,3,3,R$ 27,R$ 81
9438,"sábado, 25 de junho de 2022",446,3,3,R$ 27,R$ 81
9581,"quinta-feira, 30 de junho de 2022",769,3,3,R$ 27,R$ 81
9612,"sábado, 2 de julho de 2022",8237,3,3,R$ 27,R$ 81
9734,"quarta-feira, 6 de julho de 2022",564,3,3,R$ 27,R$ 81
9767,"quinta-feira, 7 de julho de 2022",5809,3,3,R$ 27,R$ 81
9823,"sábado, 9 de julho de 2022",5959,3,3,R$ 27,R$ 81
9831,"sábado, 9 de julho de 2022",5465,3,3,R$ 27,R$ 81
9906,"terça-feira, 12 de julho de 2022",9559,3,3,R$ 27,R$ 81
10081,"segunda-feira, 18 de julho de 2022",4250,3,3,R$ 27,R$ 81
10294,"terça-feira, 26 de julho de 2022",5536,3,3,R$ 27,R$ 81
10486,"terça-feira, 2 de agosto de 2022",7261,3,3,R$ 27,R$ 81
10543,"quinta-feira, 4 de agosto de 2022",2310,3,3,R$ 27,R$ 81
10910,"quinta-feira, 18 de agosto de 2022",8119,3,3,R$ 27,R$ 81
10964,"sábado, 20 de agosto de 2022",154,3,3,R$ 27,R$ 81
10968,"sábado, 20 de agosto de 2022",8169,3,3,R$ 27,R$ 81
11010,"segunda-feira, 22 de agosto de 2022",1004,3,3,R$ 27,R$ 81
11058,"quarta-feira, 24 de agosto de 2022",6632,3,3,R$ 27,R$ 81
11092,"quinta-feira, 25 de agosto de 2022",8466,3,3,R$ 27,R$ 81
11247,"quarta-feira, 31 de agosto de 2022",4571,3,3,R$ 27,R$ 81
11380,"segunda-feira, 5 de setembro de 2022",9328,3,3,R$ 27,R$ 81
11417,"quarta-feira, 7 de setembro de 2022",5053,3,3,R$ 27,R$ 81
11469,"sexta-feira, 9 de setembro de 2022",2471,3,3,R$ 27,R$ 81
11651,"quinta-feira, 15 de setembro de 2022",1965,3,3,R$ 27,R$ 81
11708,"domingo, 18 de setembro de 2022",9297,3,3,R$ 27,R$ 81
11778,"terça-feira, 20 de setembro de 2022",10001,3,3,R$ 27,R$ 81
11824,"quinta-feira, 22 de setembro de 2022",6111,3,3,R$ 27,R$ 81
11870,"sexta-feira, 23 de setembro de 2022",5481,3,3,R$ 27,R$ 81
11921,"domingo, 25 de setembro de 2022",4663,3,3,R$ 27,R$ 81
11974,"segunda-feira, 26 de setembro de 2022",2441,3,3,R$ 27,R$ 81
12202,"quarta-feira, 5 de outubro de 2022",7502,3,3,R$ 27,R$ 81
12222,"quinta-feira, 6 de outubro de 2022",7409,3,3,R$ 27,R$ 81
12413,"quinta-feira, 13 de outubro de 2022",3900,3,3,R$ 27,R$ 81
12458,"sábado, 15 de outubro de 2022",7322,3,3,R$ 27,R$ 81
12487,"domingo, 16 de outubro de 2022",6936,3,3,R$ 27,R$ 81
12549,"terça-feira, 18 de outubro de 2022",2452,3,3,R$ 27,R$ 81
12649,"sexta-feira, 21 de outubro de 2022",10209,3,3,R$ 27,R$ 81
12672,"sábado, 22 de outubro de 2022",3980,3,3,R$ 27,R$ 81
12783,"quarta-feira, 26 de outubro de 2022",4239,3,3,R$ 27,R$ 81
12901,"domingo, 30 de outubro de 2022",6187,3,3,R$ 27,R$ 81
13173,"quarta-feira, 9 de novembro de 2022",3826,3,3,R$ 27,R$ 81
13190,"quarta-feira, 9 de novembro de 2022",2779,3,3,R$ 27,R$ 81
13197,"quinta-feira, 10 de novembro de 2022",2858,3,3,R$ 27,R$ 81
13250,"sexta-feira, 11 de novembro de 2022",1089,3,3,R$ 27,R$ 81
13307,"domingo, 13 de novembro de 2022",1125,3,3,R$ 27,R$ 81
13661,"domingo, 27 de novembro de 2022",6573,3,3,R$ 27,R$ 81
13771,"sexta-feira, 2 de dezembro de 2022",1528,3,3,R$ 27,R$ 81
13856,"quinta-feira, 8 de dezembro de 2022",9638,3,3,R$ 27,R$ 81
13985,"segunda-feira, 19 de dezembro de 2022",10208,3,3,R$ 27,R$ 81
11,"terça-feira, 29 de dezembro de 2020",9357,20,3,R$ 80,R$ 240
117,"sexta-feira, 15 de janeiro de 2021",4396,20,3,R$ 80,R$ 240
261,"sexta-feira, 29 de janeiro de 2021",6655,20,3,R$ 80,R$ 240
317,"terça-feira, 2 de fevereiro de 2021",7060,20,3,R$ 80,R$ 240
340,"quarta-feira, 3 de fevereiro de 2021",7056,20,3,R$ 80,R$ 240
452,"sábado, 13 de fevereiro de 2021",3160,20,3,R$ 80,R$ 240
550,"segunda-feira, 22 de fevereiro de 2021",769,20,3,R$ 80,R$ 240
1013,"sexta-feira, 26 de março de 2021",7750,20,3,R$ 80,R$ 240
1025,"sábado, 27 de março de 2021",6880,20,3,R$ 80,R$ 240
1082,"terça-feira, 30 de março de 2021",3932,20,3,R$ 80,R$ 240
1120,"sexta-feira, 2 de abril de 2021",5903,20,3,R$ 80,R$ 240
1121,"sexta-feira, 2 de abril de 2021",1820,20,3,R$ 80,R$ 240
1382,"segunda-feira, 19 de abril de 2021",6113,20,3,R$ 80,R$ 240
1410,"quarta-feira, 21 de abril de 2021",3826,20,3,R$ 80,R$ 240
1416,"quinta-feira, 22 de abril de 2021",8298,20,3,R$ 80,R$ 240
1895,"sábado, 29 de maio de 2021",1580,20,3,R$ 80,R$ 240
1899,"sábado, 29 de maio de 2021",3977,20,3,R$ 80,R$ 240
1935,"segunda-feira, 31 de maio de 2021",7678,20,3,R$ 80,R$ 240
2034,"quarta-feira, 9 de junho de 2021",1470,20,3,R$ 80,R$ 240
2057,"sexta-feira, 11 de junho de 2021",8172,20,3,R$ 80,R$ 240
2062,"sábado, 12 de junho de 2021",3854,20,3,R$ 80,R$ 240
2082,"segunda-feira, 14 de junho de 2021",5765,20,3,R$ 80,R$ 240
2277,"terça-feira, 29 de junho de 2021",4497,20,3,R$ 80,R$ 240
2302,"sexta-feira, 2 de julho de 2021",6564,20,3,R$ 80,R$ 240
2334,"domingo, 4 de julho de 2021",676,20,3,R$ 80,R$ 240
2585,"domingo, 25 de julho de 2021",9773,20,3,R$ 80,R$ 240
2661,"sábado, 31 de julho de 2021",8329,20,3,R$ 80,R$ 240
2771,"segunda-feira, 9 de agosto de 2021",492,20,3,R$ 80,R$ 240
2829,"sábado, 14 de agosto de 2021",7293,20,3,R$ 80,R$ 240
2830,"sábado, 14 de agosto de 2021",2907,20,3,R$ 80,R$ 240
2863,"terça-feira, 17 de agosto de 2021",4021,20,3,R$ 80,R$ 240
2901,"sexta-feira, 20 de agosto de 2021",5432,20,3,R$ 80,R$ 240
3132,"quarta-feira, 8 de setembro de 2021",3328,20,3,R$ 80,R$ 240
3207,"terça-feira, 14 de setembro de 2021",7968,20,3,R$ 80,R$ 240
3356,"terça-feira, 28 de setembro de 2021",6936,20,3,R$ 80,R$ 240
3361,"terça-feira, 28 de setembro de 2021",3719,20,3,R$ 80,R$ 240
3489,"quinta-feira, 7 de outubro de 2021",7182,20,3,R$ 80,R$ 240
3655,"sexta-feira, 22 de outubro de 2021",9417,20,3,R$ 80,R$ 240
3794,"terça-feira, 2 de novembro de 2021",4534,20,3,R$ 80,R$ 240
3798,"terça-feira, 2 de novembro de 2021",2759,20,3,R$ 80,R$ 240
3807,"quarta-feira, 3 de novembro de 2021",5215,20,3,R$ 80,R$ 240
3968,"segunda-feira, 15 de novembro de 2021",2663,20,3,R$ 80,R$ 240
4048,"domingo, 21 de novembro de 2021",1331,20,3,R$ 80,R$ 240
4250,"sábado, 4 de dezembro de 2021",7181,20,3,R$ 80,R$ 240
4269,"domingo, 5 de dezembro de 2021",7609,20,3,R$ 80,R$ 240
4310,"quarta-feira, 8 de dezembro de 2021",1282,20,3,R$ 80,R$ 240
4314,"quarta-feira, 8 de dezembro de 2021",1194,20,3,R$ 80,R$ 240
4439,"quinta-feira, 16 de dezembro de 2021",6544,20,3,R$ 80,R$ 240
4781,"segunda-feira, 3 de janeiro de 2022",7672,20,3,R$ 80,R$ 240
4833,"quarta-feira, 5 de janeiro de 2022",2518,20,3,R$ 80,R$ 240
4977,"terça-feira, 11 de janeiro de 2022",1785,20,3,R$ 80,R$ 240
5056,"sexta-feira, 14 de janeiro de 2022",9081,20,3,R$ 80,R$ 240
5172,"quarta-feira, 19 de janeiro de 2022",7753,20,3,R$ 80,R$ 240
5205,"quinta-feira, 20 de janeiro de 2022",3229,20,3,R$ 80,R$ 240
5279,"domingo, 23 de janeiro de 2022",7862,20,3,R$ 80,R$ 240
5296,"segunda-feira, 24 de janeiro de 2022",1491,20,3,R$ 80,R$ 240
5336,"terça-feira, 25 de janeiro de 2022",1168,20,3,R$ 80,R$ 240
5436,"sábado, 29 de janeiro de 2022",5226,20,3,R$ 80,R$ 240
5444,"domingo, 30 de janeiro de 2022",9510,20,3,R$ 80,R$ 240
5529,"terça-feira, 1 de fevereiro de 2022",1758,20,3,R$ 80,R$ 240
5661,"domingo, 6 de fevereiro de 2022",6603,20,3,R$ 80,R$ 240
5934,"quarta-feira, 16 de fevereiro de 2022",8211,20,3,R$ 80,R$ 240
5984,"quinta-feira, 17 de fevereiro de 2022",7860,20,3,R$ 80,R$ 240
6010,"sábado, 19 de fevereiro de 2022",5952,20,3,R$ 80,R$ 240
6268,"domingo, 27 de fevereiro de 2022",3604,20,3,R$ 80,R$ 240
6351,"quarta-feira, 2 de março de 2022",1836,20,3,R$ 80,R$ 240
6356,"quarta-feira, 2 de março de 2022",7621,20,3,R$ 80,R$ 240
6358,"quarta-feira, 2 de março de 2022",1265,20,3,R$ 80,R$ 240
6627,"domingo, 13 de março de 2022",6569,20,3,R$ 80,R$ 240
6684,"terça-feira, 15 de março de 2022",7308,20,3,R$ 80,R$ 240
6797,"sábado, 19 de março de 2022",169,20,3,R$ 80,R$ 240
6846,"terça-feira, 22 de março de 2022",3177,20,3,R$ 80,R$ 240
7148,"sábado, 2 de abril de 2022",9898,20,3,R$ 80,R$ 240
7174,"domingo, 3 de abril de 2022",4775,20,3,R$ 80,R$ 240
7270,"quinta-feira, 7 de abril de 2022",8865,20,3,R$ 80,R$ 240
7304,"sexta-feira, 8 de abril de 2022",1124,20,3,R$ 80,R$ 240
7430,"terça-feira, 12 de abril de 2022",5594,20,3,R$ 80,R$ 240
7499,"sexta-feira, 15 de abril de 2022",9480,20,3,R$ 80,R$ 240
7555,"segunda-feira, 18 de abril de 2022",1444,20,3,R$ 80,R$ 240
7645,"quarta-feira, 20 de abril de 2022",1430,20,3,R$ 80,R$ 240
7743,"domingo, 24 de abril de 2022",5240,20,3,R$ 80,R$ 240
7844,"quarta-feira, 27 de abril de 2022",301,20,3,R$ 80,R$ 240
7886,"sexta-feira, 29 de abril de 2022",6076,20,3,R$ 80,R$ 240
7963,"segunda-feira, 2 de maio de 2022",5129,20,3,R$ 80,R$ 240
8062,"sexta-feira, 6 de maio de 2022",6096,20,3,R$ 80,R$ 240
8184,"segunda-feira, 9 de maio de 2022",3643,20,3,R$ 80,R$ 240
8264,"sexta-feira, 13 de maio de 2022",10168,20,3,R$ 80,R$ 240
8289,"sábado, 14 de maio de 2022",4216,20,3,R$ 80,R$ 240
8610,"quarta-feira, 25 de maio de 2022",4750,20,3,R$ 80,R$ 240
8744,"segunda-feira, 30 de maio de 2022",498,20,3,R$ 80,R$ 240
8772,"terça-feira, 31 de maio de 2022",291,20,3,R$ 80,R$ 240
8774,"terça-feira, 31 de maio de 2022",1424,20,3,R$ 80,R$ 240
8868,"sábado, 4 de junho de 2022",8892,20,3,R$ 80,R$ 240
9194,"quinta-feira, 16 de junho de 2022",2414,20,3,R$ 80,R$ 240
9204,"quinta-feira, 16 de junho de 2022",3600,20,3,R$ 80,R$ 240
9244,"sábado, 18 de junho de 2022",6529,20,3,R$ 80,R$ 240
9353,"quarta-feira, 22 de junho de 2022",5669,20,3,R$ 80,R$ 240
9508,"terça-feira, 28 de junho de 2022",7530,20,3,R$ 80,R$ 240
9605,"sexta-feira, 1 de julho de 2022",5238,20,3,R$ 80,R$ 240
9630,"sábado, 2 de julho de 2022",5643,20,3,R$ 80,R$ 240
9768,"quinta-feira, 7 de julho de 2022",3706,20,3,R$ 80,R$ 240
9777,"quinta-feira, 7 de julho de 2022",3807,20,3,R$ 80,R$ 240
9929,"quarta-feira, 13 de julho de 2022",1183,20,3,R$ 80,R$ 240
9948,"quarta-feira, 13 de julho de 2022",3138,20,3,R$ 80,R$ 240
10047,"sábado, 16 de julho de 2022",6645,20,3,R$ 80,R$ 240
10055,"domingo, 17 de julho de 2022",4592,20,3,R$ 80,R$ 240
10131,"terça-feira, 19 de julho de 2022",2239,20,3,R$ 80,R$ 240
10146,"terça-feira, 19 de julho de 2022",5119,20,3,R$ 80,R$ 240
10173,"quinta-feira, 21 de julho de 2022",8963,20,3,R$ 80,R$ 240
10199,"quinta-feira, 21 de julho de 2022",875,20,3,R$ 80,R$ 240
10265,"segunda-feira, 25 de julho de 2022",6882,20,3,R$ 80,R$ 240
10430,"domingo, 31 de julho de 2022",7584,20,3,R$ 80,R$ 240
10508,"quarta-feira, 3 de agosto de 2022",2994,20,3,R$ 80,R$ 240
10585,"sábado, 6 de agosto de 2022",518,20,3,R$ 80,R$ 240
10587,"sábado, 6 de agosto de 2022",8364,20,3,R$ 80,R$ 240
10679,"terça-feira, 9 de agosto de 2022",7193,20,3,R$ 80,R$ 240
10717,"quinta-feira, 11 de agosto de 2022",7014,20,3,R$ 80,R$ 240
10786,"sábado, 13 de agosto de 2022",154,20,3,R$ 80,R$ 240
11044,"quarta-feira, 24 de agosto de 2022",6009,20,3,R$ 80,R$ 240
11104,"sexta-feira, 26 de agosto de 2022",4384,20,3,R$ 80,R$ 240
11277,"quinta-feira, 1 de setembro de 2022",6499,20,3,R$ 80,R$ 240
11683,"sexta-feira, 16 de setembro de 2022",4437,20,3,R$ 80,R$ 240
11704,"sábado, 17 de setembro de 2022",4397,20,3,R$ 80,R$ 240
11724,"domingo, 18 de setembro de 2022",6761,20,3,R$ 80,R$ 240
11761,"segunda-feira, 19 de setembro de 2022",5834,20,3,R$ 80,R$ 240
11922,"domingo, 25 de setembro de 2022",2423,20,3,R$ 80,R$ 240
11942,"domingo, 25 de setembro de 2022",6890,20,3,R$ 80,R$ 240
11945,"domingo, 25 de setembro de 2022",5669,20,3,R$ 80,R$ 240
12002,"terça-feira, 27 de setembro de 2022",486,20,3,R$ 80,R$ 240
12135,"domingo, 2 de outubro de 2022",3982,20,3,R$ 80,R$ 240
12172,"terça-feira, 4 de outubro de 2022",3977,20,3,R$ 80,R$ 240
12185,"quarta-feira, 5 de outubro de 2022",2175,20,3,R$ 80,R$ 240
12186,"quarta-feira, 5 de outubro de 2022",4084,20,3,R$ 80,R$ 240
12293,"sábado, 8 de outubro de 2022",7149,20,3,R$ 80,R$ 240
12539,"terça-feira, 18 de outubro de 2022",7812,20,3,R$ 80,R$ 240
13036,"sexta-feira, 4 de novembro de 2022",10008,20,3,R$ 80,R$ 240
13049,"sexta-feira, 4 de novembro de 2022",8195,20,3,R$ 80,R$ 240
13098,"domingo, 6 de novembro de 2022",42,20,3,R$ 80,R$ 240
13119,"segunda-feira, 7 de novembro de 2022",7315,20,3,R$ 80,R$ 240
13245,"sexta-feira, 11 de novembro de 2022",1002,20,3,R$ 80,R$ 240
13271,"sábado, 12 de novembro de 2022",1070,20,3,R$ 80,R$ 240
13511,"segunda-feira, 21 de novembro de 2022",1753,20,3,R$ 80,R$ 240
13634,"sábado, 26 de novembro de 2022",4009,20,3,R$ 80,R$ 240
13658,"domingo, 27 de novembro de 2022",137,20,3,R$ 80,R$ 240
13666,"segunda-feira, 28 de novembro de 2022",1406,20,3,R$ 80,R$ 240
13777,"sexta-feira, 2 de dezembro de 2022",1869,20,3,R$ 80,R$ 240
13823,"segunda-feira, 5 de dezembro de 2022",1004,20,3,R$ 80,R$ 240
14015,"sexta-feira, 23 de dezembro de 2022",3904,20,3,R$ 80,R$ 240
279,"sábado, 30 de janeiro de 2021",6835,17,3,R$ 60,R$ 180
299,"segunda-feira, 1 de fevereiro de 2021",745,17,3,R$ 60,R$ 180
361,"sexta-feira, 5 de fevereiro de 2021",4066,17,3,R$ 60,R$ 180
412,"quarta-feira, 10 de fevereiro de 2021",148,17,3,R$ 60,R$ 180
474,"segunda-feira, 15 de fevereiro de 2021",4283,17,3,R$ 60,R$ 180
508,"quinta-feira, 18 de fevereiro de 2021",5686,17,3,R$ 60,R$ 180
591,"quinta-feira, 25 de fevereiro de 2021",5568,17,3,R$ 60,R$ 180
832,"sábado, 13 de março de 2021",4925,17,3,R$ 60,R$ 180
898,"quinta-feira, 18 de março de 2021",1370,17,3,R$ 60,R$ 180
910,"sexta-feira, 19 de março de 2021",1266,17,3,R$ 60,R$ 180
979,"quarta-feira, 24 de março de 2021",7066,17,3,R$ 60,R$ 180
995,"quinta-feira, 25 de março de 2021",1347,17,3,R$ 60,R$ 180
1005,"quinta-feira, 25 de março de 2021",1773,17,3,R$ 60,R$ 180
1009,"sexta-feira, 26 de março de 2021",8367,17,3,R$ 60,R$ 180
1037,"sábado, 27 de março de 2021",3452,17,3,R$ 60,R$ 180
1057,"domingo, 28 de março de 2021",6087,17,3,R$ 60,R$ 180
1072,"segunda-feira, 29 de março de 2021",2907,17,3,R$ 60,R$ 180
1116,"sexta-feira, 2 de abril de 2021",3706,17,3,R$ 60,R$ 180
1180,"terça-feira, 6 de abril de 2021",8975,17,3,R$ 60,R$ 180
1206,"quinta-feira, 8 de abril de 2021",3749,17,3,R$ 60,R$ 180
1307,"quarta-feira, 14 de abril de 2021",8108,17,3,R$ 60,R$ 180
1394,"terça-feira, 20 de abril de 2021",2981,17,3,R$ 60,R$ 180
1482,"terça-feira, 27 de abril de 2021",4273,17,3,R$ 60,R$ 180
1557,"segunda-feira, 3 de maio de 2021",2041,17,3,R$ 60,R$ 180
1764,"terça-feira, 18 de maio de 2021",9512,17,3,R$ 60,R$ 180
1863,"quarta-feira, 26 de maio de 2021",8594,17,3,R$ 60,R$ 180
1873,"quarta-feira, 26 de maio de 2021",7035,17,3,R$ 60,R$ 180
2040,"quarta-feira, 9 de junho de 2021",2431,17,3,R$ 60,R$ 180
2150,"domingo, 20 de junho de 2021",8172,17,3,R$ 60,R$ 180
2214,"quinta-feira, 24 de junho de 2021",3564,17,3,R$ 60,R$ 180
2408,"domingo, 11 de julho de 2021",346,17,3,R$ 60,R$ 180
2559,"sexta-feira, 23 de julho de 2021",9779,17,3,R$ 60,R$ 180
2623,"quarta-feira, 28 de julho de 2021",4257,17,3,R$ 60,R$ 180
2638,"sexta-feira, 30 de julho de 2021",398,17,3,R$ 60,R$ 180
2694,"terça-feira, 3 de agosto de 2021",4094,17,3,R$ 60,R$ 180
2738,"sábado, 7 de agosto de 2021",7046,17,3,R$ 60,R$ 180
2825,"sexta-feira, 13 de agosto de 2021",2188,17,3,R$ 60,R$ 180
3013,"domingo, 29 de agosto de 2021",1611,17,3,R$ 60,R$ 180
3329,"sábado, 25 de setembro de 2021",7743,17,3,R$ 60,R$ 180
3480,"quarta-feira, 6 de outubro de 2021",3253,17,3,R$ 60,R$ 180
3654,"sexta-feira, 22 de outubro de 2021",8218,17,3,R$ 60,R$ 180
3772,"domingo, 31 de outubro de 2021",645,17,3,R$ 60,R$ 180
3785,"segunda-feira, 1 de novembro de 2021",6945,17,3,R$ 60,R$ 180
3789,"segunda-feira, 1 de novembro de 2021",4117,17,3,R$ 60,R$ 180
3834,"quinta-feira, 4 de novembro de 2021",1607,17,3,R$ 60,R$ 180
4173,"segunda-feira, 29 de novembro de 2021",268,17,3,R$ 60,R$ 180
4174,"segunda-feira, 29 de novembro de 2021",745,17,3,R$ 60,R$ 180
4377,"domingo, 12 de dezembro de 2021",4434,17,3,R$ 60,R$ 180
4426,"quarta-feira, 15 de dezembro de 2021",6560,17,3,R$ 60,R$ 180
4566,"sexta-feira, 24 de dezembro de 2021",9928,17,3,R$ 60,R$ 180
4617,"domingo, 26 de dezembro de 2021",9995,17,3,R$ 60,R$ 180
4656,"terça-feira, 28 de dezembro de 2021",4235,17,3,R$ 60,R$ 180
4696,"quinta-feira, 30 de dezembro de 2021",2099,17,3,R$ 60,R$ 180
4802,"terça-feira, 4 de janeiro de 2022",1771,17,3,R$ 60,R$ 180
4870,"quinta-feira, 6 de janeiro de 2022",1802,17,3,R$ 60,R$ 180
4872,"quinta-feira, 6 de janeiro de 2022",7946,17,3,R$ 60,R$ 180
4939,"domingo, 9 de janeiro de 2022",5559,17,3,R$ 60,R$ 180
5049,"sexta-feira, 14 de janeiro de 2022",5432,17,3,R$ 60,R$ 180
5068,"sábado, 15 de janeiro de 2022",1616,17,3,R$ 60,R$ 180
5074,"sábado, 15 de janeiro de 2022",2310,17,3,R$ 60,R$ 180
5111,"domingo, 16 de janeiro de 2022",6634,17,3,R$ 60,R$ 180
5148,"terça-feira, 18 de janeiro de 2022",4553,17,3,R$ 60,R$ 180
5237,"sexta-feira, 21 de janeiro de 2022",2701,17,3,R$ 60,R$ 180
5405,"sexta-feira, 28 de janeiro de 2022",2371,17,3,R$ 60,R$ 180
5442,"domingo, 30 de janeiro de 2022",4946,17,3,R$ 60,R$ 180
5530,"terça-feira, 1 de fevereiro de 2022",8315,17,3,R$ 60,R$ 180
5569,"quinta-feira, 3 de fevereiro de 2022",7376,17,3,R$ 60,R$ 180
5938,"quarta-feira, 16 de fevereiro de 2022",10240,17,3,R$ 60,R$ 180
5973,"quinta-feira, 17 de fevereiro de 2022",3602,17,3,R$ 60,R$ 180
6168,"quarta-feira, 23 de fevereiro de 2022",995,17,3,R$ 60,R$ 180
6236,"sábado, 26 de fevereiro de 2022",4901,17,3,R$ 60,R$ 180
6453,"domingo, 6 de março de 2022",5363,17,3,R$ 60,R$ 180
6486,"segunda-feira, 7 de março de 2022",1578,17,3,R$ 60,R$ 180
6512,"terça-feira, 8 de março de 2022",6690,17,3,R$ 60,R$ 180
6563,"quinta-feira, 10 de março de 2022",2448,17,3,R$ 60,R$ 180
6573,"quinta-feira, 10 de março de 2022",2201,17,3,R$ 60,R$ 180
6734,"quinta-feira, 17 de março de 2022",8414,17,3,R$ 60,R$ 180
6814,"domingo, 20 de março de 2022",7337,17,3,R$ 60,R$ 180
7014,"segunda-feira, 28 de março de 2022",6569,17,3,R$ 60,R$ 180
7033,"terça-feira, 29 de março de 2022",4157,17,3,R$ 60,R$ 180
7105,"quinta-feira, 31 de março de 2022",9944,17,3,R$ 60,R$ 180
7280,"quinta-feira, 7 de abril de 2022",1259,17,3,R$ 60,R$ 180
7331,"sábado, 9 de abril de 2022",344,17,3,R$ 60,R$ 180
7538,"domingo, 17 de abril de 2022",7055,17,3,R$ 60,R$ 180
7668,"quinta-feira, 21 de abril de 2022",8397,17,3,R$ 60,R$ 180
7688,"sexta-feira, 22 de abril de 2022",4609,17,3,R$ 60,R$ 180
7757,"domingo, 24 de abril de 2022",5711,17,3,R$ 60,R$ 180
7860,"quinta-feira, 28 de abril de 2022",1952,17,3,R$ 60,R$ 180
8063,"sexta-feira, 6 de maio de 2022",7558,17,3,R$ 60,R$ 180
8068,"sexta-feira, 6 de maio de 2022",3797,17,3,R$ 60,R$ 180
8078,"sexta-feira, 6 de maio de 2022",3245,17,3,R$ 60,R$ 180
8089,"sexta-feira, 6 de maio de 2022",6358,17,3,R$ 60,R$ 180
8092,"sábado, 7 de maio de 2022",3113,17,3,R$ 60,R$ 180
8316,"domingo, 15 de maio de 2022",7128,17,3,R$ 60,R$ 180
8855,"sexta-feira, 3 de junho de 2022",5148,17,3,R$ 60,R$ 180
8874,"sábado, 4 de junho de 2022",4742,17,3,R$ 60,R$ 180
8966,"terça-feira, 7 de junho de 2022",3739,17,3,R$ 60,R$ 180
9014,"quinta-feira, 9 de junho de 2022",2082,17,3,R$ 60,R$ 180
9026,"quinta-feira, 9 de junho de 2022",822,17,3,R$ 60,R$ 180
9074,"sábado, 11 de junho de 2022",7134,17,3,R$ 60,R$ 180
9090,"domingo, 12 de junho de 2022",2354,17,3,R$ 60,R$ 180
9271,"sábado, 18 de junho de 2022",7569,17,3,R$ 60,R$ 180
9332,"terça-feira, 21 de junho de 2022",6047,17,3,R$ 60,R$ 180
9431,"sábado, 25 de junho de 2022",1720,17,3,R$ 60,R$ 180
9458,"sábado, 25 de junho de 2022",3713,17,3,R$ 60,R$ 180
9489,"segunda-feira, 27 de junho de 2022",9402,17,3,R$ 60,R$ 180
9714,"terça-feira, 5 de julho de 2022",933,17,3,R$ 60,R$ 180
9886,"segunda-feira, 11 de julho de 2022",943,17,3,R$ 60,R$ 180
9954,"quarta-feira, 13 de julho de 2022",8952,17,3,R$ 60,R$ 180
10174,"quinta-feira, 21 de julho de 2022",6992,17,3,R$ 60,R$ 180
10184,"quinta-feira, 21 de julho de 2022",5806,17,3,R$ 60,R$ 180
10328,"quarta-feira, 27 de julho de 2022",4423,17,3,R$ 60,R$ 180
10532,"quinta-feira, 4 de agosto de 2022",10071,17,3,R$ 60,R$ 180
10676,"terça-feira, 9 de agosto de 2022",154,17,3,R$ 60,R$ 180
10719,"quinta-feira, 11 de agosto de 2022",4340,17,3,R$ 60,R$ 180
10923,"sexta-feira, 19 de agosto de 2022",7065,17,3,R$ 60,R$ 180
10960,"sábado, 20 de agosto de 2022",1551,17,3,R$ 60,R$ 180
10962,"sábado, 20 de agosto de 2022",7663,17,3,R$ 60,R$ 180
11248,"quarta-feira, 31 de agosto de 2022",4914,17,3,R$ 60,R$ 180
11372,"segunda-feira, 5 de setembro de 2022",4666,17,3,R$ 60,R$ 180
11466,"sexta-feira, 9 de setembro de 2022",1563,17,3,R$ 60,R$ 180
11486,"sexta-feira, 9 de setembro de 2022",7134,17,3,R$ 60,R$ 180
11498,"sábado, 10 de setembro de 2022",364,17,3,R$ 60,R$ 180
11755,"segunda-feira, 19 de setembro de 2022",3709,17,3,R$ 60,R$ 180
11832,"quinta-feira, 22 de setembro de 2022",7158,17,3,R$ 60,R$ 180
11867,"sexta-feira, 23 de setembro de 2022",3805,17,3,R$ 60,R$ 180
11930,"domingo, 25 de setembro de 2022",473,17,3,R$ 60,R$ 180
11986,"terça-feira, 27 de setembro de 2022",3288,17,3,R$ 60,R$ 180
12246,"sexta-feira, 7 de outubro de 2022",1497,17,3,R$ 60,R$ 180
12376,"quarta-feira, 12 de outubro de 2022",8039,17,3,R$ 60,R$ 180
12397,"quarta-feira, 12 de outubro de 2022",1495,17,3,R$ 60,R$ 180
12573,"quarta-feira, 19 de outubro de 2022",5690,17,3,R$ 60,R$ 180
12679,"sábado, 22 de outubro de 2022",8884,17,3,R$ 60,R$ 180
12909,"segunda-feira, 31 de outubro de 2022",10190,17,3,R$ 60,R$ 180
13080,"sábado, 5 de novembro de 2022",6689,17,3,R$ 60,R$ 180
13135,"segunda-feira, 7 de novembro de 2022",165,17,3,R$ 60,R$ 180
13268,"sábado, 12 de novembro de 2022",6714,17,3,R$ 60,R$ 180
13341,"segunda-feira, 14 de novembro de 2022",2237,17,3,R$ 60,R$ 180
13529,"terça-feira, 22 de novembro de 2022",5590,17,3,R$ 60,R$ 180
13561,"quarta-feira, 23 de novembro de 2022",5311,17,3,R$ 60,R$ 180
13640,"sábado, 26 de novembro de 2022",9374,17,3,R$ 60,R$ 180
13669,"segunda-feira, 28 de novembro de 2022",7598,17,3,R$ 60,R$ 180
13731,"quarta-feira, 30 de novembro de 2022",3828,17,3,R$ 60,R$ 180
13801,"sábado, 3 de dezembro de 2022",3242,17,3,R$ 60,R$ 180
13844,"quarta-feira, 7 de dezembro de 2022",6096,17,3,R$ 60,R$ 180
13875,"sexta-feira, 9 de dezembro de 2022",3601,17,3,R$ 60,R$ 180
213,"domingo, 24 de janeiro de 2021",5734,5,3,R$ 7,R$ 21
337,"quarta-feira, 3 de fevereiro de 2021",5647,5,3,R$ 7,R$ 21
457,"domingo, 14 de fevereiro de 2021",6319,5,3,R$ 7,R$ 21
502,"quarta-feira, 17 de fevereiro de 2021",4610,5,3,R$ 7,R$ 21
539,"sábado, 20 de fevereiro de 2021",1083,5,3,R$ 7,R$ 21
622,"domingo, 28 de fevereiro de 2021",7622,5,3,R$ 7,R$ 21
719,"sábado, 6 de março de 2021",6564,5,3,R$ 7,R$ 21
835,"sábado, 13 de março de 2021",7569,5,3,R$ 7,R$ 21
930,"sábado, 20 de março de 2021",4397,5,3,R$ 7,R$ 21
1164,"segunda-feira, 5 de abril de 2021",2422,5,3,R$ 7,R$ 21
1308,"quinta-feira, 15 de abril de 2021",962,5,3,R$ 7,R$ 21
1342,"sábado, 17 de abril de 2021",3000,5,3,R$ 7,R$ 21
1396,"terça-feira, 20 de abril de 2021",1144,5,3,R$ 7,R$ 21
1442,"sábado, 24 de abril de 2021",3328,5,3,R$ 7,R$ 21
1533,"sábado, 1 de maio de 2021",7702,5,3,R$ 7,R$ 21
1802,"sexta-feira, 21 de maio de 2021",7081,5,3,R$ 7,R$ 21
1861,"quarta-feira, 26 de maio de 2021",2304,5,3,R$ 7,R$ 21
2175,"segunda-feira, 21 de junho de 2021",7502,5,3,R$ 7,R$ 21
2316,"sábado, 3 de julho de 2021",976,5,3,R$ 7,R$ 21
2594,"segunda-feira, 26 de julho de 2021",7461,5,3,R$ 7,R$ 21
2703,"quarta-feira, 4 de agosto de 2021",4541,5,3,R$ 7,R$ 21
2810,"quinta-feira, 12 de agosto de 2021",1607,5,3,R$ 7,R$ 21
3041,"quarta-feira, 1 de setembro de 2021",422,5,3,R$ 7,R$ 21
3084,"sábado, 4 de setembro de 2021",7434,5,3,R$ 7,R$ 21
3137,"quinta-feira, 9 de setembro de 2021",4169,5,3,R$ 7,R$ 21
3384,"quinta-feira, 30 de setembro de 2021",1638,5,3,R$ 7,R$ 21
3642,"quarta-feira, 20 de outubro de 2021",9956,5,3,R$ 7,R$ 21
3683,"domingo, 24 de outubro de 2021",4078,5,3,R$ 7,R$ 21
3851,"sábado, 6 de novembro de 2021",3993,5,3,R$ 7,R$ 21
3919,"sexta-feira, 12 de novembro de 2021",4282,5,3,R$ 7,R$ 21
3921,"sexta-feira, 12 de novembro de 2021",5568,5,3,R$ 7,R$ 21
3933,"sábado, 13 de novembro de 2021",8290,5,3,R$ 7,R$ 21
4035,"sábado, 20 de novembro de 2021",10099,5,3,R$ 7,R$ 21
4064,"segunda-feira, 22 de novembro de 2021",1832,5,3,R$ 7,R$ 21
4081,"terça-feira, 23 de novembro de 2021",2208,5,3,R$ 7,R$ 21
4258,"domingo, 5 de dezembro de 2021",2554,5,3,R$ 7,R$ 21
4369,"domingo, 12 de dezembro de 2021",7181,5,3,R$ 7,R$ 21
4388,"segunda-feira, 13 de dezembro de 2021",1549,5,3,R$ 7,R$ 21
4537,"quarta-feira, 22 de dezembro de 2021",1913,5,3,R$ 7,R$ 21
4569,"sexta-feira, 24 de dezembro de 2021",2664,5,3,R$ 7,R$ 21
4631,"segunda-feira, 27 de dezembro de 2021",4487,5,3,R$ 7,R$ 21
4745,"sábado, 1 de janeiro de 2022",5512,5,3,R$ 7,R$ 21
4811,"terça-feira, 4 de janeiro de 2022",6047,5,3,R$ 7,R$ 21
4873,"quinta-feira, 6 de janeiro de 2022",4263,5,3,R$ 7,R$ 21
5075,"sábado, 15 de janeiro de 2022",9197,5,3,R$ 7,R$ 21
5085,"sábado, 15 de janeiro de 2022",160,5,3,R$ 7,R$ 21
5105,"domingo, 16 de janeiro de 2022",1745,5,3,R$ 7,R$ 21
5119,"segunda-feira, 17 de janeiro de 2022",319,5,3,R$ 7,R$ 21
5133,"segunda-feira, 17 de janeiro de 2022",9656,5,3,R$ 7,R$ 21
5364,"quarta-feira, 26 de janeiro de 2022",9450,5,3,R$ 7,R$ 21
5601,"sexta-feira, 4 de fevereiro de 2022",5859,5,3,R$ 7,R$ 21
5752,"quarta-feira, 9 de fevereiro de 2022",4953,5,3,R$ 7,R$ 21
5770,"quinta-feira, 10 de fevereiro de 2022",8394,5,3,R$ 7,R$ 21
5863,"domingo, 13 de fevereiro de 2022",4871,5,3,R$ 7,R$ 21
5965,"quinta-feira, 17 de fevereiro de 2022",8773,5,3,R$ 7,R$ 21
6009,"sexta-feira, 18 de fevereiro de 2022",4477,5,3,R$ 7,R$ 21
6092,"segunda-feira, 21 de fevereiro de 2022",8815,5,3,R$ 7,R$ 21
6150,"quarta-feira, 23 de fevereiro de 2022",5577,5,3,R$ 7,R$ 21
6389,"sexta-feira, 4 de março de 2022",906,5,3,R$ 7,R$ 21
6520,"quarta-feira, 9 de março de 2022",9309,5,3,R$ 7,R$ 21
6566,"quinta-feira, 10 de março de 2022",4231,5,3,R$ 7,R$ 21
6629,"domingo, 13 de março de 2022",8326,5,3,R$ 7,R$ 21
6687,"terça-feira, 15 de março de 2022",10001,5,3,R$ 7,R$ 21
6786,"sábado, 19 de março de 2022",3388,5,3,R$ 7,R$ 21
6920,"sexta-feira, 25 de março de 2022",7337,5,3,R$ 7,R$ 21
6970,"sábado, 26 de março de 2022",5341,5,3,R$ 7,R$ 21
6998,"domingo, 27 de março de 2022",3880,5,3,R$ 7,R$ 21
7175,"domingo, 3 de abril de 2022",2866,5,3,R$ 7,R$ 21
7218,"segunda-feira, 4 de abril de 2022",6957,5,3,R$ 7,R$ 21
7232,"terça-feira, 5 de abril de 2022",2769,5,3,R$ 7,R$ 21
7363,"domingo, 10 de abril de 2022",9285,5,3,R$ 7,R$ 21
7556,"segunda-feira, 18 de abril de 2022",6394,5,3,R$ 7,R$ 21
7603,"terça-feira, 19 de abril de 2022",2532,5,3,R$ 7,R$ 21
7613,"quarta-feira, 20 de abril de 2022",9026,5,3,R$ 7,R$ 21
7635,"quarta-feira, 20 de abril de 2022",9492,5,3,R$ 7,R$ 21
7656,"quinta-feira, 21 de abril de 2022",7633,5,3,R$ 7,R$ 21
7887,"sexta-feira, 29 de abril de 2022",8034,5,3,R$ 7,R$ 21
7889,"sexta-feira, 29 de abril de 2022",6075,5,3,R$ 7,R$ 21
8095,"sábado, 7 de maio de 2022",7238,5,3,R$ 7,R$ 21
8189,"terça-feira, 10 de maio de 2022",9607,5,3,R$ 7,R$ 21
8221,"quarta-feira, 11 de maio de 2022",2966,5,3,R$ 7,R$ 21
8262,"sexta-feira, 13 de maio de 2022",9754,5,3,R$ 7,R$ 21
8275,"sexta-feira, 13 de maio de 2022",5424,5,3,R$ 7,R$ 21
8577,"terça-feira, 24 de maio de 2022",3893,5,3,R$ 7,R$ 21
8623,"quinta-feira, 26 de maio de 2022",1101,5,3,R$ 7,R$ 21
8630,"quinta-feira, 26 de maio de 2022",8670,5,3,R$ 7,R$ 21
8653,"sexta-feira, 27 de maio de 2022",2143,5,3,R$ 7,R$ 21
8655,"sexta-feira, 27 de maio de 2022",2385,5,3,R$ 7,R$ 21
8822,"quinta-feira, 2 de junho de 2022",5125,5,3,R$ 7,R$ 21
8985,"quarta-feira, 8 de junho de 2022",880,5,3,R$ 7,R$ 21
8996,"quarta-feira, 8 de junho de 2022",5277,5,3,R$ 7,R$ 21
9001,"quarta-feira, 8 de junho de 2022",2447,5,3,R$ 7,R$ 21
9116,"segunda-feira, 13 de junho de 2022",4101,5,3,R$ 7,R$ 21
9248,"sábado, 18 de junho de 2022",5489,5,3,R$ 7,R$ 21
9291,"domingo, 19 de junho de 2022",4019,5,3,R$ 7,R$ 21
9412,"sexta-feira, 24 de junho de 2022",4609,5,3,R$ 7,R$ 21
9440,"sábado, 25 de junho de 2022",1843,5,3,R$ 7,R$ 21
9660,"domingo, 3 de julho de 2022",2878,5,3,R$ 7,R$ 21
9754,"quinta-feira, 7 de julho de 2022",4937,5,3,R$ 7,R$ 21
9836,"sábado, 9 de julho de 2022",9415,5,3,R$ 7,R$ 21
9938,"quarta-feira, 13 de julho de 2022",1929,5,3,R$ 7,R$ 21
9955,"quarta-feira, 13 de julho de 2022",7474,5,3,R$ 7,R$ 21
10033,"sábado, 16 de julho de 2022",2947,5,3,R$ 7,R$ 21
10289,"terça-feira, 26 de julho de 2022",1125,5,3,R$ 7,R$ 21
10341,"quarta-feira, 27 de julho de 2022",8578,5,3,R$ 7,R$ 21
10347,"quinta-feira, 28 de julho de 2022",1216,5,3,R$ 7,R$ 21
10496,"quarta-feira, 3 de agosto de 2022",878,5,3,R$ 7,R$ 21
10513,"quarta-feira, 3 de agosto de 2022",8176,5,3,R$ 7,R$ 21
10527,"quinta-feira, 4 de agosto de 2022",4953,5,3,R$ 7,R$ 21
10535,"quinta-feira, 4 de agosto de 2022",10060,5,3,R$ 7,R$ 21
10623,"segunda-feira, 8 de agosto de 2022",8,5,3,R$ 7,R$ 21
10669,"terça-feira, 9 de agosto de 2022",2511,5,3,R$ 7,R$ 21
10690,"quarta-feira, 10 de agosto de 2022",3317,5,3,R$ 7,R$ 21
10869,"terça-feira, 16 de agosto de 2022",6520,5,3,R$ 7,R$ 21
10970,"sábado, 20 de agosto de 2022",2480,5,3,R$ 7,R$ 21
10980,"domingo, 21 de agosto de 2022",228,5,3,R$ 7,R$ 21
11057,"quarta-feira, 24 de agosto de 2022",4956,5,3,R$ 7,R$ 21
11198,"segunda-feira, 29 de agosto de 2022",9029,5,3,R$ 7,R$ 21
11308,"sábado, 3 de setembro de 2022",9484,5,3,R$ 7,R$ 21
11344,"domingo, 4 de setembro de 2022",3760,5,3,R$ 7,R$ 21
11644,"quinta-feira, 15 de setembro de 2022",6914,5,3,R$ 7,R$ 21
11679,"sexta-feira, 16 de setembro de 2022",4853,5,3,R$ 7,R$ 21
11707,"domingo, 18 de setembro de 2022",6732,5,3,R$ 7,R$ 21
11716,"domingo, 18 de setembro de 2022",4722,5,3,R$ 7,R$ 21
11733,"domingo, 18 de setembro de 2022",6684,5,3,R$ 7,R$ 21
11784,"terça-feira, 20 de setembro de 2022",489,5,3,R$ 7,R$ 21
11822,"quinta-feira, 22 de setembro de 2022",1056,5,3,R$ 7,R$ 21
11857,"sexta-feira, 23 de setembro de 2022",6041,5,3,R$ 7,R$ 21
12104,"sábado, 1 de outubro de 2022",2139,5,3,R$ 7,R$ 21
12322,"segunda-feira, 10 de outubro de 2022",1431,5,3,R$ 7,R$ 21
12534,"segunda-feira, 17 de outubro de 2022",7618,5,3,R$ 7,R$ 21
12582,"quarta-feira, 19 de outubro de 2022",2571,5,3,R$ 7,R$ 21
12635,"sexta-feira, 21 de outubro de 2022",1173,5,3,R$ 7,R$ 21
12787,"quarta-feira, 26 de outubro de 2022",1481,5,3,R$ 7,R$ 21
12802,"quinta-feira, 27 de outubro de 2022",2086,5,3,R$ 7,R$ 21
12904,"domingo, 30 de outubro de 2022",8498,5,3,R$ 7,R$ 21
13058,"sexta-feira, 4 de novembro de 2022",8106,5,3,R$ 7,R$ 21
13168,"quarta-feira, 9 de novembro de 2022",6126,5,3,R$ 7,R$ 21
13201,"quinta-feira, 10 de novembro de 2022",5136,5,3,R$ 7,R$ 21
13210,"quinta-feira, 10 de novembro de 2022",7366,5,3,R$ 7,R$ 21
13231,"sexta-feira, 11 de novembro de 2022",9032,5,3,R$ 7,R$ 21
13251,"sexta-feira, 11 de novembro de 2022",5643,5,3,R$ 7,R$ 21
13547,"quarta-feira, 23 de novembro de 2022",240,5,3,R$ 7,R$ 21
13967,"sábado, 17 de dezembro de 2022",779,5,3,R$ 7,R$ 21
14022,"sábado, 24 de dezembro de 2022",5985,5,3,R$ 7,R$ 21
14049,"terça-feira, 27 de dezembro de 2022",5071,5,3,R$ 7,R$ 21
63,"quinta-feira, 7 de janeiro de 2021",8248,3,6,R$ 27,R$ 162
99,"quarta-feira, 13 de janeiro de 2021",6348,3,6,R$ 27,R$ 162
167,"terça-feira, 19 de janeiro de 2021",3132,12,6,R$ 46,R$ 276
427,"quinta-feira, 11 de fevereiro de 2021",8984,12,6,R$ 46,R$ 276
501,"quarta-feira, 17 de fevereiro de 2021",8717,3,6,R$ 27,R$ 162
766,"terça-feira, 9 de março de 2021",893,3,6,R$ 27,R$ 162
1020,"sexta-feira, 26 de março de 2021",8310,12,6,R$ 46,R$ 276
1132,"sábado, 3 de abril de 2021",1266,3,6,R$ 27,R$ 162
1179,"terça-feira, 6 de abril de 2021",7266,3,6,R$ 27,R$ 162
1213,"quinta-feira, 8 de abril de 2021",5548,12,6,R$ 46,R$ 276
1224,"sexta-feira, 9 de abril de 2021",10004,12,6,R$ 46,R$ 276
1246,"domingo, 11 de abril de 2021",5313,3,6,R$ 27,R$ 162
1375,"segunda-feira, 19 de abril de 2021",9825,12,6,R$ 46,R$ 276
1472,"segunda-feira, 26 de abril de 2021",7241,3,6,R$ 27,R$ 162
1696,"quarta-feira, 12 de maio de 2021",4279,3,6,R$ 27,R$ 162
2043,"quarta-feira, 9 de junho de 2021",7203,12,6,R$ 46,R$ 276
2137,"sábado, 19 de junho de 2021",2689,3,6,R$ 27,R$ 162
2434,"terça-feira, 13 de julho de 2021",4599,3,6,R$ 27,R$ 162
2643,"sexta-feira, 30 de julho de 2021",5724,3,6,R$ 27,R$ 162
2743,"sábado, 7 de agosto de 2021",4995,3,6,R$ 27,R$ 162
2916,"sábado, 21 de agosto de 2021",1192,3,6,R$ 27,R$ 162
3183,"domingo, 12 de setembro de 2021",8467,12,6,R$ 46,R$ 276
3200,"terça-feira, 14 de setembro de 2021",8323,12,6,R$ 46,R$ 276
3246,"sábado, 18 de setembro de 2021",1598,3,6,R$ 27,R$ 162
3307,"quinta-feira, 23 de setembro de 2021",7132,3,6,R$ 27,R$ 162
3334,"domingo, 26 de setembro de 2021",4342,12,6,R$ 46,R$ 276
3351,"terça-feira, 28 de setembro de 2021",2444,3,6,R$ 27,R$ 162
3359,"terça-feira, 28 de setembro de 2021",3253,3,6,R$ 27,R$ 162
3364,"terça-feira, 28 de setembro de 2021",779,3,6,R$ 27,R$ 162
3374,"quinta-feira, 30 de setembro de 2021",7951,12,6,R$ 46,R$ 276
3404,"sábado, 2 de outubro de 2021",6912,3,6,R$ 27,R$ 162
3445,"segunda-feira, 4 de outubro de 2021",235,3,6,R$ 27,R$ 162
3512,"sexta-feira, 8 de outubro de 2021",44,12,6,R$ 46,R$ 276
3513,"sexta-feira, 8 de outubro de 2021",7514,3,6,R$ 27,R$ 162
3544,"segunda-feira, 11 de outubro de 2021",2404,12,6,R$ 46,R$ 276
3695,"segunda-feira, 25 de outubro de 2021",6877,12,6,R$ 46,R$ 276
3864,"sábado, 6 de novembro de 2021",188,12,6,R$ 46,R$ 276
3962,"segunda-feira, 15 de novembro de 2021",1215,12,6,R$ 46,R$ 276
4032,"sexta-feira, 19 de novembro de 2021",6788,3,6,R$ 27,R$ 162
4044,"sábado, 20 de novembro de 2021",1499,3,6,R$ 27,R$ 162
4058,"domingo, 21 de novembro de 2021",3153,12,6,R$ 46,R$ 276
4169,"segunda-feira, 29 de novembro de 2021",7502,12,6,R$ 46,R$ 276
4274,"segunda-feira, 6 de dezembro de 2021",4958,3,6,R$ 27,R$ 162
4488,"domingo, 19 de dezembro de 2021",5001,3,6,R$ 27,R$ 162
4713,"sexta-feira, 31 de dezembro de 2021",2664,12,6,R$ 46,R$ 276
4767,"domingo, 2 de janeiro de 2022",2124,3,6,R$ 27,R$ 162
4797,"segunda-feira, 3 de janeiro de 2022",211,3,6,R$ 27,R$ 162
5340,"quarta-feira, 26 de janeiro de 2022",5766,3,6,R$ 27,R$ 162
5355,"quarta-feira, 26 de janeiro de 2022",9771,12,6,R$ 46,R$ 276
5791,"sexta-feira, 11 de fevereiro de 2022",7220,3,6,R$ 27,R$ 162
5991,"sexta-feira, 18 de fevereiro de 2022",2700,3,6,R$ 27,R$ 162
6015,"sábado, 19 de fevereiro de 2022",9687,3,6,R$ 27,R$ 162
6172,"quarta-feira, 23 de fevereiro de 2022",7633,3,6,R$ 27,R$ 162
6360,"quinta-feira, 3 de março de 2022",554,12,6,R$ 46,R$ 276
6483,"segunda-feira, 7 de março de 2022",2429,12,6,R$ 46,R$ 276
6546,"quarta-feira, 9 de março de 2022",1948,12,6,R$ 46,R$ 276
6818,"domingo, 20 de março de 2022",770,12,6,R$ 46,R$ 276
6979,"domingo, 27 de março de 2022",1022,3,6,R$ 27,R$ 162
7010,"segunda-feira, 28 de março de 2022",9782,12,6,R$ 46,R$ 276
7139,"sexta-feira, 1 de abril de 2022",7127,12,6,R$ 46,R$ 276
7297,"sexta-feira, 8 de abril de 2022",645,3,6,R$ 27,R$ 162
7354,"sábado, 9 de abril de 2022",5589,12,6,R$ 46,R$ 276
7629,"quarta-feira, 20 de abril de 2022",5681,12,6,R$ 46,R$ 276
7874,"sexta-feira, 29 de abril de 2022",2475,12,6,R$ 46,R$ 276
7993,"terça-feira, 3 de maio de 2022",8529,12,6,R$ 46,R$ 276
8042,"quinta-feira, 5 de maio de 2022",9522,12,6,R$ 46,R$ 276
8347,"segunda-feira, 16 de maio de 2022",5664,3,6,R$ 27,R$ 162
8503,"domingo, 22 de maio de 2022",2457,12,6,R$ 46,R$ 276
8525,"domingo, 22 de maio de 2022",9525,3,6,R$ 27,R$ 162
8528,"domingo, 22 de maio de 2022",9327,12,6,R$ 46,R$ 276
8530,"segunda-feira, 23 de maio de 2022",9525,3,6,R$ 27,R$ 162
8847,"sexta-feira, 3 de junho de 2022",7675,12,6,R$ 46,R$ 276
8902,"domingo, 5 de junho de 2022",5971,3,6,R$ 27,R$ 162
9083,"domingo, 12 de junho de 2022",8240,3,6,R$ 27,R$ 162
9156,"terça-feira, 14 de junho de 2022",5592,3,6,R$ 27,R$ 162
9214,"sexta-feira, 17 de junho de 2022",2311,3,6,R$ 27,R$ 162
9364,"quarta-feira, 22 de junho de 2022",10280,12,6,R$ 46,R$ 276
9390,"quinta-feira, 23 de junho de 2022",5342,3,6,R$ 27,R$ 162
9417,"sexta-feira, 24 de junho de 2022",2191,3,6,R$ 27,R$ 162
9603,"sexta-feira, 1 de julho de 2022",3501,12,6,R$ 46,R$ 276
9653,"domingo, 3 de julho de 2022",5102,12,6,R$ 46,R$ 276
9842,"domingo, 10 de julho de 2022",5981,3,6,R$ 27,R$ 162
9844,"domingo, 10 de julho de 2022",4026,3,6,R$ 27,R$ 162
9965,"quinta-feira, 14 de julho de 2022",4447,12,6,R$ 46,R$ 276
10143,"terça-feira, 19 de julho de 2022",4325,12,6,R$ 46,R$ 276
10315,"terça-feira, 26 de julho de 2022",2229,3,6,R$ 27,R$ 162
10435,"segunda-feira, 1 de agosto de 2022",158,12,6,R$ 46,R$ 276
10484,"terça-feira, 2 de agosto de 2022",227,12,6,R$ 46,R$ 276
10548,"sexta-feira, 5 de agosto de 2022",7812,12,6,R$ 46,R$ 276
10598,"domingo, 7 de agosto de 2022",4147,12,6,R$ 46,R$ 276
10627,"segunda-feira, 8 de agosto de 2022",3859,3,6,R$ 27,R$ 162
10638,"segunda-feira, 8 de agosto de 2022",8578,3,6,R$ 27,R$ 162
10748,"sexta-feira, 12 de agosto de 2022",5203,12,6,R$ 46,R$ 276
11091,"quinta-feira, 25 de agosto de 2022",1425,12,6,R$ 46,R$ 276
11224,"terça-feira, 30 de agosto de 2022",5476,12,6,R$ 46,R$ 276
11246,"quarta-feira, 31 de agosto de 2022",305,12,6,R$ 46,R$ 276
11429,"quarta-feira, 7 de setembro de 2022",1073,12,6,R$ 46,R$ 276
11639,"quinta-feira, 15 de setembro de 2022",7660,3,6,R$ 27,R$ 162
11728,"domingo, 18 de setembro de 2022",5129,12,6,R$ 46,R$ 276
11746,"segunda-feira, 19 de setembro de 2022",6496,12,6,R$ 46,R$ 276
11840,"quinta-feira, 22 de setembro de 2022",967,3,6,R$ 27,R$ 162
11860,"sexta-feira, 23 de setembro de 2022",4579,3,6,R$ 27,R$ 162
12043,"quinta-feira, 29 de setembro de 2022",5216,3,6,R$ 27,R$ 162
12180,"terça-feira, 4 de outubro de 2022",71,3,6,R$ 27,R$ 162
12287,"sábado, 8 de outubro de 2022",6635,12,6,R$ 46,R$ 276
12306,"domingo, 9 de outubro de 2022",8551,12,6,R$ 46,R$ 276
12365,"terça-feira, 11 de outubro de 2022",8571,12,6,R$ 46,R$ 276
12641,"sexta-feira, 21 de outubro de 2022",8040,3,6,R$ 27,R$ 162
12999,"quarta-feira, 2 de novembro de 2022",4234,3,6,R$ 27,R$ 162
13257,"sexta-feira, 11 de novembro de 2022",8375,12,6,R$ 46,R$ 276
13312,"domingo, 13 de novembro de 2022",4732,3,6,R$ 27,R$ 162
13534,"terça-feira, 22 de novembro de 2022",6299,3,6,R$ 27,R$ 162
13612,"sexta-feira, 25 de novembro de 2022",3239,12,6,R$ 46,R$ 276
13663,"domingo, 27 de novembro de 2022",6531,12,6,R$ 46,R$ 276
13993,"segunda-feira, 19 de dezembro de 2022",7887,3,6,R$ 27,R$ 162
189,"sexta-feira, 22 de janeiro de 2021",9129,2,6,R$ 24,R$ 144
263,"sexta-feira, 29 de janeiro de 2021",4021,2,6,R$ 24,R$ 144
310,"terça-feira, 2 de fevereiro de 2021",3503,2,6,R$ 24,R$ 144
374,"sábado, 6 de fevereiro de 2021",6616,2,6,R$ 24,R$ 144
464,"domingo, 14 de fevereiro de 2021",4351,2,6,R$ 24,R$ 144
487,"terça-feira, 16 de fevereiro de 2021",7881,2,6,R$ 24,R$ 144
671,"terça-feira, 2 de março de 2021",3750,2,6,R$ 24,R$ 144
771,"terça-feira, 9 de março de 2021",5539,2,6,R$ 24,R$ 144
926,"sexta-feira, 19 de março de 2021",1950,2,6,R$ 24,R$ 144
1525,"sexta-feira, 30 de abril de 2021",4342,2,6,R$ 24,R$ 144
1971,"quinta-feira, 3 de junho de 2021",1322,2,6,R$ 24,R$ 144
1987,"sexta-feira, 4 de junho de 2021",7972,2,6,R$ 24,R$ 144
2401,"domingo, 11 de julho de 2021",7849,2,6,R$ 24,R$ 144
2459,"quinta-feira, 15 de julho de 2021",5707,2,6,R$ 24,R$ 144
2621,"quarta-feira, 28 de julho de 2021",3719,2,6,R$ 24,R$ 144
3427,"domingo, 3 de outubro de 2021",4687,2,6,R$ 24,R$ 144
3464,"terça-feira, 5 de outubro de 2021",1133,2,6,R$ 24,R$ 144
3648,"quinta-feira, 21 de outubro de 2021",1587,2,6,R$ 24,R$ 144
3899,"quarta-feira, 10 de novembro de 2021",4078,2,6,R$ 24,R$ 144
3942,"domingo, 14 de novembro de 2021",1610,2,6,R$ 24,R$ 144
4075,"segunda-feira, 22 de novembro de 2021",10128,2,6,R$ 24,R$ 144
4735,"sábado, 1 de janeiro de 2022",1983,2,6,R$ 24,R$ 144
4912,"sábado, 8 de janeiro de 2022",8667,2,6,R$ 24,R$ 144
5089,"sábado, 15 de janeiro de 2022",4026,2,6,R$ 24,R$ 144
5273,"domingo, 23 de janeiro de 2022",3335,2,6,R$ 24,R$ 144
5376,"quinta-feira, 27 de janeiro de 2022",1169,2,6,R$ 24,R$ 144
5776,"quinta-feira, 10 de fevereiro de 2022",1805,2,6,R$ 24,R$ 144
5844,"domingo, 13 de fevereiro de 2022",4250,2,6,R$ 24,R$ 144
5988,"quinta-feira, 17 de fevereiro de 2022",924,2,6,R$ 24,R$ 144
5989,"sexta-feira, 18 de fevereiro de 2022",1279,2,6,R$ 24,R$ 144
6312,"terça-feira, 1 de março de 2022",5617,2,6,R$ 24,R$ 144
6409,"sexta-feira, 4 de março de 2022",6193,2,6,R$ 24,R$ 144
6911,"quinta-feira, 24 de março de 2022",487,2,6,R$ 24,R$ 144
7343,"sábado, 9 de abril de 2022",10009,2,6,R$ 24,R$ 144
7531,"domingo, 17 de abril de 2022",9350,2,6,R$ 24,R$ 144
7636,"quarta-feira, 20 de abril de 2022",8452,2,6,R$ 24,R$ 144
7819,"quarta-feira, 27 de abril de 2022",5803,2,6,R$ 24,R$ 144
8942,"segunda-feira, 6 de junho de 2022",7107,2,6,R$ 24,R$ 144
9363,"quarta-feira, 22 de junho de 2022",1408,2,6,R$ 24,R$ 144
9373,"quarta-feira, 22 de junho de 2022",8204,2,6,R$ 24,R$ 144
9695,"segunda-feira, 4 de julho de 2022",898,2,6,R$ 24,R$ 144
9883,"segunda-feira, 11 de julho de 2022",6652,2,6,R$ 24,R$ 144
9899,"segunda-feira, 11 de julho de 2022",4226,2,6,R$ 24,R$ 144
9964,"quinta-feira, 14 de julho de 2022",9443,2,6,R$ 24,R$ 144
10060,"domingo, 17 de julho de 2022",3503,2,6,R$ 24,R$ 144
10269,"segunda-feira, 25 de julho de 2022",4355,2,6,R$ 24,R$ 144
10680,"terça-feira, 9 de agosto de 2022",426,2,6,R$ 24,R$ 144
11031,"terça-feira, 23 de agosto de 2022",5101,2,6,R$ 24,R$ 144
11170,"domingo, 28 de agosto de 2022",4386,2,6,R$ 24,R$ 144
11196,"segunda-feira, 29 de agosto de 2022",843,2,6,R$ 24,R$ 144
11322,"sábado, 3 de setembro de 2022",8946,2,6,R$ 24,R$ 144
11339,"domingo, 4 de setembro de 2022",9634,2,6,R$ 24,R$ 144
11763,"terça-feira, 20 de setembro de 2022",1185,2,6,R$ 24,R$ 144
11888,"sexta-feira, 23 de setembro de 2022",10008,2,6,R$ 24,R$ 144
12162,"terça-feira, 4 de outubro de 2022",7976,2,6,R$ 24,R$ 144
12301,"domingo, 9 de outubro de 2022",1745,2,6,R$ 24,R$ 144
12405,"quinta-feira, 13 de outubro de 2022",4853,2,6,R$ 24,R$ 144
12559,"quarta-feira, 19 de outubro de 2022",2725,2,6,R$ 24,R$ 144
12745,"terça-feira, 25 de outubro de 2022",8279,2,6,R$ 24,R$ 144
12885,"domingo, 30 de outubro de 2022",2570,2,6,R$ 24,R$ 144
13156,"terça-feira, 8 de novembro de 2022",9398,2,6,R$ 24,R$ 144
13160,"terça-feira, 8 de novembro de 2022",1157,2,6,R$ 24,R$ 144
13470,"sábado, 19 de novembro de 2022",6961,2,6,R$ 24,R$ 144
13709,"terça-feira, 29 de novembro de 2022",1038,2,6,R$ 24,R$ 144
14034,"domingo, 25 de dezembro de 2022",4510,2,6,R$ 24,R$ 144
53,"segunda-feira, 4 de janeiro de 2021",5125,9,6,R$ 30,R$ 180
142,"domingo, 17 de janeiro de 2021",2775,9,6,R$ 30,R$ 180
258,"quinta-feira, 28 de janeiro de 2021",8758,9,6,R$ 30,R$ 180
366,"sexta-feira, 5 de fevereiro de 2021",2441,9,6,R$ 30,R$ 180
629,"domingo, 28 de fevereiro de 2021",9437,9,6,R$ 30,R$ 180
778,"quarta-feira, 10 de março de 2021",1154,9,6,R$ 30,R$ 180
871,"terça-feira, 16 de março de 2021",7241,9,6,R$ 30,R$ 180
945,"domingo, 21 de março de 2021",6051,9,6,R$ 30,R$ 180
1241,"sábado, 10 de abril de 2021",6307,9,6,R$ 30,R$ 180
1481,"terça-feira, 27 de abril de 2021",1332,9,6,R$ 30,R$ 180
1695,"quarta-feira, 12 de maio de 2021",391,9,6,R$ 30,R$ 180
2079,"segunda-feira, 14 de junho de 2021",3929,9,6,R$ 30,R$ 180
2269,"terça-feira, 29 de junho de 2021",7611,9,6,R$ 30,R$ 180
2284,"quarta-feira, 30 de junho de 2021",99,9,6,R$ 30,R$ 180
2647,"sexta-feira, 30 de julho de 2021",1168,9,6,R$ 30,R$ 180
2917,"sábado, 21 de agosto de 2021",4503,9,6,R$ 30,R$ 180
2995,"sexta-feira, 27 de agosto de 2021",7384,9,6,R$ 30,R$ 180
3149,"sexta-feira, 10 de setembro de 2021",2511,9,6,R$ 30,R$ 180
3526,"domingo, 10 de outubro de 2021",5616,9,6,R$ 30,R$ 180
4671,"quarta-feira, 29 de dezembro de 2021",1706,9,6,R$ 30,R$ 180
5066,"sábado, 15 de janeiro de 2022",10243,9,6,R$ 30,R$ 180
5175,"quarta-feira, 19 de janeiro de 2022",3932,9,6,R$ 30,R$ 180
5365,"quinta-feira, 27 de janeiro de 2022",2298,9,6,R$ 30,R$ 180
5773,"quinta-feira, 10 de fevereiro de 2022",4888,9,6,R$ 30,R$ 180
6148,"quarta-feira, 23 de fevereiro de 2022",2743,9,6,R$ 30,R$ 180
6394,"sexta-feira, 4 de março de 2022",6047,9,6,R$ 30,R$ 180
6678,"terça-feira, 15 de março de 2022",5944,9,6,R$ 30,R$ 180
6804,"sábado, 19 de março de 2022",4049,9,6,R$ 30,R$ 180
6836,"segunda-feira, 21 de março de 2022",9848,9,6,R$ 30,R$ 180
7166,"sábado, 2 de abril de 2022",4823,9,6,R$ 30,R$ 180
7279,"quinta-feira, 7 de abril de 2022",3245,9,6,R$ 30,R$ 180
8061,"sexta-feira, 6 de maio de 2022",4431,9,6,R$ 30,R$ 180
8186,"terça-feira, 10 de maio de 2022",8063,9,6,R$ 30,R$ 180
8410,"quarta-feira, 18 de maio de 2022",5971,9,6,R$ 30,R$ 180
8451,"sexta-feira, 20 de maio de 2022",5848,9,6,R$ 30,R$ 180
8599,"quarta-feira, 25 de maio de 2022",9790,9,6,R$ 30,R$ 180
8603,"quarta-feira, 25 de maio de 2022",272,9,6,R$ 30,R$ 180
8631,"quinta-feira, 26 de maio de 2022",3210,9,6,R$ 30,R$ 180
8859,"sexta-feira, 3 de junho de 2022",2998,9,6,R$ 30,R$ 180
9013,"quinta-feira, 9 de junho de 2022",9639,9,6,R$ 30,R$ 180
9021,"quinta-feira, 9 de junho de 2022",6597,9,6,R$ 30,R$ 180
9191,"quinta-feira, 16 de junho de 2022",4003,9,6,R$ 30,R$ 180
9222,"sexta-feira, 17 de junho de 2022",2790,9,6,R$ 30,R$ 180
9389,"quinta-feira, 23 de junho de 2022",5219,9,6,R$ 30,R$ 180
9407,"sexta-feira, 24 de junho de 2022",8355,9,6,R$ 30,R$ 180
9738,"quarta-feira, 6 de julho de 2022",3749,9,6,R$ 30,R$ 180
10083,"segunda-feira, 18 de julho de 2022",8887,9,6,R$ 30,R$ 180
10515,"quarta-feira, 3 de agosto de 2022",7745,9,6,R$ 30,R$ 180
10603,"domingo, 7 de agosto de 2022",2341,9,6,R$ 30,R$ 180
10779,"sábado, 13 de agosto de 2022",5252,9,6,R$ 30,R$ 180
10792,"sábado, 13 de agosto de 2022",9901,9,6,R$ 30,R$ 180
10798,"domingo, 14 de agosto de 2022",5174,9,6,R$ 30,R$ 180
11230,"quarta-feira, 31 de agosto de 2022",6311,9,6,R$ 30,R$ 180
11464,"sexta-feira, 9 de setembro de 2022",7954,9,6,R$ 30,R$ 180
11570,"segunda-feira, 12 de setembro de 2022",6812,9,6,R$ 30,R$ 180
11687,"sábado, 17 de setembro de 2022",1745,9,6,R$ 30,R$ 180
11968,"segunda-feira, 26 de setembro de 2022",7810,9,6,R$ 30,R$ 180
12177,"terça-feira, 4 de outubro de 2022",603,9,6,R$ 30,R$ 180
12464,"sábado, 15 de outubro de 2022",6168,9,6,R$ 30,R$ 180
12538,"terça-feira, 18 de outubro de 2022",6912,9,6,R$ 30,R$ 180
12882,"domingo, 30 de outubro de 2022",5348,9,6,R$ 30,R$ 180
13205,"quinta-feira, 10 de novembro de 2022",10209,9,6,R$ 30,R$ 180
13412,"quinta-feira, 17 de novembro de 2022",6123,9,6,R$ 30,R$ 180
13639,"sábado, 26 de novembro de 2022",4426,9,6,R$ 30,R$ 180
13833,"terça-feira, 6 de dezembro de 2022",6490,9,6,R$ 30,R$ 180
13891,"sábado, 10 de dezembro de 2022",4598,9,6,R$ 30,R$ 180
13978,"domingo, 18 de dezembro de 2022",7101,9,6,R$ 30,R$ 180
418,"quarta-feira, 10 de fevereiro de 2021",8901,17,6,R$ 60,R$ 360
484,"terça-feira, 16 de fevereiro de 2021",3373,17,6,R$ 60,R$ 360
669,"terça-feira, 2 de março de 2021",2422,17,6,R$ 60,R$ 360
797,"quinta-feira, 11 de março de 2021",9227,17,6,R$ 60,R$ 360
988,"quarta-feira, 24 de março de 2021",8108,17,6,R$ 60,R$ 360
1186,"terça-feira, 6 de abril de 2021",8448,17,6,R$ 60,R$ 360
1611,"quarta-feira, 5 de maio de 2021",8557,17,6,R$ 60,R$ 360
1968,"quinta-feira, 3 de junho de 2021",3693,17,6,R$ 60,R$ 360
2068,"sábado, 12 de junho de 2021",2053,17,6,R$ 60,R$ 360
2099,"quarta-feira, 16 de junho de 2021",5167,17,6,R$ 60,R$ 360
2556,"quinta-feira, 22 de julho de 2021",3945,17,6,R$ 60,R$ 360
2736,"sexta-feira, 6 de agosto de 2021",6014,17,6,R$ 60,R$ 360
2768,"segunda-feira, 9 de agosto de 2021",6553,17,6,R$ 60,R$ 360
2962,"terça-feira, 24 de agosto de 2021",5196,17,6,R$ 60,R$ 360
2978,"quinta-feira, 26 de agosto de 2021",1584,17,6,R$ 60,R$ 360
3150,"sexta-feira, 10 de setembro de 2021",8041,17,6,R$ 60,R$ 360
3421,"domingo, 3 de outubro de 2021",8161,17,6,R$ 60,R$ 360
3758,"sábado, 30 de outubro de 2021",2460,17,6,R$ 60,R$ 360
4014,"quinta-feira, 18 de novembro de 2021",9928,17,6,R$ 60,R$ 360
4192,"quarta-feira, 1 de dezembro de 2021",9386,17,6,R$ 60,R$ 360
4241,"sábado, 4 de dezembro de 2021",2368,17,6,R$ 60,R$ 360
4372,"domingo, 12 de dezembro de 2021",2183,17,6,R$ 60,R$ 360
4410,"quarta-feira, 15 de dezembro de 2021",6153,17,6,R$ 60,R$ 360
4564,"quinta-feira, 23 de dezembro de 2021",4099,17,6,R$ 60,R$ 360
4837,"quarta-feira, 5 de janeiro de 2022",272,17,6,R$ 60,R$ 360
5282,"domingo, 23 de janeiro de 2022",1345,17,6,R$ 60,R$ 360
5300,"segunda-feira, 24 de janeiro de 2022",7376,17,6,R$ 60,R$ 360
5392,"sexta-feira, 28 de janeiro de 2022",188,17,6,R$ 60,R$ 360
5655,"domingo, 6 de fevereiro de 2022",1590,17,6,R$ 60,R$ 360
5995,"sexta-feira, 18 de fevereiro de 2022",7216,17,6,R$ 60,R$ 360
6381,"quinta-feira, 3 de março de 2022",1444,17,6,R$ 60,R$ 360
6874,"quarta-feira, 23 de março de 2022",4029,17,6,R$ 60,R$ 360
6987,"domingo, 27 de março de 2022",9087,17,6,R$ 60,R$ 360
7030,"segunda-feira, 28 de março de 2022",1297,17,6,R$ 60,R$ 360
7225,"terça-feira, 5 de abril de 2022",2817,17,6,R$ 60,R$ 360
7529,"domingo, 17 de abril de 2022",272,17,6,R$ 60,R$ 360
7549,"domingo, 17 de abril de 2022",4528,17,6,R$ 60,R$ 360
7559,"segunda-feira, 18 de abril de 2022",5294,17,6,R$ 60,R$ 360
7878,"sexta-feira, 29 de abril de 2022",6685,17,6,R$ 60,R$ 360
8800,"quarta-feira, 1 de junho de 2022",6912,17,6,R$ 60,R$ 360
8893,"domingo, 5 de junho de 2022",8298,17,6,R$ 60,R$ 360
8916,"segunda-feira, 6 de junho de 2022",3194,17,6,R$ 60,R$ 360
9055,"sábado, 11 de junho de 2022",3567,17,6,R$ 60,R$ 360
9062,"sábado, 11 de junho de 2022",6652,17,6,R$ 60,R$ 360
9346,"terça-feira, 21 de junho de 2022",3186,17,6,R$ 60,R$ 360
9381,"quinta-feira, 23 de junho de 2022",3532,17,6,R$ 60,R$ 360
9384,"quinta-feira, 23 de junho de 2022",2175,17,6,R$ 60,R$ 360
9566,"quinta-feira, 30 de junho de 2022",8391,17,6,R$ 60,R$ 360
9568,"quinta-feira, 30 de junho de 2022",4321,17,6,R$ 60,R$ 360
9643,"sábado, 2 de julho de 2022",8872,17,6,R$ 60,R$ 360
10349,"quinta-feira, 28 de julho de 2022",2337,17,6,R$ 60,R$ 360
11033,"terça-feira, 23 de agosto de 2022",4780,17,6,R$ 60,R$ 360
11051,"quarta-feira, 24 de agosto de 2022",7370,17,6,R$ 60,R$ 360
11305,"sábado, 3 de setembro de 2022",1553,17,6,R$ 60,R$ 360
11422,"quarta-feira, 7 de setembro de 2022",1792,17,6,R$ 60,R$ 360
12086,"sábado, 1 de outubro de 2022",6169,17,6,R$ 60,R$ 360
12153,"segunda-feira, 3 de outubro de 2022",1578,17,6,R$ 60,R$ 360
12662,"sábado, 22 de outubro de 2022",6181,17,6,R$ 60,R$ 360
12704,"domingo, 23 de outubro de 2022",8044,17,6,R$ 60,R$ 360
12912,"segunda-feira, 31 de outubro de 2022",1977,17,6,R$ 60,R$ 360
13065,"sábado, 5 de novembro de 2022",1386,17,6,R$ 60,R$ 360
13324,"segunda-feira, 14 de novembro de 2022",4219,17,6,R$ 60,R$ 360
13445,"sexta-feira, 18 de novembro de 2022",9848,17,6,R$ 60,R$ 360
13481,"domingo, 20 de novembro de 2022",4881,17,6,R$ 60,R$ 360
13726,"quarta-feira, 30 de novembro de 2022",99,17,6,R$ 60,R$ 360
13895,"sábado, 10 de dezembro de 2022",498,17,6,R$ 60,R$ 360
13929,"terça-feira, 13 de dezembro de 2022",9644,17,6,R$ 60,R$ 360
82,"domingo, 10 de janeiro de 2021",7354,14,6,"R$ 2,5",R$ 15
174,"quarta-feira, 20 de janeiro de 2021",9810,14,6,"R$ 2,5",R$ 15
358,"sexta-feira, 5 de fevereiro de 2021",7556,14,6,"R$ 2,5",R$ 15
650,"segunda-feira, 1 de março de 2021",3470,14,6,"R$ 2,5",R$ 15
932,"sábado, 20 de março de 2021",3476,14,6,"R$ 2,5",R$ 15
1144,"sábado, 3 de abril de 2021",4618,14,6,"R$ 2,5",R$ 15
1160,"domingo, 4 de abril de 2021",6842,14,6,"R$ 2,5",R$ 15
1299,"quarta-feira, 14 de abril de 2021",1271,14,6,"R$ 2,5",R$ 15
1653,"domingo, 9 de maio de 2021",2378,14,6,"R$ 2,5",R$ 15
2211,"quinta-feira, 24 de junho de 2021",4125,14,6,"R$ 2,5",R$ 15
2440,"quarta-feira, 14 de julho de 2021",1813,14,6,"R$ 2,5",R$ 15
2491,"sábado, 17 de julho de 2021",2555,14,6,"R$ 2,5",R$ 15
2532,"quarta-feira, 21 de julho de 2021",6892,14,6,"R$ 2,5",R$ 15
2899,"sexta-feira, 20 de agosto de 2021",5724,14,6,"R$ 2,5",R$ 15
3139,"quinta-feira, 9 de setembro de 2021",5435,14,6,"R$ 2,5",R$ 15
3170,"sábado, 11 de setembro de 2021",6893,14,6,"R$ 2,5",R$ 15
3407,"sábado, 2 de outubro de 2021",6681,14,6,"R$ 2,5",R$ 15
3436,"domingo, 3 de outubro de 2021",6892,14,6,"R$ 2,5",R$ 15
3672,"sábado, 23 de outubro de 2021",5962,14,6,"R$ 2,5",R$ 15
4083,"terça-feira, 23 de novembro de 2021",7465,14,6,"R$ 2,5",R$ 15
4647,"terça-feira, 28 de dezembro de 2021",7355,14,6,"R$ 2,5",R$ 15
4689,"quinta-feira, 30 de dezembro de 2021",2927,14,6,"R$ 2,5",R$ 15
4772,"domingo, 2 de janeiro de 2022",10104,14,6,"R$ 2,5",R$ 15
4907,"sábado, 8 de janeiro de 2022",1067,14,6,"R$ 2,5",R$ 15
4914,"sábado, 8 de janeiro de 2022",7929,14,6,"R$ 2,5",R$ 15
5385,"quinta-feira, 27 de janeiro de 2022",6081,14,6,"R$ 2,5",R$ 15
5580,"quinta-feira, 3 de fevereiro de 2022",10260,14,6,"R$ 2,5",R$ 15
5586,"quinta-feira, 3 de fevereiro de 2022",1799,14,6,"R$ 2,5",R$ 15
5850,"domingo, 13 de fevereiro de 2022",1593,14,6,"R$ 2,5",R$ 15
5959,"quinta-feira, 17 de fevereiro de 2022",6977,14,6,"R$ 2,5",R$ 15
6126,"terça-feira, 22 de fevereiro de 2022",8228,14,6,"R$ 2,5",R$ 15
6285,"segunda-feira, 28 de fevereiro de 2022",8237,14,6,"R$ 2,5",R$ 15
6519,"quarta-feira, 9 de março de 2022",4174,14,6,"R$ 2,5",R$ 15
6972,"sábado, 26 de março de 2022",4026,14,6,"R$ 2,5",R$ 15
7027,"segunda-feira, 28 de março de 2022",8336,14,6,"R$ 2,5",R$ 15
7170,"domingo, 3 de abril de 2022",1499,14,6,"R$ 2,5",R$ 15
7441,"quarta-feira, 13 de abril de 2022",487,14,6,"R$ 2,5",R$ 15
7503,"sexta-feira, 15 de abril de 2022",8110,14,6,"R$ 2,5",R$ 15
7544,"domingo, 17 de abril de 2022",8670,14,6,"R$ 2,5",R$ 15
7706,"sábado, 23 de abril de 2022",1428,14,6,"R$ 2,5",R$ 15
8200,"terça-feira, 10 de maio de 2022",8457,14,6,"R$ 2,5",R$ 15
8445,"sexta-feira, 20 de maio de 2022",4104,14,6,"R$ 2,5",R$ 15
8546,"segunda-feira, 23 de maio de 2022",8191,14,6,"R$ 2,5",R$ 15
8677,"sábado, 28 de maio de 2022",7967,14,6,"R$ 2,5",R$ 15
8775,"terça-feira, 31 de maio de 2022",9525,14,6,"R$ 2,5",R$ 15
8984,"quarta-feira, 8 de junho de 2022",3747,14,6,"R$ 2,5",R$ 15
9077,"sábado, 11 de junho de 2022",2201,14,6,"R$ 2,5",R$ 15
9125,"segunda-feira, 13 de junho de 2022",8670,14,6,"R$ 2,5",R$ 15
9247,"sábado, 18 de junho de 2022",8061,14,6,"R$ 2,5",R$ 15
9629,"sábado, 2 de julho de 2022",554,14,6,"R$ 2,5",R$ 15
9756,"quinta-feira, 7 de julho de 2022",1234,14,6,"R$ 2,5",R$ 15
9776,"quinta-feira, 7 de julho de 2022",9953,14,6,"R$ 2,5",R$ 15
9805,"sexta-feira, 8 de julho de 2022",2998,14,6,"R$ 2,5",R$ 15
9869,"domingo, 10 de julho de 2022",5409,14,6,"R$ 2,5",R$ 15
10275,"segunda-feira, 25 de julho de 2022",6888,14,6,"R$ 2,5",R$ 15
10310,"terça-feira, 26 de julho de 2022",8003,14,6,"R$ 2,5",R$ 15
10571,"sábado, 6 de agosto de 2022",3226,14,6,"R$ 2,5",R$ 15
10648,"segunda-feira, 8 de agosto de 2022",3691,14,6,"R$ 2,5",R$ 15
10672,"terça-feira, 9 de agosto de 2022",5568,14,6,"R$ 2,5",R$ 15
11015,"segunda-feira, 22 de agosto de 2022",1550,14,6,"R$ 2,5",R$ 15
11487,"sexta-feira, 9 de setembro de 2022",9239,14,6,"R$ 2,5",R$ 15
11939,"domingo, 25 de setembro de 2022",9631,14,6,"R$ 2,5",R$ 15
12004,"terça-feira, 27 de setembro de 2022",3412,14,6,"R$ 2,5",R$ 15
12061,"quinta-feira, 29 de setembro de 2022",6008,14,6,"R$ 2,5",R$ 15
12182,"terça-feira, 4 de outubro de 2022",6712,14,6,"R$ 2,5",R$ 15
12614,"quinta-feira, 20 de outubro de 2022",670,14,6,"R$ 2,5",R$ 15
13167,"quarta-feira, 9 de novembro de 2022",5095,14,6,"R$ 2,5",R$ 15
13656,"domingo, 27 de novembro de 2022",9819,14,6,"R$ 2,5",R$ 15
13992,"segunda-feira, 19 de dezembro de 2022",4527,14,6,"R$ 2,5",R$ 15
14037,"domingo, 25 de dezembro de 2022",8843,14,6,"R$ 2,5",R$ 15
77,"sábado, 9 de janeiro de 2021",4925,5,6,R$ 7,R$ 42
86,"domingo, 10 de janeiro de 2021",3849,5,6,R$ 7,R$ 42
302,"segunda-feira, 1 de fevereiro de 2021",6233,5,6,R$ 7,R$ 42
400,"segunda-feira, 8 de fevereiro de 2021",8858,5,6,R$ 7,R$ 42
786,"quarta-feira, 10 de março de 2021",1253,5,6,R$ 7,R$ 42
792,"quinta-feira, 11 de março de 2021",5002,5,6,R$ 7,R$ 42
1049,"domingo, 28 de março de 2021",4534,5,6,R$ 7,R$ 42
1364,"domingo, 18 de abril de 2021",2878,5,6,R$ 7,R$ 42
1412,"quarta-feira, 21 de abril de 2021",757,5,6,R$ 7,R$ 42
1417,"quinta-feira, 22 de abril de 2021",1409,5,6,R$ 7,R$ 42
1680,"terça-feira, 11 de maio de 2021",1497,5,6,R$ 7,R$ 42
1947,"terça-feira, 1 de junho de 2021",1438,5,6,R$ 7,R$ 42
1975,"sexta-feira, 4 de junho de 2021",8172,5,6,R$ 7,R$ 42
2090,"terça-feira, 15 de junho de 2021",3015,5,6,R$ 7,R$ 42
2135,"sábado, 19 de junho de 2021",5610,5,6,R$ 7,R$ 42
2155,"domingo, 20 de junho de 2021",8070,5,6,R$ 7,R$ 42
2655,"sábado, 31 de julho de 2021",9787,5,6,R$ 7,R$ 42
2734,"sexta-feira, 6 de agosto de 2021",4413,5,6,R$ 7,R$ 42
2740,"sábado, 7 de agosto de 2021",3804,5,6,R$ 7,R$ 42
2870,"terça-feira, 17 de agosto de 2021",1899,5,6,R$ 7,R$ 42
3691,"segunda-feira, 25 de outubro de 2021",4041,5,6,R$ 7,R$ 42
3786,"segunda-feira, 1 de novembro de 2021",2390,5,6,R$ 7,R$ 42
3929,"sábado, 13 de novembro de 2021",8281,5,6,R$ 7,R$ 42
3952,"domingo, 14 de novembro de 2021",1633,5,6,R$ 7,R$ 42
4209,"quinta-feira, 2 de dezembro de 2021",2224,5,6,R$ 7,R$ 42
4294,"terça-feira, 7 de dezembro de 2021",1144,5,6,R$ 7,R$ 42
4507,"segunda-feira, 20 de dezembro de 2021",9187,5,6,R$ 7,R$ 42
5171,"quarta-feira, 19 de janeiro de 2022",9241,5,6,R$ 7,R$ 42
5229,"sexta-feira, 21 de janeiro de 2022",921,5,6,R$ 7,R$ 42
5241,"sexta-feira, 21 de janeiro de 2022",1419,5,6,R$ 7,R$ 42
5549,"quarta-feira, 2 de fevereiro de 2022",7242,5,6,R$ 7,R$ 42
5905,"terça-feira, 15 de fevereiro de 2022",9311,5,6,R$ 7,R$ 42
6077,"domingo, 20 de fevereiro de 2022",4676,5,6,R$ 7,R$ 42
6190,"quinta-feira, 24 de fevereiro de 2022",9086,5,6,R$ 7,R$ 42
6580,"sexta-feira, 11 de março de 2022",8777,5,6,R$ 7,R$ 42
7114,"quinta-feira, 31 de março de 2022",2378,5,6,R$ 7,R$ 42
7249,"quarta-feira, 6 de abril de 2022",6744,5,6,R$ 7,R$ 42
7444,"quarta-feira, 13 de abril de 2022",2467,5,6,R$ 7,R$ 42
7639,"quarta-feira, 20 de abril de 2022",4972,5,6,R$ 7,R$ 42
7792,"terça-feira, 26 de abril de 2022",875,5,6,R$ 7,R$ 42
7868,"sexta-feira, 29 de abril de 2022",1259,5,6,R$ 7,R$ 42
8072,"sexta-feira, 6 de maio de 2022",9076,5,6,R$ 7,R$ 42
8109,"sábado, 7 de maio de 2022",2998,5,6,R$ 7,R$ 42
8157,"domingo, 8 de maio de 2022",869,5,6,R$ 7,R$ 42
8407,"quarta-feira, 18 de maio de 2022",3870,5,6,R$ 7,R$ 42
8473,"sexta-feira, 20 de maio de 2022",5007,5,6,R$ 7,R$ 42
8756,"segunda-feira, 30 de maio de 2022",8966,5,6,R$ 7,R$ 42
9160,"terça-feira, 14 de junho de 2022",9143,5,6,R$ 7,R$ 42
9367,"quarta-feira, 22 de junho de 2022",8111,5,6,R$ 7,R$ 42
9466,"domingo, 26 de junho de 2022",1425,5,6,R$ 7,R$ 42
9532,"terça-feira, 28 de junho de 2022",8921,5,6,R$ 7,R$ 42
9821,"sábado, 9 de julho de 2022",1125,5,6,R$ 7,R$ 42
9867,"domingo, 10 de julho de 2022",4026,5,6,R$ 7,R$ 42
10099,"segunda-feira, 18 de julho de 2022",7471,5,6,R$ 7,R$ 42
10465,"terça-feira, 2 de agosto de 2022",6821,5,6,R$ 7,R$ 42
10545,"quinta-feira, 4 de agosto de 2022",10002,5,6,R$ 7,R$ 42
10689,"quarta-feira, 10 de agosto de 2022",1972,5,6,R$ 7,R$ 42
11223,"terça-feira, 30 de agosto de 2022",5129,5,6,R$ 7,R$ 42
11491,"sábado, 10 de setembro de 2022",3448,5,6,R$ 7,R$ 42
12005,"terça-feira, 27 de setembro de 2022",4409,5,6,R$ 7,R$ 42
12197,"quarta-feira, 5 de outubro de 2022",2341,5,6,R$ 7,R$ 42
12308,"domingo, 9 de outubro de 2022",1758,5,6,R$ 7,R$ 42
12580,"quarta-feira, 19 de outubro de 2022",5657,5,6,R$ 7,R$ 42
12761,"terça-feira, 25 de outubro de 2022",6635,5,6,R$ 7,R$ 42
13369,"terça-feira, 15 de novembro de 2022",6931,5,6,R$ 7,R$ 42
13508,"segunda-feira, 21 de novembro de 2022",7134,5,6,R$ 7,R$ 42
13662,"domingo, 27 de novembro de 2022",9585,5,6,R$ 7,R$ 42
13714,"terça-feira, 29 de novembro de 2022",4032,5,6,R$ 7,R$ 42
13870,"sexta-feira, 9 de dezembro de 2022",9425,5,6,R$ 7,R$ 42
780,"quarta-feira, 10 de março de 2021",7733,13,6,R$ 50,R$ 300
781,"quarta-feira, 10 de março de 2021",5814,13,6,R$ 50,R$ 300
920,"sexta-feira, 19 de março de 2021",1730,13,6,R$ 50,R$ 300
1007,"sexta-feira, 26 de março de 2021",4868,13,6,R$ 50,R$ 300
1129,"sexta-feira, 2 de abril de 2021",7822,13,6,R$ 50,R$ 300
1331,"sexta-feira, 16 de abril de 2021",1780,13,6,R$ 50,R$ 300
1600,"quarta-feira, 5 de maio de 2021",7413,13,6,R$ 50,R$ 300
1608,"quarta-feira, 5 de maio de 2021",1692,13,6,R$ 50,R$ 300
1837,"segunda-feira, 24 de maio de 2021",769,13,6,R$ 50,R$ 300
2025,"terça-feira, 8 de junho de 2021",8414,13,6,R$ 50,R$ 300
2195,"terça-feira, 22 de junho de 2021",8769,13,6,R$ 50,R$ 300
2288,"quarta-feira, 30 de junho de 2021",5973,13,6,R$ 50,R$ 300
2948,"segunda-feira, 23 de agosto de 2021",3086,13,6,R$ 50,R$ 300
3176,"sábado, 11 de setembro de 2021",7236,13,6,R$ 50,R$ 300
3190,"segunda-feira, 13 de setembro de 2021",5438,13,6,R$ 50,R$ 300
3557,"terça-feira, 12 de outubro de 2021",464,13,6,R$ 50,R$ 300
3650,"quinta-feira, 21 de outubro de 2021",8619,13,6,R$ 50,R$ 300
3668,"sábado, 23 de outubro de 2021",49,13,6,R$ 50,R$ 300
4840,"quarta-feira, 5 de janeiro de 2022",8615,13,6,R$ 50,R$ 300
5214,"quinta-feira, 20 de janeiro de 2022",6804,13,6,R$ 50,R$ 300
5346,"quarta-feira, 26 de janeiro de 2022",4592,13,6,R$ 50,R$ 300
5638,"sábado, 5 de fevereiro de 2022",286,13,6,R$ 50,R$ 300
5683,"segunda-feira, 7 de fevereiro de 2022",10049,13,6,R$ 50,R$ 300
5724,"terça-feira, 8 de fevereiro de 2022",1533,13,6,R$ 50,R$ 300
5748,"quarta-feira, 9 de fevereiro de 2022",8602,13,6,R$ 50,R$ 300
5749,"quarta-feira, 9 de fevereiro de 2022",10249,13,6,R$ 50,R$ 300
5823,"sábado, 12 de fevereiro de 2022",5464,13,6,R$ 50,R$ 300
5824,"sábado, 12 de fevereiro de 2022",10131,13,6,R$ 50,R$ 300
6120,"terça-feira, 22 de fevereiro de 2022",3655,13,6,R$ 50,R$ 300
6314,"terça-feira, 1 de março de 2022",5700,13,6,R$ 50,R$ 300
6375,"quinta-feira, 3 de março de 2022",7852,13,6,R$ 50,R$ 300
6455,"domingo, 6 de março de 2022",8846,13,6,R$ 50,R$ 300
6482,"segunda-feira, 7 de março de 2022",7721,13,6,R$ 50,R$ 300
6556,"quinta-feira, 10 de março de 2022",7862,13,6,R$ 50,R$ 300
6834,"segunda-feira, 21 de março de 2022",5872,13,6,R$ 50,R$ 300
6996,"domingo, 27 de março de 2022",1787,13,6,R$ 50,R$ 300
7167,"sábado, 2 de abril de 2022",7812,13,6,R$ 50,R$ 300
7213,"segunda-feira, 4 de abril de 2022",5985,13,6,R$ 50,R$ 300
7281,"quinta-feira, 7 de abril de 2022",7782,13,6,R$ 50,R$ 300
7393,"segunda-feira, 11 de abril de 2022",4571,13,6,R$ 50,R$ 300
7414,"terça-feira, 12 de abril de 2022",7331,13,6,R$ 50,R$ 300
7478,"quinta-feira, 14 de abril de 2022",6787,13,6,R$ 50,R$ 300
7762,"segunda-feira, 25 de abril de 2022",3168,13,6,R$ 50,R$ 300
7957,"segunda-feira, 2 de maio de 2022",7051,13,6,R$ 50,R$ 300
8079,"sexta-feira, 6 de maio de 2022",2530,13,6,R$ 50,R$ 300
8914,"domingo, 5 de junho de 2022",2614,13,6,R$ 50,R$ 300
9047,"sexta-feira, 10 de junho de 2022",4386,13,6,R$ 50,R$ 300
9095,"domingo, 12 de junho de 2022",1328,13,6,R$ 50,R$ 300
9176,"quarta-feira, 15 de junho de 2022",7201,13,6,R$ 50,R$ 300
9801,"sexta-feira, 8 de julho de 2022",8551,13,6,R$ 50,R$ 300
9977,"quinta-feira, 14 de julho de 2022",3245,13,6,R$ 50,R$ 300
10066,"domingo, 17 de julho de 2022",5746,13,6,R$ 50,R$ 300
10102,"segunda-feira, 18 de julho de 2022",4026,13,6,R$ 50,R$ 300
10272,"segunda-feira, 25 de julho de 2022",5498,13,6,R$ 50,R$ 300
10967,"sábado, 20 de agosto de 2022",2211,13,6,R$ 50,R$ 300
11479,"sexta-feira, 9 de setembro de 2022",9256,13,6,R$ 50,R$ 300
11605,"quarta-feira, 14 de setembro de 2022",4771,13,6,R$ 50,R$ 300
11907,"sábado, 24 de setembro de 2022",9715,13,6,R$ 50,R$ 300
12148,"segunda-feira, 3 de outubro de 2022",4003,13,6,R$ 50,R$ 300
12196,"quarta-feira, 5 de outubro de 2022",1745,13,6,R$ 50,R$ 300
12223,"quinta-feira, 6 de outubro de 2022",1787,13,6,R$ 50,R$ 300
12316,"domingo, 9 de outubro de 2022",5592,13,6,R$ 50,R$ 300
12499,"domingo, 16 de outubro de 2022",8179,13,6,R$ 50,R$ 300
12509,"domingo, 16 de outubro de 2022",8388,13,6,R$ 50,R$ 300
13431,"sexta-feira, 18 de novembro de 2022",3495,13,6,R$ 50,R$ 300
13462,"sábado, 19 de novembro de 2022",3495,13,6,R$ 50,R$ 300
13541,"terça-feira, 22 de novembro de 2022",769,13,6,R$ 50,R$ 300
13600,"sexta-feira, 25 de novembro de 2022",3985,13,6,R$ 50,R$ 300
13738,"quarta-feira, 30 de novembro de 2022",6113,13,6,R$ 50,R$ 300
13971,"sábado, 17 de dezembro de 2022",1443,13,6,R$ 50,R$ 300
270,"sábado, 30 de janeiro de 2021",4070,18,6,R$ 45,R$ 270
528,"sexta-feira, 19 de fevereiro de 2021",2996,18,6,R$ 45,R$ 270
541,"domingo, 21 de fevereiro de 2021",3373,18,6,R$ 45,R$ 270
563,"terça-feira, 23 de fevereiro de 2021",7234,18,6,R$ 45,R$ 270
641,"domingo, 28 de fevereiro de 2021",5339,18,6,R$ 45,R$ 270
999,"quinta-feira, 25 de março de 2021",6713,18,6,R$ 45,R$ 270
1047,"domingo, 28 de março de 2021",7750,18,6,R$ 45,R$ 270
1105,"quarta-feira, 31 de março de 2021",1334,18,6,R$ 45,R$ 270
1425,"quinta-feira, 22 de abril de 2021",5501,18,6,R$ 45,R$ 270
1577,"terça-feira, 4 de maio de 2021",4877,18,6,R$ 45,R$ 270
2022,"segunda-feira, 7 de junho de 2021",6077,18,6,R$ 45,R$ 270
2210,"quinta-feira, 24 de junho de 2021",7051,18,6,R$ 45,R$ 270
2343,"segunda-feira, 5 de julho de 2021",9099,18,6,R$ 45,R$ 270
2373,"quinta-feira, 8 de julho de 2021",545,18,6,R$ 45,R$ 270
2617,"quarta-feira, 28 de julho de 2021",3682,18,6,R$ 45,R$ 270
2737,"sexta-feira, 6 de agosto de 2021",754,18,6,R$ 45,R$ 270
2794,"quarta-feira, 11 de agosto de 2021",2067,18,6,R$ 45,R$ 270
2805,"quinta-feira, 12 de agosto de 2021",1490,18,6,R$ 45,R$ 270
3016,"domingo, 29 de agosto de 2021",8041,18,6,R$ 45,R$ 270
3275,"domingo, 19 de setembro de 2021",3965,18,6,R$ 45,R$ 270
3278,"segunda-feira, 20 de setembro de 2021",1598,18,6,R$ 45,R$ 270
3373,"quarta-feira, 29 de setembro de 2021",7897,18,6,R$ 45,R$ 270
3495,"quinta-feira, 7 de outubro de 2021",4063,18,6,R$ 45,R$ 270
3706,"terça-feira, 26 de outubro de 2021",2245,18,6,R$ 45,R$ 270
4340,"sexta-feira, 10 de dezembro de 2021",4566,18,6,R$ 45,R$ 270
4805,"terça-feira, 4 de janeiro de 2022",3567,18,6,R$ 45,R$ 270
5311,"segunda-feira, 24 de janeiro de 2022",7180,18,6,R$ 45,R$ 270
5600,"sexta-feira, 4 de fevereiro de 2022",6603,18,6,R$ 45,R$ 270
5626,"sábado, 5 de fevereiro de 2022",1289,18,6,R$ 45,R$ 270
5914,"terça-feira, 15 de fevereiro de 2022",6372,18,6,R$ 45,R$ 270
6044,"domingo, 20 de fevereiro de 2022",8534,18,6,R$ 45,R$ 270
6046,"domingo, 20 de fevereiro de 2022",9941,18,6,R$ 45,R$ 270
6162,"quarta-feira, 23 de fevereiro de 2022",6527,18,6,R$ 45,R$ 270
6430,"sábado, 5 de março de 2022",3487,18,6,R$ 45,R$ 270
6506,"terça-feira, 8 de março de 2022",4330,18,6,R$ 45,R$ 270
6650,"segunda-feira, 14 de março de 2022",405,18,6,R$ 45,R$ 270
6682,"terça-feira, 15 de março de 2022",9634,18,6,R$ 45,R$ 270
6768,"sexta-feira, 18 de março de 2022",3250,18,6,R$ 45,R$ 270
6923,"sexta-feira, 25 de março de 2022",697,18,6,R$ 45,R$ 270
6994,"domingo, 27 de março de 2022",6524,18,6,R$ 45,R$ 270
7309,"sexta-feira, 8 de abril de 2022",7788,18,6,R$ 45,R$ 270
7951,"segunda-feira, 2 de maio de 2022",2368,18,6,R$ 45,R$ 270
8083,"sexta-feira, 6 de maio de 2022",5944,18,6,R$ 45,R$ 270
8244,"quinta-feira, 12 de maio de 2022",10106,18,6,R$ 45,R$ 270
8344,"segunda-feira, 16 de maio de 2022",8897,18,6,R$ 45,R$ 270
8359,"segunda-feira, 16 de maio de 2022",3748,18,6,R$ 45,R$ 270
8561,"segunda-feira, 23 de maio de 2022",5466,18,6,R$ 45,R$ 270
8750,"segunda-feira, 30 de maio de 2022",2244,18,6,R$ 45,R$ 270
8969,"terça-feira, 7 de junho de 2022",7601,18,6,R$ 45,R$ 270
9183,"quarta-feira, 15 de junho de 2022",3528,18,6,R$ 45,R$ 270
9882,"segunda-feira, 11 de julho de 2022",9443,18,6,R$ 45,R$ 270
10019,"sexta-feira, 15 de julho de 2022",7514,18,6,R$ 45,R$ 270
10040,"sábado, 16 de julho de 2022",971,18,6,R$ 45,R$ 270
10298,"terça-feira, 26 de julho de 2022",2362,18,6,R$ 45,R$ 270
10613,"domingo, 7 de agosto de 2022",8890,18,6,R$ 45,R$ 270
10761,"sexta-feira, 12 de agosto de 2022",8697,18,6,R$ 45,R$ 270
10823,"domingo, 14 de agosto de 2022",9417,18,6,R$ 45,R$ 270
11102,"sexta-feira, 26 de agosto de 2022",4226,18,6,R$ 45,R$ 270
11280,"quinta-feira, 1 de setembro de 2022",9461,18,6,R$ 45,R$ 270
11481,"sexta-feira, 9 de setembro de 2022",4287,18,6,R$ 45,R$ 270
11682,"sexta-feira, 16 de setembro de 2022",7810,18,6,R$ 45,R$ 270
11869,"sexta-feira, 23 de setembro de 2022",1147,18,6,R$ 45,R$ 270
11967,"segunda-feira, 26 de setembro de 2022",7051,18,6,R$ 45,R$ 270
12229,"quinta-feira, 6 de outubro de 2022",9954,18,6,R$ 45,R$ 270
12474,"sábado, 15 de outubro de 2022",8571,18,6,R$ 45,R$ 270
12757,"terça-feira, 25 de outubro de 2022",6307,18,6,R$ 45,R$ 270
12817,"quinta-feira, 27 de outubro de 2022",5172,18,6,R$ 45,R$ 270
13429,"sexta-feira, 18 de novembro de 2022",8952,18,6,R$ 45,R$ 270
13476,"domingo, 20 de novembro de 2022",8239,18,6,R$ 45,R$ 270
13960,"quinta-feira, 15 de dezembro de 2022",7149,18,6,R$ 45,R$ 270
100,"quarta-feira, 13 de janeiro de 2021",7622,10,6,R$ 70,R$ 420
590,"quinta-feira, 25 de fevereiro de 2021",8107,10,6,R$ 70,R$ 420
892,"quinta-feira, 18 de março de 2021",430,10,6,R$ 70,R$ 420
1229,"sexta-feira, 9 de abril de 2021",5347,10,6,R$ 70,R$ 420
1326,"sexta-feira, 16 de abril de 2021",1214,10,6,R$ 70,R$ 420
1970,"quinta-feira, 3 de junho de 2021",3680,10,6,R$ 70,R$ 420
2051,"sexta-feira, 11 de junho de 2021",6204,10,6,R$ 70,R$ 420
2063,"sábado, 12 de junho de 2021",1957,10,6,R$ 70,R$ 420
2067,"sábado, 12 de junho de 2021",6047,10,6,R$ 70,R$ 420
2124,"sexta-feira, 18 de junho de 2021",7154,10,6,R$ 70,R$ 420
3318,"sábado, 25 de setembro de 2021",1256,10,6,R$ 70,R$ 420
3346,"segunda-feira, 27 de setembro de 2021",1491,10,6,R$ 70,R$ 420
3765,"sábado, 30 de outubro de 2021",4525,10,6,R$ 70,R$ 420
3890,"segunda-feira, 8 de novembro de 2021",9256,10,6,R$ 70,R$ 420
4010,"quinta-feira, 18 de novembro de 2021",4085,10,6,R$ 70,R$ 420
4076,"terça-feira, 23 de novembro de 2021",192,10,6,R$ 70,R$ 420
4830,"quarta-feira, 5 de janeiro de 2022",5605,10,6,R$ 70,R$ 420
4915,"sábado, 8 de janeiro de 2022",2114,10,6,R$ 70,R$ 420
5020,"quinta-feira, 13 de janeiro de 2022",6111,10,6,R$ 70,R$ 420
5559,"quarta-feira, 2 de fevereiro de 2022",8713,10,6,R$ 70,R$ 420
5603,"sexta-feira, 4 de fevereiro de 2022",2814,10,6,R$ 70,R$ 420
6143,"quarta-feira, 23 de fevereiro de 2022",1606,10,6,R$ 70,R$ 420
6184,"quinta-feira, 24 de fevereiro de 2022",6822,10,6,R$ 70,R$ 420
6261,"domingo, 27 de fevereiro de 2022",430,10,6,R$ 70,R$ 420
6281,"domingo, 27 de fevereiro de 2022",8865,10,6,R$ 70,R$ 420
6372,"quinta-feira, 3 de março de 2022",8279,10,6,R$ 70,R$ 420
6448,"domingo, 6 de março de 2022",6999,10,6,R$ 70,R$ 420
6504,"terça-feira, 8 de março de 2022",1259,10,6,R$ 70,R$ 420
6677,"terça-feira, 15 de março de 2022",950,10,6,R$ 70,R$ 420
6968,"sábado, 26 de março de 2022",3826,10,6,R$ 70,R$ 420
7052,"terça-feira, 29 de março de 2022",4925,10,6,R$ 70,R$ 420
7126,"sexta-feira, 1 de abril de 2022",8068,10,6,R$ 70,R$ 420
7431,"terça-feira, 12 de abril de 2022",9224,10,6,R$ 70,R$ 420
8237,"quinta-feira, 12 de maio de 2022",4956,10,6,R$ 70,R$ 420
8242,"quinta-feira, 12 de maio de 2022",7304,10,6,R$ 70,R$ 420
8270,"sexta-feira, 13 de maio de 2022",5020,10,6,R$ 70,R$ 420
8498,"sábado, 21 de maio de 2022",4498,10,6,R$ 70,R$ 420
8538,"segunda-feira, 23 de maio de 2022",10137,10,6,R$ 70,R$ 420
8745,"segunda-feira, 30 de maio de 2022",2647,10,6,R$ 70,R$ 420
8852,"sexta-feira, 3 de junho de 2022",1005,10,6,R$ 70,R$ 420
9044,"sexta-feira, 10 de junho de 2022",2918,10,6,R$ 70,R$ 420
9134,"terça-feira, 14 de junho de 2022",8462,10,6,R$ 70,R$ 420
9154,"terça-feira, 14 de junho de 2022",7268,10,6,R$ 70,R$ 420
9516,"terça-feira, 28 de junho de 2022",6708,10,6,R$ 70,R$ 420
9681,"segunda-feira, 4 de julho de 2022",591,10,6,R$ 70,R$ 420
9795,"sexta-feira, 8 de julho de 2022",1253,10,6,R$ 70,R$ 420
10012,"sexta-feira, 15 de julho de 2022",3021,10,6,R$ 70,R$ 420
10018,"sexta-feira, 15 de julho de 2022",767,10,6,R$ 70,R$ 420
10502,"quarta-feira, 3 de agosto de 2022",8279,10,6,R$ 70,R$ 420
10742,"sexta-feira, 12 de agosto de 2022",3602,10,6,R$ 70,R$ 420
10768,"sábado, 13 de agosto de 2022",2050,10,6,R$ 70,R$ 420
10986,"domingo, 21 de agosto de 2022",9074,10,6,R$ 70,R$ 420
10999,"segunda-feira, 22 de agosto de 2022",5790,10,6,R$ 70,R$ 420
11195,"segunda-feira, 29 de agosto de 2022",5114,10,6,R$ 70,R$ 420
12008,"quarta-feira, 28 de setembro de 2022",7836,10,6,R$ 70,R$ 420
12022,"quarta-feira, 28 de setembro de 2022",9610,10,6,R$ 70,R$ 420
12113,"sábado, 1 de outubro de 2022",6307,10,6,R$ 70,R$ 420
12155,"segunda-feira, 3 de outubro de 2022",6960,10,6,R$ 70,R$ 420
12425,"quinta-feira, 13 de outubro de 2022",5419,10,6,R$ 70,R$ 420
12684,"domingo, 23 de outubro de 2022",5962,10,6,R$ 70,R$ 420
12907,"domingo, 30 de outubro de 2022",2218,10,6,R$ 70,R$ 420
12988,"quarta-feira, 2 de novembro de 2022",3909,10,6,R$ 70,R$ 420
13003,"quarta-feira, 2 de novembro de 2022",1185,10,6,R$ 70,R$ 420
13112,"domingo, 6 de novembro de 2022",1116,10,6,R$ 70,R$ 420
13228,"sexta-feira, 11 de novembro de 2022",4853,10,6,R$ 70,R$ 420
13242,"sexta-feira, 11 de novembro de 2022",1425,10,6,R$ 70,R$ 420
13405,"quinta-feira, 17 de novembro de 2022",6328,10,6,R$ 70,R$ 420
13467,"sábado, 19 de novembro de 2022",3932,10,6,R$ 70,R$ 420
13686,"terça-feira, 29 de novembro de 2022",5700,10,6,R$ 70,R$ 420
13836,"terça-feira, 6 de dezembro de 2022",1442,10,6,R$ 70,R$ 420
198,"sábado, 23 de janeiro de 2021",363,19,6,R$ 40,R$ 240
266,"sexta-feira, 29 de janeiro de 2021",5831,19,6,R$ 40,R$ 240
876,"quarta-feira, 17 de março de 2021",2846,19,6,R$ 40,R$ 240
1103,"quarta-feira, 31 de março de 2021",2588,19,6,R$ 40,R$ 240
1131,"sábado, 3 de abril de 2021",8068,19,6,R$ 40,R$ 240
1515,"quinta-feira, 29 de abril de 2021",448,19,6,R$ 40,R$ 240
1794,"quinta-feira, 20 de maio de 2021",5158,19,6,R$ 40,R$ 240
1898,"sábado, 29 de maio de 2021",7862,19,6,R$ 40,R$ 240
1907,"sábado, 29 de maio de 2021",10147,19,6,R$ 40,R$ 240
2108,"quarta-feira, 16 de junho de 2021",5813,19,6,R$ 40,R$ 240
2340,"segunda-feira, 5 de julho de 2021",8070,19,6,R$ 40,R$ 240
2368,"quinta-feira, 8 de julho de 2021",4727,19,6,R$ 40,R$ 240
2628,"quinta-feira, 29 de julho de 2021",6836,19,6,R$ 40,R$ 240
3227,"quinta-feira, 16 de setembro de 2021",6609,19,6,R$ 40,R$ 240
3664,"sábado, 23 de outubro de 2021",2594,19,6,R$ 40,R$ 240
3713,"quarta-feira, 27 de outubro de 2021",8892,19,6,R$ 40,R$ 240
3946,"domingo, 14 de novembro de 2021",7003,19,6,R$ 40,R$ 240
3947,"domingo, 14 de novembro de 2021",1130,19,6,R$ 40,R$ 240
4090,"terça-feira, 23 de novembro de 2021",587,19,6,R$ 40,R$ 240
4256,"sábado, 4 de dezembro de 2021",10214,19,6,R$ 40,R$ 240
4619,"domingo, 26 de dezembro de 2021",9327,19,6,R$ 40,R$ 240
4661,"quarta-feira, 29 de dezembro de 2021",1594,19,6,R$ 40,R$ 240
4971,"terça-feira, 11 de janeiro de 2022",3593,19,6,R$ 40,R$ 240
5555,"quarta-feira, 2 de fevereiro de 2022",6263,19,6,R$ 40,R$ 240
6031,"sábado, 19 de fevereiro de 2022",8404,19,6,R$ 40,R$ 240
6139,"quarta-feira, 23 de fevereiro de 2022",8364,19,6,R$ 40,R$ 240
6210,"sexta-feira, 25 de fevereiro de 2022",8291,19,6,R$ 40,R$ 240
6808,"sábado, 19 de março de 2022",6652,19,6,R$ 40,R$ 240
6967,"sábado, 26 de março de 2022",8355,19,6,R$ 40,R$ 240
7264,"quarta-feira, 6 de abril de 2022",4044,19,6,R$ 40,R$ 240
7298,"sexta-feira, 8 de abril de 2022",7958,19,6,R$ 40,R$ 240
7367,"domingo, 10 de abril de 2022",6462,19,6,R$ 40,R$ 240
7410,"segunda-feira, 11 de abril de 2022",9928,19,6,R$ 40,R$ 240
7432,"terça-feira, 12 de abril de 2022",9115,19,6,R$ 40,R$ 240
7876,"sexta-feira, 29 de abril de 2022",7702,19,6,R$ 40,R$ 240
8111,"sábado, 7 de maio de 2022",5767,19,6,R$ 40,R$ 240
8214,"quarta-feira, 11 de maio de 2022",4174,19,6,R$ 40,R$ 240
8229,"quarta-feira, 11 de maio de 2022",4386,19,6,R$ 40,R$ 240
8318,"domingo, 15 de maio de 2022",3553,19,6,R$ 40,R$ 240
8711,"domingo, 29 de maio de 2022",5642,19,6,R$ 40,R$ 240
8964,"terça-feira, 7 de junho de 2022",9443,19,6,R$ 40,R$ 240
9016,"quinta-feira, 9 de junho de 2022",4932,19,6,R$ 40,R$ 240
9343,"terça-feira, 21 de junho de 2022",6528,19,6,R$ 40,R$ 240
9515,"terça-feira, 28 de junho de 2022",8169,19,6,R$ 40,R$ 240
9650,"domingo, 3 de julho de 2022",5099,19,6,R$ 40,R$ 240
9794,"sexta-feira, 8 de julho de 2022",2094,19,6,R$ 40,R$ 240
10017,"sexta-feira, 15 de julho de 2022",6750,19,6,R$ 40,R$ 240
10021,"sábado, 16 de julho de 2022",1265,19,6,R$ 40,R$ 240
10202,"sexta-feira, 22 de julho de 2022",3753,19,6,R$ 40,R$ 240
10326,"quarta-feira, 27 de julho de 2022",2687,19,6,R$ 40,R$ 240
10488,"terça-feira, 2 de agosto de 2022",7888,19,6,R$ 40,R$ 240
10707,"quinta-feira, 11 de agosto de 2022",8287,19,6,R$ 40,R$ 240
11054,"quarta-feira, 24 de agosto de 2022",2063,19,6,R$ 40,R$ 240
11074,"quinta-feira, 25 de agosto de 2022",3495,19,6,R$ 40,R$ 240
11165,"domingo, 28 de agosto de 2022",1874,19,6,R$ 40,R$ 240
11323,"sábado, 3 de setembro de 2022",6582,19,6,R$ 40,R$ 240
11655,"quinta-feira, 15 de setembro de 2022",5208,19,6,R$ 40,R$ 240
11737,"segunda-feira, 19 de setembro de 2022",4174,19,6,R$ 40,R$ 240
11848,"quinta-feira, 22 de setembro de 2022",7261,19,6,R$ 40,R$ 240
11955,"segunda-feira, 26 de setembro de 2022",8279,19,6,R$ 40,R$ 240
12069,"sexta-feira, 30 de setembro de 2022",2479,19,6,R$ 40,R$ 240
12233,"quinta-feira, 6 de outubro de 2022",323,19,6,R$ 40,R$ 240
12247,"sexta-feira, 7 de outubro de 2022",2244,19,6,R$ 40,R$ 240
12627,"sexta-feira, 21 de outubro de 2022",8870,19,6,R$ 40,R$ 240
12643,"sexta-feira, 21 de outubro de 2022",1720,19,6,R$ 40,R$ 240
12860,"sábado, 29 de outubro de 2022",597,19,6,R$ 40,R$ 240
12894,"domingo, 30 de outubro de 2022",4586,19,6,R$ 40,R$ 240
13258,"sexta-feira, 11 de novembro de 2022",9189,19,6,R$ 40,R$ 240
13670,"segunda-feira, 28 de novembro de 2022",7920,19,6,R$ 40,R$ 240
13859,"quinta-feira, 8 de dezembro de 2022",7152,19,6,R$ 40,R$ 240
14011,"quinta-feira, 22 de dezembro de 2022",6600,19,6,R$ 40,R$ 240
14021,"sábado, 24 de dezembro de 2022",2467,19,6,R$ 40,R$ 240
334,"quarta-feira, 3 de fevereiro de 2021",6359,11,6,R$ 42,R$ 252
356,"sexta-feira, 5 de fevereiro de 2021",8551,11,6,R$ 42,R$ 252
438,"sexta-feira, 12 de fevereiro de 2021",260,11,6,R$ 42,R$ 252
612,"sábado, 27 de fevereiro de 2021",8301,11,6,R$ 42,R$ 252
953,"segunda-feira, 22 de março de 2021",8304,11,6,R$ 42,R$ 252
1052,"domingo, 28 de março de 2021",5339,11,6,R$ 42,R$ 252
1147,"sábado, 3 de abril de 2021",1427,11,6,R$ 42,R$ 252
1208,"quinta-feira, 8 de abril de 2021",5196,11,6,R$ 42,R$ 252
1511,"quinta-feira, 29 de abril de 2021",5196,11,6,R$ 42,R$ 252
1568,"segunda-feira, 3 de maio de 2021",4692,11,6,R$ 42,R$ 252
1917,"domingo, 30 de maio de 2021",6113,11,6,R$ 42,R$ 252
2359,"quarta-feira, 7 de julho de 2021",771,11,6,R$ 42,R$ 252
2456,"quinta-feira, 15 de julho de 2021",4490,11,6,R$ 42,R$ 252
3087,"sábado, 4 de setembro de 2021",917,11,6,R$ 42,R$ 252
3096,"domingo, 5 de setembro de 2021",5944,11,6,R$ 42,R$ 252
3239,"sexta-feira, 17 de setembro de 2021",870,11,6,R$ 42,R$ 252
3260,"domingo, 19 de setembro de 2021",4846,11,6,R$ 42,R$ 252
3678,"domingo, 24 de outubro de 2021",771,11,6,R$ 42,R$ 252
3727,"quinta-feira, 28 de outubro de 2021",10032,11,6,R$ 42,R$ 252
3931,"sábado, 13 de novembro de 2021",1610,11,6,R$ 42,R$ 252
4224,"sexta-feira, 3 de dezembro de 2021",3681,11,6,R$ 42,R$ 252
4237,"sexta-feira, 3 de dezembro de 2021",1178,11,6,R$ 42,R$ 252
4429,"quinta-feira, 16 de dezembro de 2021",5295,11,6,R$ 42,R$ 252
4435,"quinta-feira, 16 de dezembro de 2021",9397,11,6,R$ 42,R$ 252
4514,"terça-feira, 21 de dezembro de 2021",229,11,6,R$ 42,R$ 252
4640,"segunda-feira, 27 de dezembro de 2021",6563,11,6,R$ 42,R$ 252
4668,"quarta-feira, 29 de dezembro de 2021",4099,11,6,R$ 42,R$ 252
4783,"segunda-feira, 3 de janeiro de 2022",8173,11,6,R$ 42,R$ 252
5287,"segunda-feira, 24 de janeiro de 2022",5909,11,6,R$ 42,R$ 252
5656,"domingo, 6 de fevereiro de 2022",1593,11,6,R$ 42,R$ 252
5708,"terça-feira, 8 de fevereiro de 2022",5767,11,6,R$ 42,R$ 252
5896,"segunda-feira, 14 de fevereiro de 2022",6534,11,6,R$ 42,R$ 252
6209,"sexta-feira, 25 de fevereiro de 2022",2814,11,6,R$ 42,R$ 252
6245,"sábado, 26 de fevereiro de 2022",7862,11,6,R$ 42,R$ 252
6306,"segunda-feira, 28 de fevereiro de 2022",911,11,6,R$ 42,R$ 252
6674,"terça-feira, 15 de março de 2022",6652,11,6,R$ 42,R$ 252
6807,"sábado, 19 de março de 2022",1396,11,6,R$ 42,R$ 252
7798,"terça-feira, 26 de abril de 2022",1253,11,6,R$ 42,R$ 252
7891,"sexta-feira, 29 de abril de 2022",8544,11,6,R$ 42,R$ 252
8975,"quarta-feira, 8 de junho de 2022",8670,11,6,R$ 42,R$ 252
9092,"domingo, 12 de junho de 2022",5432,11,6,R$ 42,R$ 252
9340,"terça-feira, 21 de junho de 2022",491,11,6,R$ 42,R$ 252
9395,"quinta-feira, 23 de junho de 2022",670,11,6,R$ 42,R$ 252
9415,"sexta-feira, 24 de junho de 2022",1587,11,6,R$ 42,R$ 252
9594,"sexta-feira, 1 de julho de 2022",3033,11,6,R$ 42,R$ 252
9855,"domingo, 10 de julho de 2022",3979,11,6,R$ 42,R$ 252
9868,"domingo, 10 de julho de 2022",7782,11,6,R$ 42,R$ 252
9914,"terça-feira, 12 de julho de 2022",10240,11,6,R$ 42,R$ 252
10115,"terça-feira, 19 de julho de 2022",7379,11,6,R$ 42,R$ 252
10927,"sexta-feira, 19 de agosto de 2022",568,11,6,R$ 42,R$ 252
11070,"quarta-feira, 24 de agosto de 2022",3878,11,6,R$ 42,R$ 252
11192,"segunda-feira, 29 de agosto de 2022",8824,11,6,R$ 42,R$ 252
11227,"quarta-feira, 31 de agosto de 2022",5631,11,6,R$ 42,R$ 252
11229,"quarta-feira, 31 de agosto de 2022",4373,11,6,R$ 42,R$ 252
11353,"domingo, 4 de setembro de 2022",9979,11,6,R$ 42,R$ 252
11730,"domingo, 18 de setembro de 2022",1235,11,6,R$ 42,R$ 252
11769,"terça-feira, 20 de setembro de 2022",2144,11,6,R$ 42,R$ 252
11806,"quarta-feira, 21 de setembro de 2022",7602,11,6,R$ 42,R$ 252
11947,"segunda-feira, 26 de setembro de 2022",4284,11,6,R$ 42,R$ 252
12346,"segunda-feira, 10 de outubro de 2022",6689,11,6,R$ 42,R$ 252
12385,"quarta-feira, 12 de outubro de 2022",5174,11,6,R$ 42,R$ 252
12571,"quarta-feira, 19 de outubro de 2022",2294,11,6,R$ 42,R$ 252
12747,"terça-feira, 25 de outubro de 2022",7793,11,6,R$ 42,R$ 252
12959,"terça-feira, 1 de novembro de 2022",5134,11,6,R$ 42,R$ 252
13116,"segunda-feira, 7 de novembro de 2022",3864,11,6,R$ 42,R$ 252
13489,"domingo, 20 de novembro de 2022",7505,11,6,R$ 42,R$ 252
13509,"segunda-feira, 21 de novembro de 2022",3762,11,6,R$ 42,R$ 252
13512,"segunda-feira, 21 de novembro de 2022",8438,11,6,R$ 42,R$ 252
13617,"sábado, 26 de novembro de 2022",6245,11,6,R$ 42,R$ 252
13626,"sábado, 26 de novembro de 2022",1071,11,6,R$ 42,R$ 252
13811,"domingo, 4 de dezembro de 2022",4026,11,6,R$ 42,R$ 252
13896,"sábado, 10 de dezembro de 2022",581,11,6,R$ 42,R$ 252
8,"sábado, 26 de dezembro de 2020",354,16,6,R$ 25,R$ 150
42,"sábado, 2 de janeiro de 2021",8746,16,6,R$ 25,R$ 150
640,"domingo, 28 de fevereiro de 2021",3049,16,6,R$ 25,R$ 150
1360,"domingo, 18 de abril de 2021",7856,16,6,R$ 25,R$ 150
1367,"segunda-feira, 19 de abril de 2021",2787,16,6,R$ 25,R$ 150
1838,"segunda-feira, 24 de maio de 2021",7780,16,6,R$ 25,R$ 150
1972,"quinta-feira, 3 de junho de 2021",3350,16,6,R$ 25,R$ 150
2072,"domingo, 13 de junho de 2021",5826,16,6,R$ 25,R$ 150
2516,"segunda-feira, 19 de julho de 2021",2951,16,6,R$ 25,R$ 150
2766,"segunda-feira, 9 de agosto de 2021",6248,16,6,R$ 25,R$ 150
2856,"segunda-feira, 16 de agosto de 2021",4767,16,6,R$ 25,R$ 150
2871,"terça-feira, 17 de agosto de 2021",910,16,6,R$ 25,R$ 150
3143,"quinta-feira, 9 de setembro de 2021",7556,16,6,R$ 25,R$ 150
3341,"segunda-feira, 27 de setembro de 2021",1132,16,6,R$ 25,R$ 150
3345,"segunda-feira, 27 de setembro de 2021",4029,16,6,R$ 25,R$ 150
3708,"terça-feira, 26 de outubro de 2021",9386,16,6,R$ 25,R$ 150
3965,"segunda-feira, 15 de novembro de 2021",8551,16,6,R$ 25,R$ 150
4624,"segunda-feira, 27 de dezembro de 2021",2086,16,6,R$ 25,R$ 150
5150,"terça-feira, 18 de janeiro de 2022",1444,16,6,R$ 25,R$ 150
5532,"quarta-feira, 2 de fevereiro de 2022",298,16,6,R$ 25,R$ 150
5742,"quarta-feira, 9 de fevereiro de 2022",8405,16,6,R$ 25,R$ 150
5771,"quinta-feira, 10 de fevereiro de 2022",2634,16,6,R$ 25,R$ 150
5815,"sábado, 12 de fevereiro de 2022",5008,16,6,R$ 25,R$ 150
6327,"terça-feira, 1 de março de 2022",5410,16,6,R$ 25,R$ 150
6471,"segunda-feira, 7 de março de 2022",6260,16,6,R$ 25,R$ 150
6662,"segunda-feira, 14 de março de 2022",9143,16,6,R$ 25,R$ 150
6988,"domingo, 27 de março de 2022",6387,16,6,R$ 25,R$ 150
6993,"domingo, 27 de março de 2022",4571,16,6,R$ 25,R$ 150
7070,"quarta-feira, 30 de março de 2022",4693,16,6,R$ 25,R$ 150
7102,"quinta-feira, 31 de março de 2022",8769,16,6,R$ 25,R$ 150
7159,"sábado, 2 de abril de 2022",181,16,6,R$ 25,R$ 150
7188,"domingo, 3 de abril de 2022",6348,16,6,R$ 25,R$ 150
7342,"sábado, 9 de abril de 2022",4049,16,6,R$ 25,R$ 150
7490,"sexta-feira, 15 de abril de 2022",4391,16,6,R$ 25,R$ 150
7506,"sábado, 16 de abril de 2022",733,16,6,R$ 25,R$ 150
7840,"quarta-feira, 27 de abril de 2022",45,16,6,R$ 25,R$ 150
7939,"domingo, 1 de maio de 2022",9797,16,6,R$ 25,R$ 150
7975,"segunda-feira, 2 de maio de 2022",8169,16,6,R$ 25,R$ 150
8151,"domingo, 8 de maio de 2022",45,16,6,R$ 25,R$ 150
8632,"quinta-feira, 26 de maio de 2022",9440,16,6,R$ 25,R$ 150
8643,"quinta-feira, 26 de maio de 2022",896,16,6,R$ 25,R$ 150
8821,"quinta-feira, 2 de junho de 2022",7731,16,6,R$ 25,R$ 150
8841,"sexta-feira, 3 de junho de 2022",1124,16,6,R$ 25,R$ 150
9464,"domingo, 26 de junho de 2022",1612,16,6,R$ 25,R$ 150
9792,"sexta-feira, 8 de julho de 2022",8184,16,6,R$ 25,R$ 150
9841,"domingo, 10 de julho de 2022",8989,16,6,R$ 25,R$ 150
9925,"terça-feira, 12 de julho de 2022",9598,16,6,R$ 25,R$ 150
10061,"domingo, 17 de julho de 2022",6652,16,6,R$ 25,R$ 150
10322,"quarta-feira, 27 de julho de 2022",5786,16,6,R$ 25,R$ 150
10470,"terça-feira, 2 de agosto de 2022",3196,16,6,R$ 25,R$ 150
10644,"segunda-feira, 8 de agosto de 2022",7917,16,6,R$ 25,R$ 150
10673,"terça-feira, 9 de agosto de 2022",732,16,6,R$ 25,R$ 150
10936,"sexta-feira, 19 de agosto de 2022",8964,16,6,R$ 25,R$ 150
10957,"sábado, 20 de agosto de 2022",1430,16,6,R$ 25,R$ 150
11123,"sexta-feira, 26 de agosto de 2022",6042,16,6,R$ 25,R$ 150
11327,"sábado, 3 de setembro de 2022",952,16,6,R$ 25,R$ 150
11349,"domingo, 4 de setembro de 2022",2422,16,6,R$ 25,R$ 150
11611,"quarta-feira, 14 de setembro de 2022",2663,16,6,R$ 25,R$ 150
11641,"quinta-feira, 15 de setembro de 2022",8434,16,6,R$ 25,R$ 150
11791,"quarta-feira, 21 de setembro de 2022",8452,16,6,R$ 25,R$ 150
12048,"quinta-feira, 29 de setembro de 2022",1788,16,6,R$ 25,R$ 150
12232,"quinta-feira, 6 de outubro de 2022",9822,16,6,R$ 25,R$ 150
12453,"sexta-feira, 14 de outubro de 2022",7376,16,6,R$ 25,R$ 150
12640,"sexta-feira, 21 de outubro de 2022",4408,16,6,R$ 25,R$ 150
12750,"terça-feira, 25 de outubro de 2022",2086,16,6,R$ 25,R$ 150
12939,"terça-feira, 1 de novembro de 2022",4486,16,6,R$ 25,R$ 150
12982,"quarta-feira, 2 de novembro de 2022",1823,16,6,R$ 25,R$ 150
13130,"segunda-feira, 7 de novembro de 2022",5318,16,6,R$ 25,R$ 150
13147,"terça-feira, 8 de novembro de 2022",834,16,6,R$ 25,R$ 150
13182,"quarta-feira, 9 de novembro de 2022",5624,16,6,R$ 25,R$ 150
13797,"sábado, 3 de dezembro de 2022",4877,16,6,R$ 25,R$ 150
13880,"sexta-feira, 9 de dezembro de 2022",2175,16,6,R$ 25,R$ 150
13909,"domingo, 11 de dezembro de 2022",8701,16,6,R$ 25,R$ 150
14017,"sexta-feira, 23 de dezembro de 2022",2708,16,6,R$ 25,R$ 150
89,"segunda-feira, 11 de janeiro de 2021",1429,8,6,R$ 45,R$ 270
244,"quarta-feira, 27 de janeiro de 2021",7368,8,6,R$ 45,R$ 270
368,"sábado, 6 de fevereiro de 2021",4431,8,6,R$ 45,R$ 270
434,"sexta-feira, 12 de fevereiro de 2021",7781,8,6,R$ 45,R$ 270
691,"quinta-feira, 4 de março de 2021",7370,8,6,R$ 45,R$ 270
698,"quinta-feira, 4 de março de 2021",7589,8,6,R$ 45,R$ 270
846,"domingo, 14 de março de 2021",8125,8,6,R$ 45,R$ 270
1043,"domingo, 28 de março de 2021",4056,8,6,R$ 45,R$ 270
1096,"quarta-feira, 31 de março de 2021",4342,8,6,R$ 45,R$ 270
1371,"segunda-feira, 19 de abril de 2021",502,8,6,R$ 45,R$ 270
1555,"domingo, 2 de maio de 2021",4116,8,6,R$ 45,R$ 270
1833,"domingo, 23 de maio de 2021",4165,8,6,R$ 45,R$ 270
1960,"quarta-feira, 2 de junho de 2021",2211,8,6,R$ 45,R$ 270
2258,"segunda-feira, 28 de junho de 2021",9837,8,6,R$ 45,R$ 270
2283,"terça-feira, 29 de junho de 2021",3763,8,6,R$ 45,R$ 270
2486,"sábado, 17 de julho de 2021",2981,8,6,R$ 45,R$ 270
2561,"sexta-feira, 23 de julho de 2021",3434,8,6,R$ 45,R$ 270
3066,"sexta-feira, 3 de setembro de 2021",9604,8,6,R$ 45,R$ 270
3478,"quarta-feira, 6 de outubro de 2021",4029,8,6,R$ 45,R$ 270
3698,"segunda-feira, 25 de outubro de 2021",4191,8,6,R$ 45,R$ 270
3832,"quinta-feira, 4 de novembro de 2021",3233,8,6,R$ 45,R$ 270
3920,"sexta-feira, 12 de novembro de 2021",2211,8,6,R$ 45,R$ 270
4021,"quinta-feira, 18 de novembro de 2021",2869,8,6,R$ 45,R$ 270
4290,"terça-feira, 7 de dezembro de 2021",5013,8,6,R$ 45,R$ 270
4441,"quinta-feira, 16 de dezembro de 2021",6313,8,6,R$ 45,R$ 270
4677,"quinta-feira, 30 de dezembro de 2021",2588,8,6,R$ 45,R$ 270
4691,"quinta-feira, 30 de dezembro de 2021",9238,8,6,R$ 45,R$ 270
4900,"sábado, 8 de janeiro de 2022",8930,8,6,R$ 45,R$ 270
4949,"segunda-feira, 10 de janeiro de 2022",8202,8,6,R$ 45,R$ 270
5047,"sexta-feira, 14 de janeiro de 2022",3753,8,6,R$ 45,R$ 270
5189,"quinta-feira, 20 de janeiro de 2022",4731,8,6,R$ 45,R$ 270
5199,"quinta-feira, 20 de janeiro de 2022",9667,8,6,R$ 45,R$ 270
5453,"domingo, 30 de janeiro de 2022",3334,8,6,R$ 45,R$ 270
5596,"sexta-feira, 4 de fevereiro de 2022",5851,8,6,R$ 45,R$ 270
5684,"segunda-feira, 7 de fevereiro de 2022",5435,8,6,R$ 45,R$ 270
5856,"domingo, 13 de fevereiro de 2022",7855,8,6,R$ 45,R$ 270
6071,"domingo, 20 de fevereiro de 2022",10240,8,6,R$ 45,R$ 270
6134,"quarta-feira, 23 de fevereiro de 2022",4571,8,6,R$ 45,R$ 270
6449,"domingo, 6 de março de 2022",1491,8,6,R$ 45,R$ 270
6551,"quinta-feira, 10 de março de 2022",8231,8,6,R$ 45,R$ 270
6610,"sábado, 12 de março de 2022",7451,8,6,R$ 45,R$ 270
6735,"quinta-feira, 17 de março de 2022",5557,8,6,R$ 45,R$ 270
6780,"sábado, 19 de março de 2022",5633,8,6,R$ 45,R$ 270
7138,"sexta-feira, 1 de abril de 2022",3,8,6,R$ 45,R$ 270
7290,"quinta-feira, 7 de abril de 2022",5283,8,6,R$ 45,R$ 270
7769,"segunda-feira, 25 de abril de 2022",4686,8,6,R$ 45,R$ 270
8091,"sábado, 7 de maio de 2022",2688,8,6,R$ 45,R$ 270
8124,"sábado, 7 de maio de 2022",3419,8,6,R$ 45,R$ 270
8156,"domingo, 8 de maio de 2022",869,8,6,R$ 45,R$ 270
8192,"terça-feira, 10 de maio de 2022",3131,8,6,R$ 45,R$ 270
8829,"quinta-feira, 2 de junho de 2022",4346,8,6,R$ 45,R$ 270
8991,"quarta-feira, 8 de junho de 2022",3186,8,6,R$ 45,R$ 270
9201,"quinta-feira, 16 de junho de 2022",7836,8,6,R$ 45,R$ 270
9682,"segunda-feira, 4 de julho de 2022",3497,8,6,R$ 45,R$ 270
9706,"terça-feira, 5 de julho de 2022",6864,8,6,R$ 45,R$ 270
9858,"domingo, 10 de julho de 2022",7158,8,6,R$ 45,R$ 270
10154,"quarta-feira, 20 de julho de 2022",9790,8,6,R$ 45,R$ 270
10215,"sexta-feira, 22 de julho de 2022",2420,8,6,R$ 45,R$ 270
10311,"terça-feira, 26 de julho de 2022",1612,8,6,R$ 45,R$ 270
10434,"segunda-feira, 1 de agosto de 2022",8388,8,6,R$ 45,R$ 270
10468,"terça-feira, 2 de agosto de 2022",1325,8,6,R$ 45,R$ 270
10831,"segunda-feira, 15 de agosto de 2022",8870,8,6,R$ 45,R$ 270
11066,"quarta-feira, 24 de agosto de 2022",1049,8,6,R$ 45,R$ 270
11365,"segunda-feira, 5 de setembro de 2022",6863,8,6,R$ 45,R$ 270
11431,"quarta-feira, 7 de setembro de 2022",6551,8,6,R$ 45,R$ 270
11470,"sexta-feira, 9 de setembro de 2022",7660,8,6,R$ 45,R$ 270
11826,"quinta-feira, 22 de setembro de 2022",9829,8,6,R$ 45,R$ 270
11861,"sexta-feira, 23 de setembro de 2022",6217,8,6,R$ 45,R$ 270
11876,"sexta-feira, 23 de setembro de 2022",3680,8,6,R$ 45,R$ 270
12342,"segunda-feira, 10 de outubro de 2022",943,8,6,R$ 45,R$ 270
12463,"sábado, 15 de outubro de 2022",4658,8,6,R$ 45,R$ 270
12815,"quinta-feira, 27 de outubro de 2022",6402,8,6,R$ 45,R$ 270
12898,"domingo, 30 de outubro de 2022",8195,8,6,R$ 45,R$ 270
13126,"segunda-feira, 7 de novembro de 2022",4916,8,6,R$ 45,R$ 270
13621,"sábado, 26 de novembro de 2022",454,8,6,R$ 45,R$ 270
32,"terça-feira, 19 de janeiro de 2021",7902,6,6,R$ 20,R$ 120
76,"sábado, 9 de janeiro de 2021",2997,6,6,R$ 20,R$ 120
157,"terça-feira, 19 de janeiro de 2021",6439,6,6,R$ 20,R$ 120
561,"terça-feira, 23 de fevereiro de 2021",2147,6,6,R$ 20,R$ 120
991,"quarta-feira, 24 de março de 2021",8198,6,6,R$ 20,R$ 120
996,"quinta-feira, 25 de março de 2021",6136,6,6,R$ 20,R$ 120
1039,"sábado, 27 de março de 2021",158,6,6,R$ 20,R$ 120
1041,"sábado, 27 de março de 2021",4568,6,6,R$ 20,R$ 120
1117,"sexta-feira, 2 de abril de 2021",2215,6,6,R$ 20,R$ 120
1860,"quarta-feira, 26 de maio de 2021",1524,6,6,R$ 20,R$ 120
2071,"domingo, 13 de junho de 2021",5821,6,6,R$ 20,R$ 120
2151,"domingo, 20 de junho de 2021",7359,6,6,R$ 20,R$ 120
2311,"sexta-feira, 2 de julho de 2021",2612,6,6,R$ 20,R$ 120
2379,"sexta-feira, 9 de julho de 2021",1594,6,6,R$ 20,R$ 120
2477,"sábado, 17 de julho de 2021",7434,6,6,R$ 20,R$ 120
2506,"domingo, 18 de julho de 2021",4296,6,6,R$ 20,R$ 120
3160,"sábado, 11 de setembro de 2021",4094,6,6,R$ 20,R$ 120
3524,"sábado, 9 de outubro de 2021",2021,6,6,R$ 20,R$ 120
3539,"segunda-feira, 11 de outubro de 2021",208,6,6,R$ 20,R$ 120
3556,"terça-feira, 12 de outubro de 2021",4204,6,6,R$ 20,R$ 120
3640,"quarta-feira, 20 de outubro de 2021",1146,6,6,R$ 20,R$ 120
3734,"quinta-feira, 28 de outubro de 2021",1643,6,6,R$ 20,R$ 120
3773,"domingo, 31 de outubro de 2021",1159,6,6,R$ 20,R$ 120
3865,"sábado, 6 de novembro de 2021",7457,6,6,R$ 20,R$ 120
3941,"domingo, 14 de novembro de 2021",93,6,6,R$ 20,R$ 120
4123,"sexta-feira, 26 de novembro de 2021",4451,6,6,R$ 20,R$ 120
4319,"quinta-feira, 9 de dezembro de 2021",4828,6,6,R$ 20,R$ 120
4558,"quinta-feira, 23 de dezembro de 2021",7571,6,6,R$ 20,R$ 120
4692,"quinta-feira, 30 de dezembro de 2021",2996,6,6,R$ 20,R$ 120
4999,"quarta-feira, 12 de janeiro de 2022",1235,6,6,R$ 20,R$ 120
5071,"sábado, 15 de janeiro de 2022",2019,6,6,R$ 20,R$ 120
5151,"terça-feira, 18 de janeiro de 2022",4349,6,6,R$ 20,R$ 120
5274,"domingo, 23 de janeiro de 2022",7117,6,6,R$ 20,R$ 120
5320,"terça-feira, 25 de janeiro de 2022",1297,6,6,R$ 20,R$ 120
5587,"quinta-feira, 3 de fevereiro de 2022",5512,6,6,R$ 20,R$ 120
5782,"quinta-feira, 10 de fevereiro de 2022",4198,6,6,R$ 20,R$ 120
5937,"quarta-feira, 16 de fevereiro de 2022",7152,6,6,R$ 20,R$ 120
6038,"sábado, 19 de fevereiro de 2022",4767,6,6,R$ 20,R$ 120
6157,"quarta-feira, 23 de fevereiro de 2022",1660,6,6,R$ 20,R$ 120
6256,"domingo, 27 de fevereiro de 2022",9543,6,6,R$ 20,R$ 120
6368,"quinta-feira, 3 de março de 2022",271,6,6,R$ 20,R$ 120
6577,"sexta-feira, 11 de março de 2022",5908,6,6,R$ 20,R$ 120
6729,"quarta-feira, 16 de março de 2022",8405,6,6,R$ 20,R$ 120
6840,"segunda-feira, 21 de março de 2022",4350,6,6,R$ 20,R$ 120
7127,"sexta-feira, 1 de abril de 2022",9967,6,6,R$ 20,R$ 120
7135,"sexta-feira, 1 de abril de 2022",3747,6,6,R$ 20,R$ 120
7398,"segunda-feira, 11 de abril de 2022",4003,6,6,R$ 20,R$ 120
7575,"segunda-feira, 18 de abril de 2022",4771,6,6,R$ 20,R$ 120
7586,"terça-feira, 19 de abril de 2022",7672,6,6,R$ 20,R$ 120
7739,"domingo, 24 de abril de 2022",7630,6,6,R$ 20,R$ 120
7999,"terça-feira, 3 de maio de 2022",7321,6,6,R$ 20,R$ 120
8257,"sexta-feira, 13 de maio de 2022",9480,6,6,R$ 20,R$ 120
8779,"terça-feira, 31 de maio de 2022",5877,6,6,R$ 20,R$ 120
8866,"sábado, 4 de junho de 2022",1124,6,6,R$ 20,R$ 120
8867,"sábado, 4 de junho de 2022",5746,6,6,R$ 20,R$ 120
8910,"domingo, 5 de junho de 2022",7857,6,6,R$ 20,R$ 120
8990,"quarta-feira, 8 de junho de 2022",4953,6,6,R$ 20,R$ 120
9278,"domingo, 19 de junho de 2022",5602,6,6,R$ 20,R$ 120
9349,"terça-feira, 21 de junho de 2022",8091,6,6,R$ 20,R$ 120
9764,"quinta-feira, 7 de julho de 2022",9734,6,6,R$ 20,R$ 120
9961,"quinta-feira, 14 de julho de 2022",3186,6,6,R$ 20,R$ 120
10206,"sexta-feira, 22 de julho de 2022",6193,6,6,R$ 20,R$ 120
10363,"quinta-feira, 28 de julho de 2022",3359,6,6,R$ 20,R$ 120
10880,"quarta-feira, 17 de agosto de 2022",8326,6,6,R$ 20,R$ 120
11199,"segunda-feira, 29 de agosto de 2022",9038,6,6,R$ 20,R$ 120
11258,"quinta-feira, 1 de setembro de 2022",309,6,6,R$ 20,R$ 120
11292,"sexta-feira, 2 de setembro de 2022",1669,6,6,R$ 20,R$ 120
11795,"quarta-feira, 21 de setembro de 2022",8729,6,6,R$ 20,R$ 120
11940,"domingo, 25 de setembro de 2022",2066,6,6,R$ 20,R$ 120
12001,"terça-feira, 27 de setembro de 2022",486,6,6,R$ 20,R$ 120
12242,"sexta-feira, 7 de outubro de 2022",6135,6,6,R$ 20,R$ 120
12337,"segunda-feira, 10 de outubro de 2022",7782,6,6,R$ 20,R$ 120
12508,"domingo, 16 de outubro de 2022",4198,6,6,R$ 20,R$ 120
12687,"domingo, 23 de outubro de 2022",1444,6,6,R$ 20,R$ 120
12941,"terça-feira, 1 de novembro de 2022",4646,6,6,R$ 20,R$ 120
13492,"domingo, 20 de novembro de 2022",6589,6,6,R$ 20,R$ 120
13596,"sexta-feira, 25 de novembro de 2022",1025,6,6,R$ 20,R$ 120
13885,"sexta-feira, 9 de dezembro de 2022",5250,6,6,R$ 20,R$ 120
512,"quinta-feira, 18 de fevereiro de 2021",5405,4,6,R$ 6,R$ 36
627,"domingo, 28 de fevereiro de 2021",4205,4,6,R$ 6,R$ 36
1048,"domingo, 28 de março de 2021",7065,4,6,R$ 6,R$ 36
1330,"sexta-feira, 16 de abril de 2021",5431,4,6,R$ 6,R$ 36
1769,"quarta-feira, 19 de maio de 2021",5973,4,6,R$ 6,R$ 36
1916,"domingo, 30 de maio de 2021",1491,4,6,R$ 6,R$ 36
1925,"segunda-feira, 31 de maio de 2021",3101,4,6,R$ 6,R$ 36
2140,"sábado, 19 de junho de 2021",7056,4,6,R$ 6,R$ 36
2270,"terça-feira, 29 de junho de 2021",1915,4,6,R$ 6,R$ 36
2381,"sexta-feira, 9 de julho de 2021",819,4,6,R$ 6,R$ 36
2397,"domingo, 11 de julho de 2021",857,4,6,R$ 6,R$ 36
2444,"quarta-feira, 14 de julho de 2021",6647,4,6,R$ 6,R$ 36
2467,"sexta-feira, 16 de julho de 2021",4892,4,6,R$ 6,R$ 36
3020,"domingo, 29 de agosto de 2021",8500,4,6,R$ 6,R$ 36
3257,"sábado, 18 de setembro de 2021",6114,4,6,R$ 6,R$ 36
3309,"quinta-feira, 23 de setembro de 2021",5630,4,6,R$ 6,R$ 36
3983,"terça-feira, 16 de novembro de 2021",9584,4,6,R$ 6,R$ 36
4038,"sábado, 20 de novembro de 2021",7514,4,6,R$ 6,R$ 36
4538,"quarta-feira, 22 de dezembro de 2021",6947,4,6,R$ 6,R$ 36
4775,"domingo, 2 de janeiro de 2022",7472,4,6,R$ 6,R$ 36
5016,"quinta-feira, 13 de janeiro de 2022",6313,4,6,R$ 6,R$ 36
5060,"sábado, 15 de janeiro de 2022",4803,4,6,R$ 6,R$ 36
5090,"sábado, 15 de janeiro de 2022",6341,4,6,R$ 6,R$ 36
5308,"segunda-feira, 24 de janeiro de 2022",5478,4,6,R$ 6,R$ 36
5894,"segunda-feira, 14 de fevereiro de 2022",2099,4,6,R$ 6,R$ 36
5954,"quarta-feira, 16 de fevereiro de 2022",790,4,6,R$ 6,R$ 36
6206,"sexta-feira, 25 de fevereiro de 2022",10205,4,6,R$ 6,R$ 36
6605,"sábado, 12 de março de 2022",6822,4,6,R$ 6,R$ 36
6698,"terça-feira, 15 de março de 2022",7055,4,6,R$ 6,R$ 36
6891,"quarta-feira, 23 de março de 2022",4094,4,6,R$ 6,R$ 36
7020,"segunda-feira, 28 de março de 2022",3180,4,6,R$ 6,R$ 36
7271,"quinta-feira, 7 de abril de 2022",7606,4,6,R$ 6,R$ 36
7352,"sábado, 9 de abril de 2022",5401,4,6,R$ 6,R$ 36
7379,"domingo, 10 de abril de 2022",2298,4,6,R$ 6,R$ 36
7395,"segunda-feira, 11 de abril de 2022",6095,4,6,R$ 6,R$ 36
7763,"segunda-feira, 25 de abril de 2022",4620,4,6,R$ 6,R$ 36
7776,"segunda-feira, 25 de abril de 2022",8252,4,6,R$ 6,R$ 36
7942,"domingo, 1 de maio de 2022",906,4,6,R$ 6,R$ 36
7958,"segunda-feira, 2 de maio de 2022",6219,4,6,R$ 6,R$ 36
7991,"terça-feira, 3 de maio de 2022",6690,4,6,R$ 6,R$ 36
8268,"sexta-feira, 13 de maio de 2022",9249,4,6,R$ 6,R$ 36
8273,"sexta-feira, 13 de maio de 2022",4947,4,6,R$ 6,R$ 36
8554,"segunda-feira, 23 de maio de 2022",9319,4,6,R$ 6,R$ 36
8891,"domingo, 5 de junho de 2022",7164,4,6,R$ 6,R$ 36
9276,"domingo, 19 de junho de 2022",8191,4,6,R$ 6,R$ 36
9639,"sábado, 2 de julho de 2022",3616,4,6,R$ 6,R$ 36
9943,"quarta-feira, 13 de julho de 2022",5452,4,6,R$ 6,R$ 36
9947,"quarta-feira, 13 de julho de 2022",9013,4,6,R$ 6,R$ 36
10194,"quinta-feira, 21 de julho de 2022",6992,4,6,R$ 6,R$ 36
10218,"sexta-feira, 22 de julho de 2022",7514,4,6,R$ 6,R$ 36
10443,"segunda-feira, 1 de agosto de 2022",4823,4,6,R$ 6,R$ 36
10635,"segunda-feira, 8 de agosto de 2022",1174,4,6,R$ 6,R$ 36
10709,"quinta-feira, 11 de agosto de 2022",1744,4,6,R$ 6,R$ 36
10767,"sábado, 13 de agosto de 2022",5174,4,6,R$ 6,R$ 36
10914,"quinta-feira, 18 de agosto de 2022",2412,4,6,R$ 6,R$ 36
11188,"segunda-feira, 29 de agosto de 2022",7860,4,6,R$ 6,R$ 36
11444,"quinta-feira, 8 de setembro de 2022",2300,4,6,R$ 6,R$ 36
11544,"domingo, 11 de setembro de 2022",5466,4,6,R$ 6,R$ 36
11599,"terça-feira, 13 de setembro de 2022",430,4,6,R$ 6,R$ 36
11892,"sábado, 24 de setembro de 2022",4522,4,6,R$ 6,R$ 36
12057,"quinta-feira, 29 de setembro de 2022",2335,4,6,R$ 6,R$ 36
12074,"sexta-feira, 30 de setembro de 2022",5264,4,6,R$ 6,R$ 36
12179,"terça-feira, 4 de outubro de 2022",6126,4,6,R$ 6,R$ 36
12261,"sexta-feira, 7 de outubro de 2022",5512,4,6,R$ 6,R$ 36
12275,"sábado, 8 de outubro de 2022",6690,4,6,R$ 6,R$ 36
12302,"domingo, 9 de outubro de 2022",9622,4,6,R$ 6,R$ 36
12488,"domingo, 16 de outubro de 2022",7241,4,6,R$ 6,R$ 36
12547,"terça-feira, 18 de outubro de 2022",6134,4,6,R$ 6,R$ 36
12826,"quinta-feira, 27 de outubro de 2022",4824,4,6,R$ 6,R$ 36
12985,"quarta-feira, 2 de novembro de 2022",2310,4,6,R$ 6,R$ 36
13133,"segunda-feira, 7 de novembro de 2022",3495,4,6,R$ 6,R$ 36
13154,"terça-feira, 8 de novembro de 2022",850,4,6,R$ 6,R$ 36
13311,"domingo, 13 de novembro de 2022",5920,4,6,R$ 6,R$ 36
13364,"terça-feira, 15 de novembro de 2022",4579,4,6,R$ 6,R$ 36
13501,"segunda-feira, 21 de novembro de 2022",4176,4,6,R$ 6,R$ 36
13518,"terça-feira, 22 de novembro de 2022",1871,4,6,R$ 6,R$ 36
13716,"terça-feira, 29 de novembro de 2022",9928,4,6,R$ 6,R$ 36
13821,"segunda-feira, 5 de dezembro de 2022",4907,4,6,R$ 6,R$ 36
173,"quarta-feira, 20 de janeiro de 2021",1193,1,6,R$ 21,R$ 126
237,"quarta-feira, 27 de janeiro de 2021",3667,1,6,R$ 21,R$ 126
252,"quinta-feira, 28 de janeiro de 2021",2890,1,6,R$ 21,R$ 126
276,"sábado, 30 de janeiro de 2021",8283,1,6,R$ 21,R$ 126
351,"quinta-feira, 4 de fevereiro de 2021",2924,1,6,R$ 21,R$ 126
919,"sexta-feira, 19 de março de 2021",7536,1,6,R$ 21,R$ 126
1064,"segunda-feira, 29 de março de 2021",6254,1,6,R$ 21,R$ 126
1309,"quinta-feira, 15 de abril de 2021",2787,1,6,R$ 21,R$ 126
1902,"sábado, 29 de maio de 2021",921,1,6,R$ 21,R$ 126
1950,"quarta-feira, 2 de junho de 2021",10166,1,6,R$ 21,R$ 126
2028,"terça-feira, 8 de junho de 2021",136,1,6,R$ 21,R$ 126
2238,"sábado, 26 de junho de 2021",7257,1,6,R$ 21,R$ 126
2246,"domingo, 27 de junho de 2021",9997,1,6,R$ 21,R$ 126
2517,"segunda-feira, 19 de julho de 2021",2428,1,6,R$ 21,R$ 126
2573,"sábado, 24 de julho de 2021",9507,1,6,R$ 21,R$ 126
3030,"terça-feira, 31 de agosto de 2021",6079,1,6,R$ 21,R$ 126
3184,"domingo, 12 de setembro de 2021",1049,1,6,R$ 21,R$ 126
3494,"quinta-feira, 7 de outubro de 2021",569,1,6,R$ 21,R$ 126
3541,"segunda-feira, 11 de outubro de 2021",3039,1,6,R$ 21,R$ 126
3763,"sábado, 30 de outubro de 2021",5978,1,6,R$ 21,R$ 126
4028,"sexta-feira, 19 de novembro de 2021",4767,1,6,R$ 21,R$ 126
4051,"domingo, 21 de novembro de 2021",4778,1,6,R$ 21,R$ 126
4379,"domingo, 12 de dezembro de 2021",3213,1,6,R$ 21,R$ 126
4756,"domingo, 2 de janeiro de 2022",8916,1,6,R$ 21,R$ 126
4786,"segunda-feira, 3 de janeiro de 2022",588,1,6,R$ 21,R$ 126
4807,"terça-feira, 4 de janeiro de 2022",6559,1,6,R$ 21,R$ 126
4938,"domingo, 9 de janeiro de 2022",9866,1,6,R$ 21,R$ 126
5058,"sexta-feira, 14 de janeiro de 2022",141,1,6,R$ 21,R$ 126
5252,"sábado, 22 de janeiro de 2022",2075,1,6,R$ 21,R$ 126
5487,"segunda-feira, 31 de janeiro de 2022",552,1,6,R$ 21,R$ 126
5610,"sexta-feira, 4 de fevereiro de 2022",7836,1,6,R$ 21,R$ 126
5948,"quarta-feira, 16 de fevereiro de 2022",8323,1,6,R$ 21,R$ 126
6087,"segunda-feira, 21 de fevereiro de 2022",8117,1,6,R$ 21,R$ 126
6622,"sábado, 12 de março de 2022",9134,1,6,R$ 21,R$ 126
6855,"terça-feira, 22 de março de 2022",2998,1,6,R$ 21,R$ 126
7345,"sábado, 9 de abril de 2022",619,1,6,R$ 21,R$ 126
7399,"segunda-feira, 11 de abril de 2022",4006,1,6,R$ 21,R$ 126
7514,"sábado, 16 de abril de 2022",7685,1,6,R$ 21,R$ 126
7526,"sábado, 16 de abril de 2022",7406,1,6,R$ 21,R$ 126
7596,"terça-feira, 19 de abril de 2022",1612,1,6,R$ 21,R$ 126
7748,"domingo, 24 de abril de 2022",3357,1,6,R$ 21,R$ 126
7794,"terça-feira, 26 de abril de 2022",7016,1,6,R$ 21,R$ 126
7990,"terça-feira, 3 de maio de 2022",8179,1,6,R$ 21,R$ 126
8018,"quarta-feira, 4 de maio de 2022",4870,1,6,R$ 21,R$ 126
8249,"quinta-feira, 12 de maio de 2022",7337,1,6,R$ 21,R$ 126
8279,"sexta-feira, 13 de maio de 2022",7502,1,6,R$ 21,R$ 126
8604,"quarta-feira, 25 de maio de 2022",3023,1,6,R$ 21,R$ 126
8733,"domingo, 29 de maio de 2022",1965,1,6,R$ 21,R$ 126
8791,"quarta-feira, 1 de junho de 2022",6265,1,6,R$ 21,R$ 126
9081,"domingo, 12 de junho de 2022",8191,1,6,R$ 21,R$ 126
9330,"terça-feira, 21 de junho de 2022",6804,1,6,R$ 21,R$ 126
9511,"terça-feira, 28 de junho de 2022",6816,1,6,R$ 21,R$ 126
9529,"terça-feira, 28 de junho de 2022",9010,1,6,R$ 21,R$ 126
9698,"segunda-feira, 4 de julho de 2022",1092,1,6,R$ 21,R$ 126
9725,"quarta-feira, 6 de julho de 2022",8670,1,6,R$ 21,R$ 126
9822,"sábado, 9 de julho de 2022",4319,1,6,R$ 21,R$ 126
9901,"segunda-feira, 11 de julho de 2022",4226,1,6,R$ 21,R$ 126
10136,"terça-feira, 19 de julho de 2022",8469,1,6,R$ 21,R$ 126
10261,"segunda-feira, 25 de julho de 2022",346,1,6,R$ 21,R$ 126
10537,"quinta-feira, 4 de agosto de 2022",7139,1,6,R$ 21,R$ 126
10591,"domingo, 7 de agosto de 2022",59,1,6,R$ 21,R$ 126
10618,"segunda-feira, 8 de agosto de 2022",1389,1,6,R$ 21,R$ 126
10821,"domingo, 14 de agosto de 2022",4118,1,6,R$ 21,R$ 126
11093,"quinta-feira, 25 de agosto de 2022",9309,1,6,R$ 21,R$ 126
11212,"terça-feira, 30 de agosto de 2022",10280,1,6,R$ 21,R$ 126
11583,"terça-feira, 13 de setembro de 2022",1681,1,6,R$ 21,R$ 126
11723,"domingo, 18 de setembro de 2022",6344,1,6,R$ 21,R$ 126
11904,"sábado, 24 de setembro de 2022",1956,1,6,R$ 21,R$ 126
12585,"quarta-feira, 19 de outubro de 2022",7454,1,6,R$ 21,R$ 126
12730,"segunda-feira, 24 de outubro de 2022",1025,1,6,R$ 21,R$ 126
12855,"sexta-feira, 28 de outubro de 2022",7129,1,6,R$ 21,R$ 126
12877,"sábado, 29 de outubro de 2022",7348,1,6,R$ 21,R$ 126
13183,"quarta-feira, 9 de novembro de 2022",9678,1,6,R$ 21,R$ 126
13298,"domingo, 13 de novembro de 2022",4231,1,6,R$ 21,R$ 126
13360,"terça-feira, 15 de novembro de 2022",1693,1,6,R$ 21,R$ 126
13402,"quinta-feira, 17 de novembro de 2022",3870,1,6,R$ 21,R$ 126
13552,"quarta-feira, 23 de novembro de 2022",7331,1,6,R$ 21,R$ 126
13853,"quarta-feira, 7 de dezembro de 2022",7566,1,6,R$ 21,R$ 126
13972,"sábado, 17 de dezembro de 2022",7409,1,6,R$ 21,R$ 126
158,"terça-feira, 19 de janeiro de 2021",5230,7,6,R$ 60,R$ 360
240,"quarta-feira, 27 de janeiro de 2021",3388,7,6,R$ 60,R$ 360
614,"sábado, 27 de fevereiro de 2021",5584,7,6,R$ 60,R$ 360
703,"sexta-feira, 5 de março de 2021",9584,7,6,R$ 60,R$ 360
901,"quinta-feira, 18 de março de 2021",6792,7,6,R$ 60,R$ 360
1296,"quarta-feira, 14 de abril de 2021",8435,7,6,R$ 60,R$ 360
1323,"quinta-feira, 15 de abril de 2021",3773,7,6,R$ 60,R$ 360
1372,"segunda-feira, 19 de abril de 2021",9928,7,6,R$ 60,R$ 360
1644,"sábado, 8 de maio de 2021",4274,7,6,R$ 60,R$ 360
1758,"terça-feira, 18 de maio de 2021",7247,7,6,R$ 60,R$ 360
1821,"sábado, 22 de maio de 2021",4116,7,6,R$ 60,R$ 360
1906,"sábado, 29 de maio de 2021",8175,7,6,R$ 60,R$ 360
2213,"quinta-feira, 24 de junho de 2021",1146,7,6,R$ 60,R$ 360
2463,"quinta-feira, 15 de julho de 2021",5216,7,6,R$ 60,R$ 360
2492,"sábado, 17 de julho de 2021",2570,7,6,R$ 60,R$ 360
3330,"domingo, 26 de setembro de 2021",1085,7,6,R$ 60,R$ 360
3379,"quinta-feira, 30 de setembro de 2021",5353,7,6,R$ 60,R$ 360
3397,"sexta-feira, 1 de outubro de 2021",5899,7,6,R$ 60,R$ 360
3535,"domingo, 10 de outubro de 2021",4029,7,6,R$ 60,R$ 360
3960,"segunda-feira, 15 de novembro de 2021",9510,7,6,R$ 60,R$ 360
4268,"domingo, 5 de dezembro de 2021",3131,7,6,R$ 60,R$ 360
4278,"segunda-feira, 6 de dezembro de 2021",2547,7,6,R$ 60,R$ 360
4326,"sexta-feira, 10 de dezembro de 2021",4239,7,6,R$ 60,R$ 360
4615,"domingo, 26 de dezembro de 2021",6998,7,6,R$ 60,R$ 360
4934,"domingo, 9 de janeiro de 2022",3422,7,6,R$ 60,R$ 360
5212,"quinta-feira, 20 de janeiro de 2022",498,7,6,R$ 60,R$ 360
5553,"quarta-feira, 2 de fevereiro de 2022",4767,7,6,R$ 60,R$ 360
5583,"quinta-feira, 3 de fevereiro de 2022",8592,7,6,R$ 60,R$ 360
5876,"segunda-feira, 14 de fevereiro de 2022",6044,7,6,R$ 60,R$ 360
5916,"terça-feira, 15 de fevereiro de 2022",8247,7,6,R$ 60,R$ 360
6017,"sábado, 19 de fevereiro de 2022",8775,7,6,R$ 60,R$ 360
6590,"sexta-feira, 11 de março de 2022",4983,7,6,R$ 60,R$ 360
6697,"terça-feira, 15 de março de 2022",2500,7,6,R$ 60,R$ 360
7333,"sábado, 9 de abril de 2022",2310,7,6,R$ 60,R$ 360
7465,"quinta-feira, 14 de abril de 2022",9461,7,6,R$ 60,R$ 360
7569,"segunda-feira, 18 de abril de 2022",3928,7,6,R$ 60,R$ 360
8085,"sexta-feira, 6 de maio de 2022",7261,7,6,R$ 60,R$ 360
8248,"quinta-feira, 12 de maio de 2022",5062,7,6,R$ 60,R$ 360
8371,"terça-feira, 17 de maio de 2022",3529,7,6,R$ 60,R$ 360
8425,"quinta-feira, 19 de maio de 2022",796,7,6,R$ 60,R$ 360
8433,"quinta-feira, 19 de maio de 2022",6560,7,6,R$ 60,R$ 360
8491,"sábado, 21 de maio de 2022",6912,7,6,R$ 60,R$ 360
8857,"sexta-feira, 3 de junho de 2022",5593,7,6,R$ 60,R$ 360
8890,"domingo, 5 de junho de 2022",5424,7,6,R$ 60,R$ 360
8979,"quarta-feira, 8 de junho de 2022",6522,7,6,R$ 60,R$ 360
9215,"sexta-feira, 17 de junho de 2022",2863,7,6,R$ 60,R$ 360
9510,"terça-feira, 28 de junho de 2022",1787,7,6,R$ 60,R$ 360
9574,"quinta-feira, 30 de junho de 2022",4226,7,6,R$ 60,R$ 360
9578,"quinta-feira, 30 de junho de 2022",6835,7,6,R$ 60,R$ 360
9717,"terça-feira, 5 de julho de 2022",7121,7,6,R$ 60,R$ 360
9723,"quarta-feira, 6 de julho de 2022",9559,7,6,R$ 60,R$ 360
9966,"quinta-feira, 14 de julho de 2022",5616,7,6,R$ 60,R$ 360
9996,"sexta-feira, 15 de julho de 2022",9129,7,6,R$ 60,R$ 360
10263,"segunda-feira, 25 de julho de 2022",6652,7,6,R$ 60,R$ 360
10803,"domingo, 14 de agosto de 2022",2788,7,6,R$ 60,R$ 360
10836,"segunda-feira, 15 de agosto de 2022",8890,7,6,R$ 60,R$ 360
10921,"sexta-feira, 19 de agosto de 2022",2826,7,6,R$ 60,R$ 360
11151,"domingo, 28 de agosto de 2022",4932,7,6,R$ 60,R$ 360
11271,"quinta-feira, 1 de setembro de 2022",2840,7,6,R$ 60,R$ 360
11647,"quinta-feira, 15 de setembro de 2022",2176,7,6,R$ 60,R$ 360
11667,"sexta-feira, 16 de setembro de 2022",9978,7,6,R$ 60,R$ 360
11885,"sexta-feira, 23 de setembro de 2022",414,7,6,R$ 60,R$ 360
11979,"terça-feira, 27 de setembro de 2022",140,7,6,R$ 60,R$ 360
11983,"terça-feira, 27 de setembro de 2022",9793,7,6,R$ 60,R$ 360
12000,"terça-feira, 27 de setembro de 2022",59,7,6,R$ 60,R$ 360
12206,"quarta-feira, 5 de outubro de 2022",9631,7,6,R$ 60,R$ 360
12362,"terça-feira, 11 de outubro de 2022",1942,7,6,R$ 60,R$ 360
12367,"terça-feira, 11 de outubro de 2022",7614,7,6,R$ 60,R$ 360
12402,"quinta-feira, 13 de outubro de 2022",9484,7,6,R$ 60,R$ 360
12439,"sexta-feira, 14 de outubro de 2022",9318,7,6,R$ 60,R$ 360
12456,"sexta-feira, 14 de outubro de 2022",1990,7,6,R$ 60,R$ 360
12744,"terça-feira, 25 de outubro de 2022",3602,7,6,R$ 60,R$ 360
12868,"sábado, 29 de outubro de 2022",8752,7,6,R$ 60,R$ 360
13014,"quinta-feira, 3 de novembro de 2022",1145,7,6,R$ 60,R$ 360
13097,"domingo, 6 de novembro de 2022",3328,7,6,R$ 60,R$ 360
13153,"terça-feira, 8 de novembro de 2022",6847,7,6,R$ 60,R$ 360
13185,"quarta-feira, 9 de novembro de 2022",8363,7,6,R$ 60,R$ 360
13213,"quinta-feira, 10 de novembro de 2022",2911,7,6,R$ 60,R$ 360
13834,"terça-feira, 6 de dezembro de 2022",2001,7,6,R$ 60,R$ 360
14026,"sábado, 24 de dezembro de 2022",1567,7,6,R$ 60,R$ 360
223,"terça-feira, 26 de janeiro de 2021",3799,20,6,R$ 80,R$ 480
743,"segunda-feira, 8 de março de 2021",3755,20,6,R$ 80,R$ 480
784,"quarta-feira, 10 de março de 2021",2426,20,6,R$ 80,R$ 480
863,"terça-feira, 16 de março de 2021",6324,20,6,R$ 80,R$ 480
864,"terça-feira, 16 de março de 2021",4096,20,6,R$ 80,R$ 480
1118,"sexta-feira, 2 de abril de 2021",6741,20,6,R$ 80,R$ 480
1227,"sexta-feira, 9 de abril de 2021",3130,20,6,R$ 80,R$ 480
1356,"domingo, 18 de abril de 2021",9631,20,6,R$ 80,R$ 480
1409,"quarta-feira, 21 de abril de 2021",8859,20,6,R$ 80,R$ 480
1486,"terça-feira, 27 de abril de 2021",9033,20,6,R$ 80,R$ 480
1594,"quarta-feira, 5 de maio de 2021",6842,20,6,R$ 80,R$ 480
1761,"terça-feira, 18 de maio de 2021",9662,20,6,R$ 80,R$ 480
2174,"segunda-feira, 21 de junho de 2021",6105,20,6,R$ 80,R$ 480
2184,"terça-feira, 22 de junho de 2021",3197,20,6,R$ 80,R$ 480
2187,"terça-feira, 22 de junho de 2021",7250,20,6,R$ 80,R$ 480
2226,"sexta-feira, 25 de junho de 2021",2553,20,6,R$ 80,R$ 480
2365,"quinta-feira, 8 de julho de 2021",9535,20,6,R$ 80,R$ 480
2390,"sábado, 10 de julho de 2021",7132,20,6,R$ 80,R$ 480
2965,"quarta-feira, 25 de agosto de 2021",3231,20,6,R$ 80,R$ 480
2987,"quinta-feira, 26 de agosto de 2021",9074,20,6,R$ 80,R$ 480
3055,"quinta-feira, 2 de setembro de 2021",6488,20,6,R$ 80,R$ 480
3076,"sábado, 4 de setembro de 2021",1216,20,6,R$ 80,R$ 480
3085,"sábado, 4 de setembro de 2021",294,20,6,R$ 80,R$ 480
3284,"segunda-feira, 20 de setembro de 2021",2553,20,6,R$ 80,R$ 480
3321,"sábado, 25 de setembro de 2021",1721,20,6,R$ 80,R$ 480
3804,"quarta-feira, 3 de novembro de 2021",354,20,6,R$ 80,R$ 480
3819,"quarta-feira, 3 de novembro de 2021",9928,20,6,R$ 80,R$ 480
3858,"sábado, 6 de novembro de 2021",2390,20,6,R$ 80,R$ 480
4054,"domingo, 21 de novembro de 2021",4476,20,6,R$ 80,R$ 480
4093,"terça-feira, 23 de novembro de 2021",10168,20,6,R$ 80,R$ 480
4102,"quarta-feira, 24 de novembro de 2021",5432,20,6,R$ 80,R$ 480
4119,"quinta-feira, 25 de novembro de 2021",8351,20,6,R$ 80,R$ 480
4285,"terça-feira, 7 de dezembro de 2021",3065,20,6,R$ 80,R$ 480
4636,"segunda-feira, 27 de dezembro de 2021",7376,20,6,R$ 80,R$ 480
4670,"quarta-feira, 29 de dezembro de 2021",7283,20,6,R$ 80,R$ 480
5099,"domingo, 16 de janeiro de 2022",2723,20,6,R$ 80,R$ 480
5309,"segunda-feira, 24 de janeiro de 2022",6284,20,6,R$ 80,R$ 480
5314,"terça-feira, 25 de janeiro de 2022",1576,20,6,R$ 80,R$ 480
5344,"quarta-feira, 26 de janeiro de 2022",4419,20,6,R$ 80,R$ 480
5429,"sábado, 29 de janeiro de 2022",6652,20,6,R$ 80,R$ 480
5434,"sábado, 29 de janeiro de 2022",1891,20,6,R$ 80,R$ 480
5762,"quinta-feira, 10 de fevereiro de 2022",924,20,6,R$ 80,R$ 480
5779,"quinta-feira, 10 de fevereiro de 2022",9106,20,6,R$ 80,R$ 480
5964,"quinta-feira, 17 de fevereiro de 2022",7401,20,6,R$ 80,R$ 480
6169,"quarta-feira, 23 de fevereiro de 2022",3969,20,6,R$ 80,R$ 480
6716,"quarta-feira, 16 de março de 2022",7384,20,6,R$ 80,R$ 480
6833,"segunda-feira, 21 de março de 2022",5023,20,6,R$ 80,R$ 480
6894,"quarta-feira, 23 de março de 2022",2528,20,6,R$ 80,R$ 480
7078,"quarta-feira, 30 de março de 2022",9752,20,6,R$ 80,R$ 480
7079,"quarta-feira, 30 de março de 2022",7063,20,6,R$ 80,R$ 480
7113,"quinta-feira, 31 de março de 2022",1281,20,6,R$ 80,R$ 480
7317,"sexta-feira, 8 de abril de 2022",9540,20,6,R$ 80,R$ 480
8258,"sexta-feira, 13 de maio de 2022",3206,20,6,R$ 80,R$ 480
8287,"sábado, 14 de maio de 2022",1350,20,6,R$ 80,R$ 480
8350,"segunda-feira, 16 de maio de 2022",3223,20,6,R$ 80,R$ 480
8945,"segunda-feira, 6 de junho de 2022",2132,20,6,R$ 80,R$ 480
9322,"segunda-feira, 20 de junho de 2022",262,20,6,R$ 80,R$ 480
9356,"quarta-feira, 22 de junho de 2022",8242,20,6,R$ 80,R$ 480
9382,"quinta-feira, 23 de junho de 2022",3951,20,6,R$ 80,R$ 480
9494,"segunda-feira, 27 de junho de 2022",3125,20,6,R$ 80,R$ 480
9766,"quinta-feira, 7 de julho de 2022",9642,20,6,R$ 80,R$ 480
9828,"sábado, 9 de julho de 2022",3210,20,6,R$ 80,R$ 480
9852,"domingo, 10 de julho de 2022",9480,20,6,R$ 80,R$ 480
10042,"sábado, 16 de julho de 2022",770,20,6,R$ 80,R$ 480
10051,"domingo, 17 de julho de 2022",7689,20,6,R$ 80,R$ 480
10103,"segunda-feira, 18 de julho de 2022",6339,20,6,R$ 80,R$ 480
10201,"sexta-feira, 22 de julho de 2022",2254,20,6,R$ 80,R$ 480
10287,"terça-feira, 26 de julho de 2022",8259,20,6,R$ 80,R$ 480
10305,"terça-feira, 26 de julho de 2022",5616,20,6,R$ 80,R$ 480
10333,"quarta-feira, 27 de julho de 2022",9897,20,6,R$ 80,R$ 480
10599,"domingo, 7 de agosto de 2022",8087,20,6,R$ 80,R$ 480
10641,"segunda-feira, 8 de agosto de 2022",7560,20,6,R$ 80,R$ 480
11003,"segunda-feira, 22 de agosto de 2022",8989,20,6,R$ 80,R$ 480
11178,"segunda-feira, 29 de agosto de 2022",3543,20,6,R$ 80,R$ 480
11272,"quinta-feira, 1 de setembro de 2022",4983,20,6,R$ 80,R$ 480
11396,"terça-feira, 6 de setembro de 2022",8363,20,6,R$ 80,R$ 480
11480,"sexta-feira, 9 de setembro de 2022",10106,20,6,R$ 80,R$ 480
12044,"quinta-feira, 29 de setembro de 2022",1408,20,6,R$ 80,R$ 480
13482,"domingo, 20 de novembro de 2022",360,20,6,R$ 80,R$ 480
13703,"terça-feira, 29 de novembro de 2022",6283,20,6,R$ 80,R$ 480
13792,"sábado, 3 de dezembro de 2022",4652,20,6,R$ 80,R$ 480
188,"sexta-feira, 22 de janeiro de 2021",7823,15,6,R$ 7,R$ 42
304,"segunda-feira, 1 de fevereiro de 2021",6273,15,6,R$ 7,R$ 42
468,"segunda-feira, 15 de fevereiro de 2021",9797,15,6,R$ 7,R$ 42
1558,"segunda-feira, 3 de maio de 2021",3243,15,6,R$ 7,R$ 42
1891,"sexta-feira, 28 de maio de 2021",3942,15,6,R$ 7,R$ 42
2045,"quinta-feira, 10 de junho de 2021",7275,15,6,R$ 7,R$ 42
2118,"quinta-feira, 17 de junho de 2021",665,15,6,R$ 7,R$ 42
2257,"segunda-feira, 28 de junho de 2021",7384,15,6,R$ 7,R$ 42
2409,"domingo, 11 de julho de 2021",7072,15,6,R$ 7,R$ 42
2874,"quarta-feira, 18 de agosto de 2021",1310,15,6,R$ 7,R$ 42
3434,"domingo, 3 de outubro de 2021",3188,15,6,R$ 7,R$ 42
3878,"segunda-feira, 8 de novembro de 2021",727,15,6,R$ 7,R$ 42
3916,"quinta-feira, 11 de novembro de 2021",1813,15,6,R$ 7,R$ 42
4168,"segunda-feira, 29 de novembro de 2021",4122,15,6,R$ 7,R$ 42
4216,"quinta-feira, 2 de dezembro de 2021",2747,15,6,R$ 7,R$ 42
4257,"sábado, 4 de dezembro de 2021",8189,15,6,R$ 7,R$ 42
5113,"segunda-feira, 17 de janeiro de 2022",4943,15,6,R$ 7,R$ 42
5183,"quinta-feira, 20 de janeiro de 2022",4211,15,6,R$ 7,R$ 42
5469,"segunda-feira, 31 de janeiro de 2022",93,15,6,R$ 7,R$ 42
5518,"terça-feira, 1 de fevereiro de 2022",4239,15,6,R$ 7,R$ 42
5631,"sábado, 5 de fevereiro de 2022",5991,15,6,R$ 7,R$ 42
5703,"terça-feira, 8 de fevereiro de 2022",99,15,6,R$ 7,R$ 42
5798,"sexta-feira, 11 de fevereiro de 2022",5512,15,6,R$ 7,R$ 42
5872,"segunda-feira, 14 de fevereiro de 2022",8363,15,6,R$ 7,R$ 42
5969,"quinta-feira, 17 de fevereiro de 2022",1265,15,6,R$ 7,R$ 42
6106,"terça-feira, 22 de fevereiro de 2022",8607,15,6,R$ 7,R$ 42
6158,"quarta-feira, 23 de fevereiro de 2022",7072,15,6,R$ 7,R$ 42
6539,"quarta-feira, 9 de março de 2022",3826,15,6,R$ 7,R$ 42
6686,"terça-feira, 15 de março de 2022",7356,15,6,R$ 7,R$ 42
6742,"quinta-feira, 17 de março de 2022",1406,15,6,R$ 7,R$ 42
7090,"quarta-feira, 30 de março de 2022",9868,15,6,R$ 7,R$ 42
7093,"quinta-feira, 31 de março de 2022",10134,15,6,R$ 7,R$ 42
7117,"quinta-feira, 31 de março de 2022",8325,15,6,R$ 7,R$ 42
7196,"segunda-feira, 4 de abril de 2022",7441,15,6,R$ 7,R$ 42
7223,"terça-feira, 5 de abril de 2022",1718,15,6,R$ 7,R$ 42
7258,"quarta-feira, 6 de abril de 2022",3195,15,6,R$ 7,R$ 42
7401,"segunda-feira, 11 de abril de 2022",3833,15,6,R$ 7,R$ 42
7548,"domingo, 17 de abril de 2022",5170,15,6,R$ 7,R$ 42
7564,"segunda-feira, 18 de abril de 2022",5167,15,6,R$ 7,R$ 42
7724,"sábado, 23 de abril de 2022",7711,15,6,R$ 7,R$ 42
7986,"terça-feira, 3 de maio de 2022",6259,15,6,R$ 7,R$ 42
8127,"sábado, 7 de maio de 2022",8283,15,6,R$ 7,R$ 42
8158,"domingo, 8 de maio de 2022",1843,15,6,R$ 7,R$ 42
8247,"quinta-feira, 12 de maio de 2022",9134,15,6,R$ 7,R$ 42
8358,"segunda-feira, 16 de maio de 2022",796,15,6,R$ 7,R$ 42
8429,"quinta-feira, 19 de maio de 2022",3527,15,6,R$ 7,R$ 42
8486,"sábado, 21 de maio de 2022",1815,15,6,R$ 7,R$ 42
8562,"terça-feira, 24 de maio de 2022",1117,15,6,R$ 7,R$ 42
8755,"segunda-feira, 30 de maio de 2022",3528,15,6,R$ 7,R$ 42
8759,"terça-feira, 31 de maio de 2022",4661,15,6,R$ 7,R$ 42
8825,"quinta-feira, 2 de junho de 2022",7946,15,6,R$ 7,R$ 42
9023,"quinta-feira, 9 de junho de 2022",6193,15,6,R$ 7,R$ 42
9088,"domingo, 12 de junho de 2022",7567,15,6,R$ 7,R$ 42
9197,"quinta-feira, 16 de junho de 2022",8374,15,6,R$ 7,R$ 42
9306,"segunda-feira, 20 de junho de 2022",3676,15,6,R$ 7,R$ 42
9518,"terça-feira, 28 de junho de 2022",8351,15,6,R$ 7,R$ 42
10344,"quinta-feira, 28 de julho de 2022",3271,15,6,R$ 7,R$ 42
10370,"sexta-feira, 29 de julho de 2022",948,15,6,R$ 7,R$ 42
10569,"sábado, 6 de agosto de 2022",852,15,6,R$ 7,R$ 42
10610,"domingo, 7 de agosto de 2022",3961,15,6,R$ 7,R$ 42
10770,"sábado, 13 de agosto de 2022",5348,15,6,R$ 7,R$ 42
10863,"terça-feira, 16 de agosto de 2022",3225,15,6,R$ 7,R$ 42
10990,"domingo, 21 de agosto de 2022",2446,15,6,R$ 7,R$ 42
11000,"segunda-feira, 22 de agosto de 2022",2175,15,6,R$ 7,R$ 42
11200,"terça-feira, 30 de agosto de 2022",7141,15,6,R$ 7,R$ 42
11702,"sábado, 17 de setembro de 2022",3795,15,6,R$ 7,R$ 42
11807,"quarta-feira, 21 de setembro de 2022",1013,15,6,R$ 7,R$ 42
11871,"sexta-feira, 23 de setembro de 2022",5499,15,6,R$ 7,R$ 42
12072,"sexta-feira, 30 de setembro de 2022",4118,15,6,R$ 7,R$ 42
12168,"terça-feira, 4 de outubro de 2022",5029,15,6,R$ 7,R$ 42
12256,"sexta-feira, 7 de outubro de 2022",8683,15,6,R$ 7,R$ 42
12258,"sexta-feira, 7 de outubro de 2022",7782,15,6,R$ 7,R$ 42
12493,"domingo, 16 de outubro de 2022",5672,15,6,R$ 7,R$ 42
12557,"quarta-feira, 19 de outubro de 2022",5001,15,6,R$ 7,R$ 42
12560,"quarta-feira, 19 de outubro de 2022",3435,15,6,R$ 7,R$ 42
12706,"domingo, 23 de outubro de 2022",10171,15,6,R$ 7,R$ 42
12848,"sexta-feira, 28 de outubro de 2022",9552,15,6,R$ 7,R$ 42
12865,"sábado, 29 de outubro de 2022",1720,15,6,R$ 7,R$ 42
13222,"quinta-feira, 10 de novembro de 2022",5281,15,6,R$ 7,R$ 42
13376,"quarta-feira, 16 de novembro de 2022",5833,15,6,R$ 7,R$ 42
13465,"sábado, 19 de novembro de 2022",7304,15,6,R$ 7,R$ 42
13567,"quarta-feira, 23 de novembro de 2022",5281,15,6,R$ 7,R$ 42
13580,"quinta-feira, 24 de novembro de 2022",2327,15,6,R$ 7,R$ 42
13660,"domingo, 27 de novembro de 2022",4647,15,6,R$ 7,R$ 42
13774,"sexta-feira, 2 de dezembro de 2022",4780,15,6,R$ 7,R$ 42
14010,"quinta-feira, 22 de dezembro de 2022",1062,15,6,R$ 7,R$ 42
14029,"sábado, 24 de dezembro de 2022",159,15,6,R$ 7,R$ 42
264,"sexta-feira, 29 de janeiro de 2021",4443,13,2,R$ 50,R$ 100
473,"segunda-feira, 15 de fevereiro de 2021",604,13,2,R$ 50,R$ 100
538,"sábado, 20 de fevereiro de 2021",5432,13,2,R$ 50,R$ 100
585,"quarta-feira, 24 de fevereiro de 2021",7462,13,2,R$ 50,R$ 100
714,"sexta-feira, 5 de março de 2021",9554,13,2,R$ 50,R$ 100
768,"terça-feira, 9 de março de 2021",8687,13,2,R$ 50,R$ 100
1044,"domingo, 28 de março de 2021",7601,13,2,R$ 50,R$ 100
1171,"segunda-feira, 5 de abril de 2021",3539,13,2,R$ 50,R$ 100
1402,"quarta-feira, 21 de abril de 2021",6145,13,2,R$ 50,R$ 100
1621,"quinta-feira, 6 de maio de 2021",5942,13,2,R$ 50,R$ 100
1708,"quinta-feira, 13 de maio de 2021",4584,13,2,R$ 50,R$ 100
2033,"terça-feira, 8 de junho de 2021",2523,13,2,R$ 50,R$ 100
2158,"domingo, 20 de junho de 2021",7720,13,2,R$ 50,R$ 100
2199,"quarta-feira, 23 de junho de 2021",6982,13,2,R$ 50,R$ 100
2263,"segunda-feira, 28 de junho de 2021",9815,13,2,R$ 50,R$ 100
3045,"quarta-feira, 1 de setembro de 2021",4067,13,2,R$ 50,R$ 100
3388,"sexta-feira, 1 de outubro de 2021",1556,13,2,R$ 50,R$ 100
3411,"sábado, 2 de outubro de 2021",3922,13,2,R$ 50,R$ 100
3474,"quarta-feira, 6 de outubro de 2021",1201,13,2,R$ 50,R$ 100
3571,"quinta-feira, 14 de outubro de 2021",7632,13,2,R$ 50,R$ 100
3606,"sábado, 16 de outubro de 2021",3809,13,2,R$ 50,R$ 100
3613,"domingo, 17 de outubro de 2021",2762,13,2,R$ 50,R$ 100
3731,"quinta-feira, 28 de outubro de 2021",4643,13,2,R$ 50,R$ 100
3759,"sábado, 30 de outubro de 2021",4570,13,2,R$ 50,R$ 100
4609,"domingo, 26 de dezembro de 2021",6291,13,2,R$ 50,R$ 100
4926,"domingo, 9 de janeiro de 2022",4498,13,2,R$ 50,R$ 100
4976,"terça-feira, 11 de janeiro de 2022",6957,13,2,R$ 50,R$ 100
5611,"sexta-feira, 4 de fevereiro de 2022",4576,13,2,R$ 50,R$ 100
5929,"quarta-feira, 16 de fevereiro de 2022",4080,13,2,R$ 50,R$ 100
6054,"domingo, 20 de fevereiro de 2022",3949,13,2,R$ 50,R$ 100
6220,"sexta-feira, 25 de fevereiro de 2022",645,13,2,R$ 50,R$ 100
6719,"quarta-feira, 16 de março de 2022",2954,13,2,R$ 50,R$ 100
6732,"quinta-feira, 17 de março de 2022",2458,13,2,R$ 50,R$ 100
6747,"quinta-feira, 17 de março de 2022",6865,13,2,R$ 50,R$ 100
6859,"terça-feira, 22 de março de 2022",5717,13,2,R$ 50,R$ 100
6941,"sexta-feira, 25 de março de 2022",7292,13,2,R$ 50,R$ 100
7162,"sábado, 2 de abril de 2022",9892,13,2,R$ 50,R$ 100
7685,"sexta-feira, 22 de abril de 2022",2732,13,2,R$ 50,R$ 100
7746,"domingo, 24 de abril de 2022",1567,13,2,R$ 50,R$ 100
7795,"terça-feira, 26 de abril de 2022",10113,13,2,R$ 50,R$ 100
7809,"terça-feira, 26 de abril de 2022",400,13,2,R$ 50,R$ 100
8074,"sexta-feira, 6 de maio de 2022",7356,13,2,R$ 50,R$ 100
8161,"domingo, 8 de maio de 2022",3592,13,2,R$ 50,R$ 100
8391,"quarta-feira, 18 de maio de 2022",5038,13,2,R$ 50,R$ 100
8452,"sexta-feira, 20 de maio de 2022",2501,13,2,R$ 50,R$ 100
8454,"sexta-feira, 20 de maio de 2022",6812,13,2,R$ 50,R$ 100
8465,"sexta-feira, 20 de maio de 2022",2704,13,2,R$ 50,R$ 100
8582,"terça-feira, 24 de maio de 2022",3211,13,2,R$ 50,R$ 100
8883,"sábado, 4 de junho de 2022",7147,13,2,R$ 50,R$ 100
8962,"terça-feira, 7 de junho de 2022",8141,13,2,R$ 50,R$ 100
9039,"sexta-feira, 10 de junho de 2022",6669,13,2,R$ 50,R$ 100
9525,"terça-feira, 28 de junho de 2022",1658,13,2,R$ 50,R$ 100
9937,"quarta-feira, 13 de julho de 2022",770,13,2,R$ 50,R$ 100
9981,"quinta-feira, 14 de julho de 2022",7559,13,2,R$ 50,R$ 100
10094,"segunda-feira, 18 de julho de 2022",9880,13,2,R$ 50,R$ 100
10521,"quarta-feira, 3 de agosto de 2022",2776,13,2,R$ 50,R$ 100
10987,"domingo, 21 de agosto de 2022",7110,13,2,R$ 50,R$ 100
11101,"sexta-feira, 26 de agosto de 2022",1547,13,2,R$ 50,R$ 100
11454,"quinta-feira, 8 de setembro de 2022",8166,13,2,R$ 50,R$ 100
11829,"quinta-feira, 22 de setembro de 2022",2118,13,2,R$ 50,R$ 100
11944,"domingo, 25 de setembro de 2022",8417,13,2,R$ 50,R$ 100
11951,"segunda-feira, 26 de setembro de 2022",4228,13,2,R$ 50,R$ 100
12379,"quarta-feira, 12 de outubro de 2022",1495,13,2,R$ 50,R$ 100
12383,"quarta-feira, 12 de outubro de 2022",4871,13,2,R$ 50,R$ 100
12406,"quinta-feira, 13 de outubro de 2022",5163,13,2,R$ 50,R$ 100
12731,"segunda-feira, 24 de outubro de 2022",8166,13,2,R$ 50,R$ 100
12739,"segunda-feira, 24 de outubro de 2022",2878,13,2,R$ 50,R$ 100
13637,"sábado, 26 de novembro de 2022",1370,13,2,R$ 50,R$ 100
13657,"domingo, 27 de novembro de 2022",3316,13,2,R$ 50,R$ 100
13922,"segunda-feira, 12 de dezembro de 2022",9224,13,2,R$ 50,R$ 100
13975,"domingo, 18 de dezembro de 2022",4807,13,2,R$ 50,R$ 100
36,"sexta-feira, 1 de janeiro de 2021",240,7,2,R$ 60,R$ 120
228,"terça-feira, 26 de janeiro de 2021",1387,7,2,R$ 60,R$ 120
271,"sábado, 30 de janeiro de 2021",8578,7,2,R$ 60,R$ 120
407,"terça-feira, 9 de fevereiro de 2021",1196,7,2,R$ 60,R$ 120
1327,"sexta-feira, 16 de abril de 2021",2359,7,2,R$ 60,R$ 120
1638,"sexta-feira, 7 de maio de 2021",10255,7,2,R$ 60,R$ 120
1667,"segunda-feira, 10 de maio de 2021",6902,7,2,R$ 60,R$ 120
1729,"sábado, 15 de maio de 2021",3352,7,2,R$ 60,R$ 120
1882,"quinta-feira, 27 de maio de 2021",8269,7,2,R$ 60,R$ 120
1966,"quinta-feira, 3 de junho de 2021",9686,7,2,R$ 60,R$ 120
2015,"segunda-feira, 7 de junho de 2021",9440,7,2,R$ 60,R$ 120
2350,"terça-feira, 6 de julho de 2021",7580,7,2,R$ 60,R$ 120
3002,"sábado, 28 de agosto de 2021",8878,7,2,R$ 60,R$ 120
3059,"quinta-feira, 2 de setembro de 2021",7921,7,2,R$ 60,R$ 120
3089,"domingo, 5 de setembro de 2021",9405,7,2,R$ 60,R$ 120
3148,"sexta-feira, 10 de setembro de 2021",4707,7,2,R$ 60,R$ 120
3366,"quarta-feira, 29 de setembro de 2021",2061,7,2,R$ 60,R$ 120
3385,"quinta-feira, 30 de setembro de 2021",8141,7,2,R$ 60,R$ 120
3444,"segunda-feira, 4 de outubro de 2021",1650,7,2,R$ 60,R$ 120
3639,"quarta-feira, 20 de outubro de 2021",1153,7,2,R$ 60,R$ 120
3937,"sábado, 13 de novembro de 2021",1410,7,2,R$ 60,R$ 120
3949,"domingo, 14 de novembro de 2021",4518,7,2,R$ 60,R$ 120
4039,"sábado, 20 de novembro de 2021",6974,7,2,R$ 60,R$ 120
4132,"sexta-feira, 26 de novembro de 2021",5809,7,2,R$ 60,R$ 120
4288,"terça-feira, 7 de dezembro de 2021",4133,7,2,R$ 60,R$ 120
4887,"sexta-feira, 7 de janeiro de 2022",8121,7,2,R$ 60,R$ 120
5408,"sexta-feira, 28 de janeiro de 2022",6607,7,2,R$ 60,R$ 120
5486,"segunda-feira, 31 de janeiro de 2022",2439,7,2,R$ 60,R$ 120
5534,"quarta-feira, 2 de fevereiro de 2022",1690,7,2,R$ 60,R$ 120
5578,"quinta-feira, 3 de fevereiro de 2022",349,7,2,R$ 60,R$ 120
5630,"sábado, 5 de fevereiro de 2022",5406,7,2,R$ 60,R$ 120
6062,"domingo, 20 de fevereiro de 2022",2634,7,2,R$ 60,R$ 120
6363,"quinta-feira, 3 de março de 2022",4620,7,2,R$ 60,R$ 120
6844,"segunda-feira, 21 de março de 2022",3961,7,2,R$ 60,R$ 120
7128,"sexta-feira, 1 de abril de 2022",2130,7,2,R$ 60,R$ 120
7168,"sábado, 2 de abril de 2022",7776,7,2,R$ 60,R$ 120
7221,"segunda-feira, 4 de abril de 2022",7656,7,2,R$ 60,R$ 120
7370,"domingo, 10 de abril de 2022",789,7,2,R$ 60,R$ 120
7500,"sexta-feira, 15 de abril de 2022",2868,7,2,R$ 60,R$ 120
8125,"sábado, 7 de maio de 2022",5073,7,2,R$ 60,R$ 120
8292,"sábado, 14 de maio de 2022",2384,7,2,R$ 60,R$ 120
8402,"quarta-feira, 18 de maio de 2022",8945,7,2,R$ 60,R$ 120
8811,"quarta-feira, 1 de junho de 2022",993,7,2,R$ 60,R$ 120
9157,"terça-feira, 14 de junho de 2022",30,7,2,R$ 60,R$ 120
9228,"sexta-feira, 17 de junho de 2022",7213,7,2,R$ 60,R$ 120
9718,"quarta-feira, 6 de julho de 2022",2692,7,2,R$ 60,R$ 120
9994,"sexta-feira, 15 de julho de 2022",3399,7,2,R$ 60,R$ 120
10253,"domingo, 24 de julho de 2022",6525,7,2,R$ 60,R$ 120
10586,"sábado, 6 de agosto de 2022",2551,7,2,R$ 60,R$ 120
10769,"sábado, 13 de agosto de 2022",5871,7,2,R$ 60,R$ 120
10810,"domingo, 14 de agosto de 2022",8697,7,2,R$ 60,R$ 120
10906,"quinta-feira, 18 de agosto de 2022",7471,7,2,R$ 60,R$ 120
11436,"quinta-feira, 8 de setembro de 2022",2114,7,2,R$ 60,R$ 120
11561,"segunda-feira, 12 de setembro de 2022",9335,7,2,R$ 60,R$ 120
12081,"sexta-feira, 30 de setembro de 2022",8970,7,2,R$ 60,R$ 120
12288,"sábado, 8 de outubro de 2022",8731,7,2,R$ 60,R$ 120
12724,"segunda-feira, 24 de outubro de 2022",5830,7,2,R$ 60,R$ 120
12798,"quarta-feira, 26 de outubro de 2022",273,7,2,R$ 60,R$ 120
12828,"quinta-feira, 27 de outubro de 2022",1942,7,2,R$ 60,R$ 120
12890,"domingo, 30 de outubro de 2022",8803,7,2,R$ 60,R$ 120
12983,"quarta-feira, 2 de novembro de 2022",7039,7,2,R$ 60,R$ 120
13113,"domingo, 6 de novembro de 2022",6114,7,2,R$ 60,R$ 120
13247,"sexta-feira, 11 de novembro de 2022",3210,7,2,R$ 60,R$ 120
13287,"domingo, 13 de novembro de 2022",9312,7,2,R$ 60,R$ 120
13305,"domingo, 13 de novembro de 2022",5740,7,2,R$ 60,R$ 120
13655,"domingo, 27 de novembro de 2022",4761,7,2,R$ 60,R$ 120
13722,"quarta-feira, 30 de novembro de 2022",9491,7,2,R$ 60,R$ 120
13941,"terça-feira, 13 de dezembro de 2022",208,7,2,R$ 60,R$ 120
13995,"terça-feira, 20 de dezembro de 2022",6093,7,2,R$ 60,R$ 120
14023,"sábado, 24 de dezembro de 2022",7655,7,2,R$ 60,R$ 120
113,"quinta-feira, 14 de janeiro de 2021",5499,10,2,R$ 70,R$ 140
569,"terça-feira, 23 de fevereiro de 2021",2968,10,2,R$ 70,R$ 140
599,"sexta-feira, 26 de fevereiro de 2021",3258,10,2,R$ 70,R$ 140
952,"domingo, 21 de março de 2021",8312,10,2,R$ 70,R$ 140
1130,"sábado, 3 de abril de 2021",1378,10,2,R$ 70,R$ 140
1391,"terça-feira, 20 de abril de 2021",7865,10,2,R$ 70,R$ 140
1490,"terça-feira, 27 de abril de 2021",4677,10,2,R$ 70,R$ 140
1962,"quarta-feira, 2 de junho de 2021",5827,10,2,R$ 70,R$ 140
2003,"domingo, 6 de junho de 2021",6641,10,2,R$ 70,R$ 140
2546,"quinta-feira, 22 de julho de 2021",179,10,2,R$ 70,R$ 140
2560,"sexta-feira, 23 de julho de 2021",2747,10,2,R$ 70,R$ 140
2724,"sexta-feira, 6 de agosto de 2021",8617,10,2,R$ 70,R$ 140
2735,"sexta-feira, 6 de agosto de 2021",7479,10,2,R$ 70,R$ 140
2918,"sábado, 21 de agosto de 2021",1598,10,2,R$ 70,R$ 140
3265,"domingo, 19 de setembro de 2021",3587,10,2,R$ 70,R$ 140
3500,"sexta-feira, 8 de outubro de 2021",3491,10,2,R$ 70,R$ 140
3574,"quinta-feira, 14 de outubro de 2021",2886,10,2,R$ 70,R$ 140
3800,"terça-feira, 2 de novembro de 2021",6313,10,2,R$ 70,R$ 140
3957,"domingo, 14 de novembro de 2021",4397,10,2,R$ 70,R$ 140
4001,"quarta-feira, 17 de novembro de 2021",1193,10,2,R$ 70,R$ 140
4009,"quinta-feira, 18 de novembro de 2021",3065,10,2,R$ 70,R$ 140
4374,"domingo, 12 de dezembro de 2021",5574,10,2,R$ 70,R$ 140
4562,"quinta-feira, 23 de dezembro de 2021",9734,10,2,R$ 70,R$ 140
4605,"domingo, 26 de dezembro de 2021",6313,10,2,R$ 70,R$ 140
4626,"segunda-feira, 27 de dezembro de 2021",1841,10,2,R$ 70,R$ 140
4764,"domingo, 2 de janeiro de 2022",4364,10,2,R$ 70,R$ 140
5248,"sábado, 22 de janeiro de 2022",2177,10,2,R$ 70,R$ 140
5693,"segunda-feira, 7 de fevereiro de 2022",5828,10,2,R$ 70,R$ 140
5753,"quarta-feira, 9 de fevereiro de 2022",704,10,2,R$ 70,R$ 140
5792,"sexta-feira, 11 de fevereiro de 2022",272,10,2,R$ 70,R$ 140
5993,"sexta-feira, 18 de fevereiro de 2022",8012,10,2,R$ 70,R$ 140
6142,"quarta-feira, 23 de fevereiro de 2022",8242,10,2,R$ 70,R$ 140
6275,"domingo, 27 de fevereiro de 2022",6772,10,2,R$ 70,R$ 140
6336,"terça-feira, 1 de março de 2022",1567,10,2,R$ 70,R$ 140
6741,"quinta-feira, 17 de março de 2022",7152,10,2,R$ 70,R$ 140
6872,"quarta-feira, 23 de março de 2022",6997,10,2,R$ 70,R$ 140
7065,"quarta-feira, 30 de março de 2022",3411,10,2,R$ 70,R$ 140
7110,"quinta-feira, 31 de março de 2022",7171,10,2,R$ 70,R$ 140
7663,"quinta-feira, 21 de abril de 2022",8121,10,2,R$ 70,R$ 140
7715,"sábado, 23 de abril de 2022",6698,10,2,R$ 70,R$ 140
8081,"sexta-feira, 6 de maio de 2022",6187,10,2,R$ 70,R$ 140
8129,"domingo, 8 de maio de 2022",572,10,2,R$ 70,R$ 140
8341,"segunda-feira, 16 de maio de 2022",2512,10,2,R$ 70,R$ 140
8666,"sexta-feira, 27 de maio de 2022",9237,10,2,R$ 70,R$ 140
8766,"terça-feira, 31 de maio de 2022",521,10,2,R$ 70,R$ 140
8826,"quinta-feira, 2 de junho de 2022",2553,10,2,R$ 70,R$ 140
8954,"terça-feira, 7 de junho de 2022",803,10,2,R$ 70,R$ 140
9051,"sexta-feira, 10 de junho de 2022",7698,10,2,R$ 70,R$ 140
9174,"quarta-feira, 15 de junho de 2022",2002,10,2,R$ 70,R$ 140
9808,"sexta-feira, 8 de julho de 2022",1501,10,2,R$ 70,R$ 140
9810,"sexta-feira, 8 de julho de 2022",7743,10,2,R$ 70,R$ 140
10147,"terça-feira, 19 de julho de 2022",8818,10,2,R$ 70,R$ 140
10241,"domingo, 24 de julho de 2022",7969,10,2,R$ 70,R$ 140
10642,"segunda-feira, 8 de agosto de 2022",9644,10,2,R$ 70,R$ 140
10744,"sexta-feira, 12 de agosto de 2022",3023,10,2,R$ 70,R$ 140
10925,"sexta-feira, 19 de agosto de 2022",451,10,2,R$ 70,R$ 140
11293,"sexta-feira, 2 de setembro de 2022",6932,10,2,R$ 70,R$ 140
11329,"sábado, 3 de setembro de 2022",6350,10,2,R$ 70,R$ 140
11642,"quinta-feira, 15 de setembro de 2022",6406,10,2,R$ 70,R$ 140
11729,"domingo, 18 de setembro de 2022",5481,10,2,R$ 70,R$ 140
11786,"terça-feira, 20 de setembro de 2022",430,10,2,R$ 70,R$ 140
12592,"quinta-feira, 20 de outubro de 2022",5589,10,2,R$ 70,R$ 140
12685,"domingo, 23 de outubro de 2022",4947,10,2,R$ 70,R$ 140
12691,"domingo, 23 de outubro de 2022",41,10,2,R$ 70,R$ 140
13362,"terça-feira, 15 de novembro de 2022",2060,10,2,R$ 70,R$ 140
603,"sexta-feira, 26 de fevereiro de 2021",8912,16,2,R$ 25,R$ 50
1351,"domingo, 18 de abril de 2021",7465,16,2,R$ 25,R$ 50
1876,"quinta-feira, 27 de maio de 2021",7822,16,2,R$ 25,R$ 50
1915,"domingo, 30 de maio de 2021",1810,16,2,R$ 25,R$ 50
1984,"sexta-feira, 4 de junho de 2021",1036,16,2,R$ 25,R$ 50
2370,"quinta-feira, 8 de julho de 2021",9928,16,2,R$ 25,R$ 50
2616,"quarta-feira, 28 de julho de 2021",9517,16,2,R$ 25,R$ 50
2642,"sexta-feira, 30 de julho de 2021",3130,16,2,R$ 25,R$ 50
2897,"sexta-feira, 20 de agosto de 2021",4609,16,2,R$ 25,R$ 50
3118,"terça-feira, 7 de setembro de 2021",9555,16,2,R$ 25,R$ 50
3175,"sábado, 11 de setembro de 2021",4498,16,2,R$ 25,R$ 50
3410,"sábado, 2 de outubro de 2021",6877,16,2,R$ 25,R$ 50
4141,"sábado, 27 de novembro de 2021",5631,16,2,R$ 25,R$ 50
4223,"sexta-feira, 3 de dezembro de 2021",8374,16,2,R$ 25,R$ 50
4613,"domingo, 26 de dezembro de 2021",2879,16,2,R$ 25,R$ 50
4739,"sábado, 1 de janeiro de 2022",4681,16,2,R$ 25,R$ 50
4878,"sexta-feira, 7 de janeiro de 2022",5956,16,2,R$ 25,R$ 50
5178,"quarta-feira, 19 de janeiro de 2022",5219,16,2,R$ 25,R$ 50
5936,"quarta-feira, 16 de fevereiro de 2022",6075,16,2,R$ 25,R$ 50
6003,"sexta-feira, 18 de fevereiro de 2022",1414,16,2,R$ 25,R$ 50
6173,"quarta-feira, 23 de fevereiro de 2022",8626,16,2,R$ 25,R$ 50
6357,"quarta-feira, 2 de março de 2022",7746,16,2,R$ 25,R$ 50
6454,"domingo, 6 de março de 2022",10173,16,2,R$ 25,R$ 50
6500,"terça-feira, 8 de março de 2022",9870,16,2,R$ 25,R$ 50
7099,"quinta-feira, 31 de março de 2022",5102,16,2,R$ 25,R$ 50
7101,"quinta-feira, 31 de março de 2022",965,16,2,R$ 25,R$ 50
7123,"sexta-feira, 1 de abril de 2022",5851,16,2,R$ 25,R$ 50
7383,"domingo, 10 de abril de 2022",3601,16,2,R$ 25,R$ 50
7434,"quarta-feira, 13 de abril de 2022",1175,16,2,R$ 25,R$ 50
7447,"quarta-feira, 13 de abril de 2022",5341,16,2,R$ 25,R$ 50
7501,"sexta-feira, 15 de abril de 2022",5099,16,2,R$ 25,R$ 50
7610,"terça-feira, 19 de abril de 2022",7869,16,2,R$ 25,R$ 50
7827,"quarta-feira, 27 de abril de 2022",1343,16,2,R$ 25,R$ 50
8037,"quinta-feira, 5 de maio de 2022",5838,16,2,R$ 25,R$ 50
8176,"segunda-feira, 9 de maio de 2022",1575,16,2,R$ 25,R$ 50
8188,"terça-feira, 10 de maio de 2022",8846,16,2,R$ 25,R$ 50
8369,"terça-feira, 17 de maio de 2022",2011,16,2,R$ 25,R$ 50
8873,"sábado, 4 de junho de 2022",7336,16,2,R$ 25,R$ 50
8983,"quarta-feira, 8 de junho de 2022",783,16,2,R$ 25,R$ 50
9165,"quarta-feira, 15 de junho de 2022",1871,16,2,R$ 25,R$ 50
9282,"domingo, 19 de junho de 2022",669,16,2,R$ 25,R$ 50
9655,"domingo, 3 de julho de 2022",8486,16,2,R$ 25,R$ 50
9724,"quarta-feira, 6 de julho de 2022",3080,16,2,R$ 25,R$ 50
9820,"sábado, 9 de julho de 2022",3553,16,2,R$ 25,R$ 50
9865,"domingo, 10 de julho de 2022",1284,16,2,R$ 25,R$ 50
9941,"quarta-feira, 13 de julho de 2022",7613,16,2,R$ 25,R$ 50
10031,"sábado, 16 de julho de 2022",8427,16,2,R$ 25,R$ 50
10258,"domingo, 24 de julho de 2022",9048,16,2,R$ 25,R$ 50
10280,"segunda-feira, 25 de julho de 2022",8837,16,2,R$ 25,R$ 50
10460,"segunda-feira, 1 de agosto de 2022",4225,16,2,R$ 25,R$ 50
10848,"terça-feira, 16 de agosto de 2022",5181,16,2,R$ 25,R$ 50
11055,"quarta-feira, 24 de agosto de 2022",9787,16,2,R$ 25,R$ 50
11075,"quinta-feira, 25 de agosto de 2022",5223,16,2,R$ 25,R$ 50
11086,"quinta-feira, 25 de agosto de 2022",6608,16,2,R$ 25,R$ 50
11283,"quinta-feira, 1 de setembro de 2022",1502,16,2,R$ 25,R$ 50
11315,"sábado, 3 de setembro de 2022",5195,16,2,R$ 25,R$ 50
11659,"sexta-feira, 16 de setembro de 2022",5991,16,2,R$ 25,R$ 50
12479,"sábado, 15 de outubro de 2022",8932,16,2,R$ 25,R$ 50
12766,"terça-feira, 25 de outubro de 2022",3406,16,2,R$ 25,R$ 50
12776,"quarta-feira, 26 de outubro de 2022",378,16,2,R$ 25,R$ 50
13138,"segunda-feira, 7 de novembro de 2022",3025,16,2,R$ 25,R$ 50
13293,"domingo, 13 de novembro de 2022",24,16,2,R$ 25,R$ 50
13420,"quinta-feira, 17 de novembro de 2022",6507,16,2,R$ 25,R$ 50
13697,"terça-feira, 29 de novembro de 2022",6507,16,2,R$ 25,R$ 50
26,"quarta-feira, 13 de janeiro de 2021",5005,20,2,R$ 80,R$ 160
316,"terça-feira, 2 de fevereiro de 2021",5162,20,2,R$ 80,R$ 160
556,"segunda-feira, 22 de fevereiro de 2021",9673,20,2,R$ 80,R$ 160
943,"domingo, 21 de março de 2021",976,20,2,R$ 80,R$ 160
950,"domingo, 21 de março de 2021",4241,20,2,R$ 80,R$ 160
1221,"sexta-feira, 9 de abril de 2021",9285,20,2,R$ 80,R$ 160
1237,"sábado, 10 de abril de 2021",1783,20,2,R$ 80,R$ 160
1585,"terça-feira, 4 de maio de 2021",9977,20,2,R$ 80,R$ 160
1657,"domingo, 9 de maio de 2021",6079,20,2,R$ 80,R$ 160
2005,"domingo, 6 de junho de 2021",3081,20,2,R$ 80,R$ 160
2449,"quarta-feira, 14 de julho de 2021",8849,20,2,R$ 80,R$ 160
2706,"quarta-feira, 4 de agosto de 2021",8937,20,2,R$ 80,R$ 160
2777,"segunda-feira, 9 de agosto de 2021",4925,20,2,R$ 80,R$ 160
2786,"terça-feira, 10 de agosto de 2021",5847,20,2,R$ 80,R$ 160
2808,"quinta-feira, 12 de agosto de 2021",5009,20,2,R$ 80,R$ 160
2858,"segunda-feira, 16 de agosto de 2021",8055,20,2,R$ 80,R$ 160
2894,"sexta-feira, 20 de agosto de 2021",4253,20,2,R$ 80,R$ 160
2941,"segunda-feira, 23 de agosto de 2021",5423,20,2,R$ 80,R$ 160
3042,"quarta-feira, 1 de setembro de 2021",5580,20,2,R$ 80,R$ 160
4072,"segunda-feira, 22 de novembro de 2021",5410,20,2,R$ 80,R$ 160
4417,"quarta-feira, 15 de dezembro de 2021",4131,20,2,R$ 80,R$ 160
4534,"quarta-feira, 22 de dezembro de 2021",5153,20,2,R$ 80,R$ 160
4763,"domingo, 2 de janeiro de 2022",8534,20,2,R$ 80,R$ 160
5339,"terça-feira, 25 de janeiro de 2022",747,20,2,R$ 80,R$ 160
5498,"terça-feira, 1 de fevereiro de 2022",7063,20,2,R$ 80,R$ 160
5595,"sexta-feira, 4 de fevereiro de 2022",5019,20,2,R$ 80,R$ 160
5657,"domingo, 6 de fevereiro de 2022",5754,20,2,R$ 80,R$ 160
5781,"quinta-feira, 10 de fevereiro de 2022",6713,20,2,R$ 80,R$ 160
6335,"terça-feira, 1 de março de 2022",1297,20,2,R$ 80,R$ 160
6514,"terça-feira, 8 de março de 2022",1420,20,2,R$ 80,R$ 160
6625,"domingo, 13 de março de 2022",5148,20,2,R$ 80,R$ 160
6690,"terça-feira, 15 de março de 2022",4225,20,2,R$ 80,R$ 160
6784,"sábado, 19 de março de 2022",2492,20,2,R$ 80,R$ 160
7080,"quarta-feira, 30 de março de 2022",1785,20,2,R$ 80,R$ 160
7171,"domingo, 3 de abril de 2022",5303,20,2,R$ 80,R$ 160
7634,"quarta-feira, 20 de abril de 2022",6259,20,2,R$ 80,R$ 160
8367,"terça-feira, 17 de maio de 2022",1787,20,2,R$ 80,R$ 160
8457,"sexta-feira, 20 de maio de 2022",4372,20,2,R$ 80,R$ 160
8884,"sábado, 4 de junho de 2022",1503,20,2,R$ 80,R$ 160
9017,"quinta-feira, 9 de junho de 2022",1785,20,2,R$ 80,R$ 160
9109,"segunda-feira, 13 de junho de 2022",8029,20,2,R$ 80,R$ 160
9137,"terça-feira, 14 de junho de 2022",6581,20,2,R$ 80,R$ 160
9471,"domingo, 26 de junho de 2022",4868,20,2,R$ 80,R$ 160
9716,"terça-feira, 5 de julho de 2022",6100,20,2,R$ 80,R$ 160
9926,"terça-feira, 12 de julho de 2022",5863,20,2,R$ 80,R$ 160
10534,"quinta-feira, 4 de agosto de 2022",366,20,2,R$ 80,R$ 160
10640,"segunda-feira, 8 de agosto de 2022",5957,20,2,R$ 80,R$ 160
10868,"terça-feira, 16 de agosto de 2022",10002,20,2,R$ 80,R$ 160
10889,"quarta-feira, 17 de agosto de 2022",3941,20,2,R$ 80,R$ 160
10966,"sábado, 20 de agosto de 2022",8434,20,2,R$ 80,R$ 160
11019,"terça-feira, 23 de agosto de 2022",2295,20,2,R$ 80,R$ 160
11266,"quinta-feira, 1 de setembro de 2022",7831,20,2,R$ 80,R$ 160
11465,"sexta-feira, 9 de setembro de 2022",1896,20,2,R$ 80,R$ 160
11559,"segunda-feira, 12 de setembro de 2022",8427,20,2,R$ 80,R$ 160
11978,"terça-feira, 27 de setembro de 2022",5676,20,2,R$ 80,R$ 160
12006,"quarta-feira, 28 de setembro de 2022",6153,20,2,R$ 80,R$ 160
12212,"quinta-feira, 6 de outubro de 2022",7559,20,2,R$ 80,R$ 160
12430,"quinta-feira, 13 de outubro de 2022",506,20,2,R$ 80,R$ 160
12808,"quinta-feira, 27 de outubro de 2022",9571,20,2,R$ 80,R$ 160
13088,"domingo, 6 de novembro de 2022",2553,20,2,R$ 80,R$ 160
13301,"domingo, 13 de novembro de 2022",5916,20,2,R$ 80,R$ 160
13484,"domingo, 20 de novembro de 2022",9401,20,2,R$ 80,R$ 160
13535,"terça-feira, 22 de novembro de 2022",742,20,2,R$ 80,R$ 160
13977,"domingo, 18 de dezembro de 2022",5532,20,2,R$ 80,R$ 160
10,"segunda-feira, 28 de dezembro de 2020",7938,1,2,R$ 21,R$ 42
29,"sábado, 16 de janeiro de 2021",3196,12,2,R$ 46,R$ 92
52,"segunda-feira, 4 de janeiro de 2021",566,8,2,R$ 45,R$ 90
104,"quarta-feira, 13 de janeiro de 2021",1429,6,2,R$ 20,R$ 40
116,"sexta-feira, 15 de janeiro de 2021",3861,1,2,R$ 21,R$ 42
133,"domingo, 17 de janeiro de 2021",1900,9,2,R$ 30,R$ 60
138,"domingo, 17 de janeiro de 2021",8259,11,2,R$ 42,R$ 84
153,"segunda-feira, 18 de janeiro de 2021",4564,5,2,R$ 7,R$ 14
165,"terça-feira, 19 de janeiro de 2021",5238,4,2,R$ 6,R$ 12
169,"terça-feira, 19 de janeiro de 2021",5388,5,2,R$ 7,R$ 14
177,"quarta-feira, 20 de janeiro de 2021",7845,14,2,"R$ 2,5",R$ 5
195,"sábado, 23 de janeiro de 2021",2143,9,2,R$ 30,R$ 60
217,"segunda-feira, 25 de janeiro de 2021",4457,12,2,R$ 46,R$ 92
233,"quarta-feira, 27 de janeiro de 2021",2664,5,2,R$ 7,R$ 14
259,"sexta-feira, 29 de janeiro de 2021",3153,6,2,R$ 20,R$ 40
260,"sexta-feira, 29 de janeiro de 2021",4179,17,2,R$ 60,R$ 120
277,"sábado, 30 de janeiro de 2021",6204,19,2,R$ 40,R$ 80
284,"domingo, 31 de janeiro de 2021",9390,19,2,R$ 40,R$ 80
313,"terça-feira, 2 de fevereiro de 2021",2396,18,2,R$ 45,R$ 90
355,"sexta-feira, 5 de fevereiro de 2021",6854,19,2,R$ 40,R$ 80
383,"domingo, 7 de fevereiro de 2021",2613,15,2,R$ 7,R$ 14
389,"domingo, 7 de fevereiro de 2021",3415,6,2,R$ 20,R$ 40
394,"segunda-feira, 8 de fevereiro de 2021",8634,18,2,R$ 45,R$ 90
399,"segunda-feira, 8 de fevereiro de 2021",1005,6,2,R$ 20,R$ 40
482,"terça-feira, 16 de fevereiro de 2021",6957,2,2,R$ 24,R$ 48
546,"domingo, 21 de fevereiro de 2021",8556,8,2,R$ 45,R$ 90
548,"domingo, 21 de fevereiro de 2021",5462,18,2,R$ 45,R$ 90
552,"segunda-feira, 22 de fevereiro de 2021",2443,19,2,R$ 40,R$ 80
554,"segunda-feira, 22 de fevereiro de 2021",2547,4,2,R$ 6,R$ 12
560,"segunda-feira, 22 de fevereiro de 2021",746,17,2,R$ 60,R$ 120
592,"quinta-feira, 25 de fevereiro de 2021",1648,3,2,R$ 27,R$ 54
607,"sábado, 27 de fevereiro de 2021",5026,15,2,R$ 7,R$ 14
616,"domingo, 28 de fevereiro de 2021",5647,5,2,R$ 7,R$ 14
642,"domingo, 28 de fevereiro de 2021",3386,5,2,R$ 7,R$ 14
656,"segunda-feira, 1 de março de 2021",1743,19,2,R$ 40,R$ 80
700,"quinta-feira, 4 de março de 2021",5397,12,2,R$ 46,R$ 92
711,"sexta-feira, 5 de março de 2021",2086,1,2,R$ 21,R$ 42
723,"sábado, 6 de março de 2021",1774,1,2,R$ 21,R$ 42
731,"domingo, 7 de março de 2021",5553,6,2,R$ 20,R$ 40
735,"domingo, 7 de março de 2021",2327,4,2,R$ 6,R$ 12
746,"segunda-feira, 8 de março de 2021",1533,9,2,R$ 30,R$ 60
753,"segunda-feira, 8 de março de 2021",190,5,2,R$ 7,R$ 14
789,"quinta-feira, 11 de março de 2021",7580,4,2,R$ 6,R$ 12
809,"sexta-feira, 12 de março de 2021",7051,14,2,"R$ 2,5",R$ 5
834,"sábado, 13 de março de 2021",4162,9,2,R$ 30,R$ 60
841,"domingo, 14 de março de 2021",8318,3,2,R$ 27,R$ 54
894,"quinta-feira, 18 de março de 2021",4808,6,2,R$ 20,R$ 40
965,"terça-feira, 23 de março de 2021",5452,2,2,R$ 24,R$ 48
993,"quinta-feira, 25 de março de 2021",4617,15,2,R$ 7,R$ 14
1023,"sábado, 27 de março de 2021",3286,3,2,R$ 27,R$ 54
1045,"domingo, 28 de março de 2021",4540,9,2,R$ 30,R$ 60
1054,"domingo, 28 de março de 2021",9812,11,2,R$ 42,R$ 84
1080,"terça-feira, 30 de março de 2021",5162,5,2,R$ 7,R$ 14
1085,"terça-feira, 30 de março de 2021",2211,18,2,R$ 45,R$ 90
1093,"terça-feira, 30 de março de 2021",3037,15,2,R$ 7,R$ 14
1124,"sexta-feira, 2 de abril de 2021",9593,6,2,R$ 20,R$ 40
1142,"sábado, 3 de abril de 2021",7432,2,2,R$ 24,R$ 48
1152,"domingo, 4 de abril de 2021",1696,12,2,R$ 46,R$ 92
1157,"domingo, 4 de abril de 2021",1071,14,2,"R$ 2,5",R$ 5
1158,"domingo, 4 de abril de 2021",4651,15,2,R$ 7,R$ 14
1162,"domingo, 4 de abril de 2021",8593,19,2,R$ 40,R$ 80
1163,"segunda-feira, 5 de abril de 2021",1446,9,2,R$ 30,R$ 60
1178,"segunda-feira, 5 de abril de 2021",1057,1,2,R$ 21,R$ 42
1202,"quarta-feira, 7 de abril de 2021",1271,19,2,R$ 40,R$ 80
1204,"quarta-feira, 7 de abril de 2021",1138,14,2,"R$ 2,5",R$ 5
1218,"sexta-feira, 9 de abril de 2021",652,4,2,R$ 6,R$ 12
1222,"sexta-feira, 9 de abril de 2021",5060,11,2,R$ 42,R$ 84
1225,"sexta-feira, 9 de abril de 2021",5346,2,2,R$ 24,R$ 48
1247,"domingo, 11 de abril de 2021",378,11,2,R$ 42,R$ 84
1273,"segunda-feira, 12 de abril de 2021",4642,9,2,R$ 30,R$ 60
1278,"terça-feira, 13 de abril de 2021",3250,18,2,R$ 45,R$ 90
1292,"quarta-feira, 14 de abril de 2021",1794,11,2,R$ 42,R$ 84
1300,"quarta-feira, 14 de abril de 2021",4597,17,2,R$ 60,R$ 120
1303,"quarta-feira, 14 de abril de 2021",9487,19,2,R$ 40,R$ 80
1336,"sexta-feira, 16 de abril de 2021",7657,6,2,R$ 20,R$ 40
1369,"segunda-feira, 19 de abril de 2021",3163,19,2,R$ 40,R$ 80
1430,"sexta-feira, 23 de abril de 2021",4230,14,2,"R$ 2,5",R$ 5
1445,"sábado, 24 de abril de 2021",6304,15,2,R$ 7,R$ 14
1459,"domingo, 25 de abril de 2021",7526,18,2,R$ 45,R$ 90
1493,"terça-feira, 27 de abril de 2021",6003,18,2,R$ 45,R$ 90
1513,"quinta-feira, 29 de abril de 2021",6313,17,2,R$ 60,R$ 120
1518,"sexta-feira, 30 de abril de 2021",4011,17,2,R$ 60,R$ 120
1536,"sábado, 1 de maio de 2021",2426,15,2,R$ 7,R$ 14
1580,"terça-feira, 4 de maio de 2021",1665,14,2,"R$ 2,5",R$ 5
1592,"quarta-feira, 5 de maio de 2021",3388,14,2,"R$ 2,5",R$ 5
1596,"quarta-feira, 5 de maio de 2021",7659,11,2,R$ 42,R$ 84
1632,"sexta-feira, 7 de maio de 2021",9401,8,2,R$ 45,R$ 90
1634,"sexta-feira, 7 de maio de 2021",3388,9,2,R$ 30,R$ 60
1637,"sexta-feira, 7 de maio de 2021",4153,18,2,R$ 45,R$ 90
1645,"sábado, 8 de maio de 2021",5060,17,2,R$ 60,R$ 120
1663,"segunda-feira, 10 de maio de 2021",5644,15,2,R$ 7,R$ 14
1666,"segunda-feira, 10 de maio de 2021",4564,11,2,R$ 42,R$ 84
1674,"terça-feira, 11 de maio de 2021",2251,11,2,R$ 42,R$ 84
1689,"quarta-feira, 12 de maio de 2021",2870,1,2,R$ 21,R$ 42
1690,"quarta-feira, 12 de maio de 2021",6480,4,2,R$ 6,R$ 12
1699,"quinta-feira, 13 de maio de 2021",1865,5,2,R$ 7,R$ 14
1702,"quinta-feira, 13 de maio de 2021",9420,1,2,R$ 21,R$ 42
1723,"sábado, 15 de maio de 2021",2335,5,2,R$ 7,R$ 14
1725,"sábado, 15 de maio de 2021",7609,11,2,R$ 42,R$ 84
1731,"sábado, 15 de maio de 2021",8059,1,2,R$ 21,R$ 42
1740,"domingo, 16 de maio de 2021",6932,9,2,R$ 30,R$ 60
1748,"segunda-feira, 17 de maio de 2021",400,12,2,R$ 46,R$ 92
1773,"quarta-feira, 19 de maio de 2021",6531,12,2,R$ 46,R$ 92
1785,"quinta-feira, 20 de maio de 2021",466,15,2,R$ 7,R$ 14
1820,"sábado, 22 de maio de 2021",4487,12,2,R$ 46,R$ 92
1825,"sábado, 22 de maio de 2021",8310,5,2,R$ 7,R$ 14
1829,"domingo, 23 de maio de 2021",769,14,2,"R$ 2,5",R$ 5
1831,"domingo, 23 de maio de 2021",3469,14,2,"R$ 2,5",R$ 5
1848,"terça-feira, 25 de maio de 2021",7133,8,2,R$ 45,R$ 90
1851,"terça-feira, 25 de maio de 2021",5819,2,2,R$ 24,R$ 48
1852,"terça-feira, 25 de maio de 2021",3937,8,2,R$ 45,R$ 90
1914,"domingo, 30 de maio de 2021",7701,11,2,R$ 42,R$ 84
1924,"domingo, 30 de maio de 2021",7865,12,2,R$ 46,R$ 92
1931,"segunda-feira, 31 de maio de 2021",2185,5,2,R$ 7,R$ 14
1944,"terça-feira, 1 de junho de 2021",5682,5,2,R$ 7,R$ 14
1955,"quarta-feira, 2 de junho de 2021",3790,15,2,R$ 7,R$ 14
1957,"quarta-feira, 2 de junho de 2021",5046,12,2,R$ 46,R$ 92
1967,"quinta-feira, 3 de junho de 2021",9728,18,2,R$ 45,R$ 90
1983,"sexta-feira, 4 de junho de 2021",8541,1,2,R$ 21,R$ 42
1988,"sexta-feira, 4 de junho de 2021",3787,18,2,R$ 45,R$ 90
2037,"quarta-feira, 9 de junho de 2021",9998,14,2,"R$ 2,5",R$ 5
2053,"sexta-feira, 11 de junho de 2021",8768,1,2,R$ 21,R$ 42
2060,"sexta-feira, 11 de junho de 2021",3409,3,2,R$ 27,R$ 54
2084,"segunda-feira, 14 de junho de 2021",8933,18,2,R$ 45,R$ 90
2086,"segunda-feira, 14 de junho de 2021",3549,15,2,R$ 7,R$ 14
2092,"terça-feira, 15 de junho de 2021",2587,14,2,"R$ 2,5",R$ 5
2138,"sábado, 19 de junho de 2021",7811,14,2,"R$ 2,5",R$ 5
2145,"domingo, 20 de junho de 2021",9144,18,2,R$ 45,R$ 90
2183,"terça-feira, 22 de junho de 2021",6647,9,2,R$ 30,R$ 60
2206,"quinta-feira, 24 de junho de 2021",9788,12,2,R$ 46,R$ 92
2207,"quinta-feira, 24 de junho de 2021",9651,6,2,R$ 20,R$ 40
2232,"sexta-feira, 25 de junho de 2021",1497,9,2,R$ 30,R$ 60
2285,"quarta-feira, 30 de junho de 2021",9237,8,2,R$ 45,R$ 90
2294,"quinta-feira, 1 de julho de 2021",5644,15,2,R$ 7,R$ 14
2322,"sábado, 3 de julho de 2021",9269,18,2,R$ 45,R$ 90
2329,"domingo, 4 de julho de 2021",4261,12,2,R$ 46,R$ 92
2341,"segunda-feira, 5 de julho de 2021",7262,5,2,R$ 7,R$ 14
2360,"quarta-feira, 7 de julho de 2021",4253,9,2,R$ 30,R$ 60
2412,"domingo, 11 de julho de 2021",9078,14,2,"R$ 2,5",R$ 5
2423,"segunda-feira, 12 de julho de 2021",7596,1,2,R$ 21,R$ 42
2431,"terça-feira, 13 de julho de 2021",8587,17,2,R$ 60,R$ 120
2480,"sábado, 17 de julho de 2021",4118,14,2,"R$ 2,5",R$ 5
2503,"domingo, 18 de julho de 2021",5702,19,2,R$ 40,R$ 80
2504,"domingo, 18 de julho de 2021",3409,9,2,R$ 30,R$ 60
2505,"domingo, 18 de julho de 2021",8851,15,2,R$ 7,R$ 14
2529,"terça-feira, 20 de julho de 2021",5419,9,2,R$ 30,R$ 60
2557,"quinta-feira, 22 de julho de 2021",1584,3,2,R$ 27,R$ 54
2582,"domingo, 25 de julho de 2021",8015,18,2,R$ 45,R$ 90
2604,"segunda-feira, 26 de julho de 2021",6105,12,2,R$ 46,R$ 92
2614,"terça-feira, 27 de julho de 2021",3567,4,2,R$ 6,R$ 12
2627,"quinta-feira, 29 de julho de 2021",3979,1,2,R$ 21,R$ 42
2650,"sábado, 31 de julho de 2021",1234,19,2,R$ 40,R$ 80
2653,"sábado, 31 de julho de 2021",8070,6,2,R$ 20,R$ 40
2654,"sábado, 31 de julho de 2021",5720,12,2,R$ 46,R$ 92
2660,"sábado, 31 de julho de 2021",2077,1,2,R$ 21,R$ 42
2683,"segunda-feira, 2 de agosto de 2021",4257,6,2,R$ 20,R$ 40
2692,"terça-feira, 3 de agosto de 2021",5461,5,2,R$ 7,R$ 14
2787,"terça-feira, 10 de agosto de 2021",5742,11,2,R$ 42,R$ 84
2822,"sexta-feira, 13 de agosto de 2021",837,11,2,R$ 42,R$ 84
2842,"domingo, 15 de agosto de 2021",9318,14,2,"R$ 2,5",R$ 5
2845,"domingo, 15 de agosto de 2021",76,11,2,R$ 42,R$ 84
2850,"segunda-feira, 16 de agosto de 2021",4644,8,2,R$ 45,R$ 90
2851,"segunda-feira, 16 de agosto de 2021",405,4,2,R$ 6,R$ 12
2854,"segunda-feira, 16 de agosto de 2021",2065,17,2,R$ 60,R$ 120
2892,"quinta-feira, 19 de agosto de 2021",5163,9,2,R$ 30,R$ 60
2902,"sexta-feira, 20 de agosto de 2021",612,3,2,R$ 27,R$ 54
2920,"sábado, 21 de agosto de 2021",1624,5,2,R$ 7,R$ 14
2923,"sábado, 21 de agosto de 2021",6759,2,2,R$ 24,R$ 48
2930,"domingo, 22 de agosto de 2021",1035,11,2,R$ 42,R$ 84
2940,"segunda-feira, 23 de agosto de 2021",9144,18,2,R$ 45,R$ 90
2943,"segunda-feira, 23 de agosto de 2021",7343,11,2,R$ 42,R$ 84
3003,"sábado, 28 de agosto de 2021",6309,3,2,R$ 27,R$ 54
3011,"domingo, 29 de agosto de 2021",3245,1,2,R$ 21,R$ 42
3033,"terça-feira, 31 de agosto de 2021",1603,3,2,R$ 27,R$ 54
3075,"sábado, 4 de setembro de 2021",7384,14,2,"R$ 2,5",R$ 5
3081,"sábado, 4 de setembro de 2021",792,3,2,R$ 27,R$ 54
3124,"terça-feira, 7 de setembro de 2021",6074,5,2,R$ 7,R$ 14
3141,"quinta-feira, 9 de setembro de 2021",4961,9,2,R$ 30,R$ 60
3147,"sexta-feira, 10 de setembro de 2021",6452,15,2,R$ 7,R$ 14
3153,"sexta-feira, 10 de setembro de 2021",2829,17,2,R$ 60,R$ 120
3171,"sábado, 11 de setembro de 2021",8669,6,2,R$ 20,R$ 40
3210,"quarta-feira, 15 de setembro de 2021",9469,1,2,R$ 21,R$ 42
3216,"quarta-feira, 15 de setembro de 2021",9652,1,2,R$ 21,R$ 42
3223,"quinta-feira, 16 de setembro de 2021",1683,5,2,R$ 7,R$ 14
3229,"quinta-feira, 16 de setembro de 2021",7546,5,2,R$ 7,R$ 14
3234,"quinta-feira, 16 de setembro de 2021",7032,8,2,R$ 45,R$ 90
3243,"sexta-feira, 17 de setembro de 2021",7032,2,2,R$ 24,R$ 48
3244,"sexta-feira, 17 de setembro de 2021",6471,15,2,R$ 7,R$ 14
3253,"sábado, 18 de setembro de 2021",10225,15,2,R$ 7,R$ 14
3300,"quarta-feira, 22 de setembro de 2021",2981,4,2,R$ 6,R$ 12
3304,"quarta-feira, 22 de setembro de 2021",2472,3,2,R$ 27,R$ 54
3319,"sábado, 25 de setembro de 2021",3878,1,2,R$ 21,R$ 42
3320,"sábado, 25 de setembro de 2021",7370,5,2,R$ 7,R$ 14
3333,"domingo, 26 de setembro de 2021",7438,14,2,"R$ 2,5",R$ 5
3340,"segunda-feira, 27 de setembro de 2021",7095,1,2,R$ 21,R$ 42
3383,"quinta-feira, 30 de setembro de 2021",7141,5,2,R$ 7,R$ 14
3387,"sexta-feira, 1 de outubro de 2021",7487,8,2,R$ 45,R$ 90
3417,"domingo, 3 de outubro de 2021",6092,18,2,R$ 45,R$ 90
3439,"segunda-feira, 4 de outubro de 2021",1366,14,2,"R$ 2,5",R$ 5
3452,"segunda-feira, 4 de outubro de 2021",436,14,2,"R$ 2,5",R$ 5
3472,"quarta-feira, 6 de outubro de 2021",6590,1,2,R$ 21,R$ 42
3496,"quinta-feira, 7 de outubro de 2021",26,2,2,R$ 24,R$ 48
3506,"sexta-feira, 8 de outubro de 2021",2460,2,2,R$ 24,R$ 48
3520,"sábado, 9 de outubro de 2021",2599,19,2,R$ 40,R$ 80
3532,"domingo, 10 de outubro de 2021",8356,2,2,R$ 24,R$ 48
3543,"segunda-feira, 11 de outubro de 2021",3776,12,2,R$ 46,R$ 92
3549,"segunda-feira, 11 de outubro de 2021",4798,6,2,R$ 20,R$ 40
3562,"quarta-feira, 13 de outubro de 2021",2201,18,2,R$ 45,R$ 90
3588,"sexta-feira, 15 de outubro de 2021",2143,5,2,R$ 7,R$ 14
3593,"sexta-feira, 15 de outubro de 2021",1368,6,2,R$ 20,R$ 40
3607,"sábado, 16 de outubro de 2021",2278,19,2,R$ 40,R$ 80
3633,"terça-feira, 19 de outubro de 2021",10240,6,2,R$ 20,R$ 40
3647,"quinta-feira, 21 de outubro de 2021",7420,6,2,R$ 20,R$ 40
3649,"quinta-feira, 21 de outubro de 2021",1082,15,2,R$ 7,R$ 14
3679,"domingo, 24 de outubro de 2021",7106,9,2,R$ 30,R$ 60
3700,"segunda-feira, 25 de outubro de 2021",7642,8,2,R$ 45,R$ 90
3711,"quarta-feira, 27 de outubro de 2021",7565,8,2,R$ 45,R$ 90
3738,"sexta-feira, 29 de outubro de 2021",9667,2,2,R$ 24,R$ 48
3742,"sexta-feira, 29 de outubro de 2021",6421,6,2,R$ 20,R$ 40
3746,"sexta-feira, 29 de outubro de 2021",4359,5,2,R$ 7,R$ 14
3778,"domingo, 31 de outubro de 2021",2242,1,2,R$ 21,R$ 42
3812,"quarta-feira, 3 de novembro de 2021",4436,2,2,R$ 24,R$ 48
3833,"quinta-feira, 4 de novembro de 2021",968,4,2,R$ 6,R$ 12
3840,"sexta-feira, 5 de novembro de 2021",5999,15,2,R$ 7,R$ 14
3844,"sexta-feira, 5 de novembro de 2021",1758,17,2,R$ 60,R$ 120
3846,"sexta-feira, 5 de novembro de 2021",7112,3,2,R$ 27,R$ 54
3888,"segunda-feira, 8 de novembro de 2021",5592,5,2,R$ 7,R$ 14
3889,"segunda-feira, 8 de novembro de 2021",1696,1,2,R$ 21,R$ 42
3914,"quinta-feira, 11 de novembro de 2021",7641,4,2,R$ 6,R$ 12
3925,"sexta-feira, 12 de novembro de 2021",1696,12,2,R$ 46,R$ 92
3928,"sábado, 13 de novembro de 2021",3663,6,2,R$ 20,R$ 40
3954,"domingo, 14 de novembro de 2021",2894,5,2,R$ 7,R$ 14
3955,"domingo, 14 de novembro de 2021",5902,1,2,R$ 21,R$ 42
3971,"segunda-feira, 15 de novembro de 2021",6021,18,2,R$ 45,R$ 90
3978,"terça-feira, 16 de novembro de 2021",7915,8,2,R$ 45,R$ 90
3981,"terça-feira, 16 de novembro de 2021",2544,17,2,R$ 60,R$ 120
3982,"terça-feira, 16 de novembro de 2021",841,9,2,R$ 30,R$ 60
3995,"quarta-feira, 17 de novembro de 2021",1070,2,2,R$ 24,R$ 48
3997,"quarta-feira, 17 de novembro de 2021",3936,15,2,R$ 7,R$ 14
4007,"quinta-feira, 18 de novembro de 2021",8185,1,2,R$ 21,R$ 42
4023,"sexta-feira, 19 de novembro de 2021",4915,9,2,R$ 30,R$ 60
4031,"sexta-feira, 19 de novembro de 2021",3742,17,2,R$ 60,R$ 120
4049,"domingo, 21 de novembro de 2021",5973,4,2,R$ 6,R$ 12
4056,"domingo, 21 de novembro de 2021",1107,15,2,R$ 7,R$ 14
4059,"domingo, 21 de novembro de 2021",9439,5,2,R$ 7,R$ 14
4098,"quarta-feira, 24 de novembro de 2021",8739,2,2,R$ 24,R$ 48
4108,"quinta-feira, 25 de novembro de 2021",2150,19,2,R$ 40,R$ 80
4135,"sábado, 27 de novembro de 2021",7636,3,2,R$ 27,R$ 54
4140,"sábado, 27 de novembro de 2021",3892,1,2,R$ 21,R$ 42
4149,"sábado, 27 de novembro de 2021",7896,8,2,R$ 45,R$ 90
4206,"quinta-feira, 2 de dezembro de 2021",5022,14,2,"R$ 2,5",R$ 5
4239,"sexta-feira, 3 de dezembro de 2021",4445,1,2,R$ 21,R$ 42
4284,"segunda-feira, 6 de dezembro de 2021",3187,6,2,R$ 20,R$ 40
4287,"terça-feira, 7 de dezembro de 2021",3316,17,2,R$ 60,R$ 120
4313,"quarta-feira, 8 de dezembro de 2021",2311,15,2,R$ 7,R$ 14
4343,"sexta-feira, 10 de dezembro de 2021",4027,17,2,R$ 60,R$ 120
4364,"sábado, 11 de dezembro de 2021",9801,11,2,R$ 42,R$ 84
4378,"domingo, 12 de dezembro de 2021",4964,4,2,R$ 6,R$ 12
4382,"domingo, 12 de dezembro de 2021",8944,3,2,R$ 27,R$ 54
4392,"segunda-feira, 13 de dezembro de 2021",6367,8,2,R$ 45,R$ 90
4414,"quarta-feira, 15 de dezembro de 2021",983,15,2,R$ 7,R$ 14
4423,"quarta-feira, 15 de dezembro de 2021",2638,6,2,R$ 20,R$ 40
4425,"quarta-feira, 15 de dezembro de 2021",4412,3,2,R$ 27,R$ 54
4427,"quarta-feira, 15 de dezembro de 2021",5686,8,2,R$ 45,R$ 90
4456,"sexta-feira, 17 de dezembro de 2021",4557,17,2,R$ 60,R$ 120
4473,"sábado, 18 de dezembro de 2021",5790,9,2,R$ 30,R$ 60
4549,"quarta-feira, 22 de dezembro de 2021",4099,14,2,"R$ 2,5",R$ 5
4554,"quinta-feira, 23 de dezembro de 2021",1055,8,2,R$ 45,R$ 90
4555,"quinta-feira, 23 de dezembro de 2021",5116,12,2,R$ 46,R$ 92
4561,"quinta-feira, 23 de dezembro de 2021",8944,8,2,R$ 45,R$ 90
4567,"sexta-feira, 24 de dezembro de 2021",6557,5,2,R$ 7,R$ 14
4575,"sexta-feira, 24 de dezembro de 2021",195,18,2,R$ 45,R$ 90
4582,"sábado, 25 de dezembro de 2021",1410,9,2,R$ 30,R$ 60
4638,"segunda-feira, 27 de dezembro de 2021",389,8,2,R$ 45,R$ 90
4654,"terça-feira, 28 de dezembro de 2021",1341,14,2,"R$ 2,5",R$ 5
4660,"terça-feira, 28 de dezembro de 2021",5536,4,2,R$ 6,R$ 12
4679,"quinta-feira, 30 de dezembro de 2021",5744,9,2,R$ 30,R$ 60
4685,"quinta-feira, 30 de dezembro de 2021",916,6,2,R$ 20,R$ 40
4690,"quinta-feira, 30 de dezembro de 2021",4771,6,2,R$ 20,R$ 40
4694,"quinta-feira, 30 de dezembro de 2021",463,19,2,R$ 40,R$ 80
4712,"sexta-feira, 31 de dezembro de 2021",3463,3,2,R$ 27,R$ 54
4714,"sexta-feira, 31 de dezembro de 2021",9321,11,2,R$ 42,R$ 84
4718,"sexta-feira, 31 de dezembro de 2021",2742,8,2,R$ 45,R$ 90
4725,"sexta-feira, 31 de dezembro de 2021",9426,8,2,R$ 45,R$ 90
4728,"sábado, 1 de janeiro de 2022",4422,12,2,R$ 46,R$ 92
4743,"sábado, 1 de janeiro de 2022",3716,18,2,R$ 45,R$ 90
4750,"domingo, 2 de janeiro de 2022",2553,4,2,R$ 6,R$ 12
4806,"terça-feira, 4 de janeiro de 2022",8427,5,2,R$ 7,R$ 14
4821,"quarta-feira, 5 de janeiro de 2022",2338,9,2,R$ 30,R$ 60
4861,"quinta-feira, 6 de janeiro de 2022",9819,12,2,R$ 46,R$ 92
4904,"sábado, 8 de janeiro de 2022",1659,18,2,R$ 45,R$ 90
4905,"sábado, 8 de janeiro de 2022",1297,9,2,R$ 30,R$ 60
4918,"sábado, 8 de janeiro de 2022",6324,4,2,R$ 6,R$ 12
4920,"sábado, 8 de janeiro de 2022",8169,1,2,R$ 21,R$ 42
4936,"domingo, 9 de janeiro de 2022",3035,18,2,R$ 45,R$ 90
4946,"segunda-feira, 10 de janeiro de 2022",8414,9,2,R$ 30,R$ 60
4947,"segunda-feira, 10 de janeiro de 2022",1473,9,2,R$ 30,R$ 60
4957,"segunda-feira, 10 de janeiro de 2022",3725,3,2,R$ 27,R$ 54
4983,"terça-feira, 11 de janeiro de 2022",2015,4,2,R$ 6,R$ 12
4994,"quarta-feira, 12 de janeiro de 2022",9671,11,2,R$ 42,R$ 84
5015,"quinta-feira, 13 de janeiro de 2022",7662,3,2,R$ 27,R$ 54
5048,"sexta-feira, 14 de janeiro de 2022",6927,9,2,R$ 30,R$ 60
5083,"sábado, 15 de janeiro de 2022",7704,12,2,R$ 46,R$ 92
5102,"domingo, 16 de janeiro de 2022",8731,9,2,R$ 30,R$ 60
5137,"terça-feira, 18 de janeiro de 2022",5223,14,2,"R$ 2,5",R$ 5
5147,"terça-feira, 18 de janeiro de 2022",5773,8,2,R$ 45,R$ 90
5182,"quinta-feira, 20 de janeiro de 2022",6957,9,2,R$ 30,R$ 60
5195,"quinta-feira, 20 de janeiro de 2022",5754,17,2,R$ 60,R$ 120
5242,"sexta-feira, 21 de janeiro de 2022",4344,15,2,R$ 7,R$ 14
5323,"terça-feira, 25 de janeiro de 2022",5991,1,2,R$ 21,R$ 42
5337,"terça-feira, 25 de janeiro de 2022",4187,6,2,R$ 20,R$ 40
5359,"quarta-feira, 26 de janeiro de 2022",4655,9,2,R$ 30,R$ 60
5380,"quinta-feira, 27 de janeiro de 2022",1904,9,2,R$ 30,R$ 60
5386,"quinta-feira, 27 de janeiro de 2022",8242,11,2,R$ 42,R$ 84
5391,"sexta-feira, 28 de janeiro de 2022",2229,1,2,R$ 21,R$ 42
5419,"sábado, 29 de janeiro de 2022",3909,2,2,R$ 24,R$ 48
5422,"sábado, 29 de janeiro de 2022",1599,18,2,R$ 45,R$ 90
5490,"segunda-feira, 31 de janeiro de 2022",7152,4,2,R$ 6,R$ 12
5506,"terça-feira, 1 de fevereiro de 2022",5667,2,2,R$ 24,R$ 48
5564,"quinta-feira, 3 de fevereiro de 2022",5654,3,2,R$ 27,R$ 54
5567,"quinta-feira, 3 de fevereiro de 2022",2682,6,2,R$ 20,R$ 40
5582,"quinta-feira, 3 de fevereiro de 2022",7315,5,2,R$ 7,R$ 14
5615,"sexta-feira, 4 de fevereiro de 2022",5282,11,2,R$ 42,R$ 84
5623,"sábado, 5 de fevereiro de 2022",4285,9,2,R$ 30,R$ 60
5624,"sábado, 5 de fevereiro de 2022",5981,1,2,R$ 21,R$ 42
5642,"sábado, 5 de fevereiro de 2022",1893,1,2,R$ 21,R$ 42
5654,"domingo, 6 de fevereiro de 2022",4610,4,2,R$ 6,R$ 12
5680,"segunda-feira, 7 de fevereiro de 2022",4582,11,2,R$ 42,R$ 84
5688,"segunda-feira, 7 de fevereiro de 2022",2556,17,2,R$ 60,R$ 120
5701,"segunda-feira, 7 de fevereiro de 2022",5088,2,2,R$ 24,R$ 48
5702,"terça-feira, 8 de fevereiro de 2022",99,6,2,R$ 20,R$ 40
5743,"quarta-feira, 9 de fevereiro de 2022",8110,4,2,R$ 6,R$ 12
5747,"quarta-feira, 9 de fevereiro de 2022",3247,6,2,R$ 20,R$ 40
5768,"quinta-feira, 10 de fevereiro de 2022",5757,5,2,R$ 7,R$ 14
5774,"quinta-feira, 10 de fevereiro de 2022",10173,2,2,R$ 24,R$ 48
5788,"sexta-feira, 11 de fevereiro de 2022",275,8,2,R$ 45,R$ 90
5789,"sexta-feira, 11 de fevereiro de 2022",105,6,2,R$ 20,R$ 40
5795,"sexta-feira, 11 de fevereiro de 2022",9658,19,2,R$ 40,R$ 80
5804,"sexta-feira, 11 de fevereiro de 2022",6629,8,2,R$ 45,R$ 90
5830,"sábado, 12 de fevereiro de 2022",867,4,2,R$ 6,R$ 12
5887,"segunda-feira, 14 de fevereiro de 2022",7304,5,2,R$ 7,R$ 14
5890,"segunda-feira, 14 de fevereiro de 2022",4477,19,2,R$ 40,R$ 80
5895,"segunda-feira, 14 de fevereiro de 2022",4250,12,2,R$ 46,R$ 92
5933,"quarta-feira, 16 de fevereiro de 2022",10257,14,2,"R$ 2,5",R$ 5
5953,"quarta-feira, 16 de fevereiro de 2022",9256,5,2,R$ 7,R$ 14
5977,"quinta-feira, 17 de fevereiro de 2022",3417,3,2,R$ 27,R$ 54
5982,"quinta-feira, 17 de fevereiro de 2022",4555,2,2,R$ 24,R$ 48
5983,"quinta-feira, 17 de fevereiro de 2022",789,12,2,R$ 46,R$ 92
6016,"sábado, 19 de fevereiro de 2022",3584,11,2,R$ 42,R$ 84
6024,"sábado, 19 de fevereiro de 2022",9808,11,2,R$ 42,R$ 84
6082,"segunda-feira, 21 de fevereiro de 2022",4256,19,2,R$ 40,R$ 80
6086,"segunda-feira, 21 de fevereiro de 2022",5031,8,2,R$ 45,R$ 90
6090,"segunda-feira, 21 de fevereiro de 2022",8498,6,2,R$ 20,R$ 40
6119,"terça-feira, 22 de fevereiro de 2022",724,4,2,R$ 6,R$ 12
6129,"terça-feira, 22 de fevereiro de 2022",5102,11,2,R$ 42,R$ 84
6175,"quinta-feira, 24 de fevereiro de 2022",6997,8,2,R$ 45,R$ 90
6188,"quinta-feira, 24 de fevereiro de 2022",5636,2,2,R$ 24,R$ 48
6202,"sexta-feira, 25 de fevereiro de 2022",7128,9,2,R$ 30,R$ 60
6223,"sábado, 26 de fevereiro de 2022",9491,12,2,R$ 46,R$ 92
6239,"sábado, 26 de fevereiro de 2022",6812,17,2,R$ 60,R$ 120
6240,"sábado, 26 de fevereiro de 2022",6812,12,2,R$ 46,R$ 92
6266,"domingo, 27 de fevereiro de 2022",7664,15,2,R$ 7,R$ 14
6296,"segunda-feira, 28 de fevereiro de 2022",2814,19,2,R$ 40,R$ 80
6324,"terça-feira, 1 de março de 2022",7074,1,2,R$ 21,R$ 42
6337,"terça-feira, 1 de março de 2022",976,8,2,R$ 45,R$ 90
6343,"quarta-feira, 2 de março de 2022",1168,3,2,R$ 27,R$ 54
6349,"quarta-feira, 2 de março de 2022",8814,6,2,R$ 20,R$ 40
6379,"quinta-feira, 3 de março de 2022",2834,14,2,"R$ 2,5",R$ 5
6395,"sexta-feira, 4 de março de 2022",2557,1,2,R$ 21,R$ 42
6431,"sábado, 5 de março de 2022",3871,4,2,R$ 6,R$ 12
6433,"sábado, 5 de março de 2022",4981,5,2,R$ 7,R$ 14
6450,"domingo, 6 de março de 2022",3859,6,2,R$ 20,R$ 40
6451,"domingo, 6 de março de 2022",8923,11,2,R$ 42,R$ 84
6462,"domingo, 6 de março de 2022",6406,12,2,R$ 46,R$ 92
6479,"segunda-feira, 7 de março de 2022",6812,15,2,R$ 7,R$ 14
6496,"terça-feira, 8 de março de 2022",1783,6,2,R$ 20,R$ 40
6529,"quarta-feira, 9 de março de 2022",2591,2,2,R$ 24,R$ 48
6559,"quinta-feira, 10 de março de 2022",3242,8,2,R$ 45,R$ 90
6589,"sexta-feira, 11 de março de 2022",9134,4,2,R$ 6,R$ 12
6607,"sábado, 12 de março de 2022",5974,17,2,R$ 60,R$ 120
6630,"domingo, 13 de março de 2022",9184,1,2,R$ 21,R$ 42
6649,"segunda-feira, 14 de março de 2022",9945,15,2,R$ 7,R$ 14
6665,"segunda-feira, 14 de março de 2022",6693,2,2,R$ 24,R$ 48
6681,"terça-feira, 15 de março de 2022",568,18,2,R$ 45,R$ 90
6699,"terça-feira, 15 de março de 2022",8849,15,2,R$ 7,R$ 14
6712,"quarta-feira, 16 de março de 2022",3664,4,2,R$ 6,R$ 12
6723,"quarta-feira, 16 de março de 2022",4878,9,2,R$ 30,R$ 60
6730,"quarta-feira, 16 de março de 2022",7633,6,2,R$ 20,R$ 40
6765,"sexta-feira, 18 de março de 2022",5182,18,2,R$ 45,R$ 90
6796,"sábado, 19 de março de 2022",5207,12,2,R$ 46,R$ 92
6810,"domingo, 20 de março de 2022",1826,14,2,"R$ 2,5",R$ 5
6820,"domingo, 20 de março de 2022",8769,18,2,R$ 45,R$ 90
6850,"terça-feira, 22 de março de 2022",6075,9,2,R$ 30,R$ 60
6862,"terça-feira, 22 de março de 2022",4925,6,2,R$ 20,R$ 40
6868,"quarta-feira, 23 de março de 2022",6094,9,2,R$ 30,R$ 60
6901,"quinta-feira, 24 de março de 2022",9478,2,2,R$ 24,R$ 48
6936,"sexta-feira, 25 de março de 2022",2135,17,2,R$ 60,R$ 120
6940,"sexta-feira, 25 de março de 2022",2551,18,2,R$ 45,R$ 90
6975,"sábado, 26 de março de 2022",3162,2,2,R$ 24,R$ 48
6982,"domingo, 27 de março de 2022",6905,14,2,"R$ 2,5",R$ 5
6984,"domingo, 27 de março de 2022",2475,17,2,R$ 60,R$ 120
7008,"segunda-feira, 28 de março de 2022",6162,5,2,R$ 7,R$ 14
7034,"terça-feira, 29 de março de 2022",7977,5,2,R$ 7,R$ 14
7047,"terça-feira, 29 de março de 2022",9235,11,2,R$ 42,R$ 84
7056,"terça-feira, 29 de março de 2022",3197,15,2,R$ 7,R$ 14
7068,"quarta-feira, 30 de março de 2022",7403,4,2,R$ 6,R$ 12
7083,"quarta-feira, 30 de março de 2022",4257,5,2,R$ 7,R$ 14
7085,"quarta-feira, 30 de março de 2022",2335,11,2,R$ 42,R$ 84
7100,"quinta-feira, 31 de março de 2022",9378,6,2,R$ 20,R$ 40
7103,"quinta-feira, 31 de março de 2022",9253,4,2,R$ 6,R$ 12
7184,"domingo, 3 de abril de 2022",8351,11,2,R$ 42,R$ 84
7186,"domingo, 3 de abril de 2022",7261,8,2,R$ 45,R$ 90
7220,"segunda-feira, 4 de abril de 2022",6223,15,2,R$ 7,R$ 14
7244,"terça-feira, 5 de abril de 2022",6033,11,2,R$ 42,R$ 84
7247,"terça-feira, 5 de abril de 2022",8418,6,2,R$ 20,R$ 40
7277,"quinta-feira, 7 de abril de 2022",1259,19,2,R$ 40,R$ 80
7299,"sexta-feira, 8 de abril de 2022",5310,14,2,"R$ 2,5",R$ 5
7303,"sexta-feira, 8 de abril de 2022",5644,15,2,R$ 7,R$ 14
7311,"sexta-feira, 8 de abril de 2022",441,18,2,R$ 45,R$ 90
7335,"sábado, 9 de abril de 2022",2035,3,2,R$ 27,R$ 54
7366,"domingo, 10 de abril de 2022",1571,15,2,R$ 7,R$ 14
7371,"domingo, 10 de abril de 2022",1722,14,2,"R$ 2,5",R$ 5
7384,"domingo, 10 de abril de 2022",4235,17,2,R$ 60,R$ 120
7406,"segunda-feira, 11 de abril de 2022",1930,14,2,"R$ 2,5",R$ 5
7416,"terça-feira, 12 de abril de 2022",2151,6,2,R$ 20,R$ 40
7422,"terça-feira, 12 de abril de 2022",8228,12,2,R$ 46,R$ 92
7437,"quarta-feira, 13 de abril de 2022",3599,12,2,R$ 46,R$ 92
7452,"quarta-feira, 13 de abril de 2022",3518,12,2,R$ 46,R$ 92
7474,"quinta-feira, 14 de abril de 2022",8928,5,2,R$ 7,R$ 14
7495,"sexta-feira, 15 de abril de 2022",2587,1,2,R$ 21,R$ 42
7504,"sábado, 16 de abril de 2022",4483,6,2,R$ 20,R$ 40
7517,"sábado, 16 de abril de 2022",8418,15,2,R$ 7,R$ 14
7519,"sábado, 16 de abril de 2022",7586,12,2,R$ 46,R$ 92
7525,"sábado, 16 de abril de 2022",5481,9,2,R$ 30,R$ 60
7543,"domingo, 17 de abril de 2022",5585,15,2,R$ 7,R$ 14
7551,"domingo, 17 de abril de 2022",2433,6,2,R$ 20,R$ 40
7561,"segunda-feira, 18 de abril de 2022",1334,6,2,R$ 20,R$ 40
7573,"segunda-feira, 18 de abril de 2022",3953,9,2,R$ 30,R$ 60
7598,"terça-feira, 19 de abril de 2022",9931,14,2,"R$ 2,5",R$ 5
7608,"terça-feira, 19 de abril de 2022",8491,14,2,"R$ 2,5",R$ 5
7612,"terça-feira, 19 de abril de 2022",7457,14,2,"R$ 2,5",R$ 5
7632,"quarta-feira, 20 de abril de 2022",8020,5,2,R$ 7,R$ 14
7669,"quinta-feira, 21 de abril de 2022",4903,3,2,R$ 27,R$ 54
7681,"sexta-feira, 22 de abril de 2022",2095,9,2,R$ 30,R$ 60
7683,"sexta-feira, 22 de abril de 2022",3441,19,2,R$ 40,R$ 80
7753,"domingo, 24 de abril de 2022",1693,14,2,"R$ 2,5",R$ 5
7754,"domingo, 24 de abril de 2022",6009,3,2,R$ 27,R$ 54
7760,"domingo, 24 de abril de 2022",2371,3,2,R$ 27,R$ 54
7766,"segunda-feira, 25 de abril de 2022",4385,8,2,R$ 45,R$ 90
7800,"terça-feira, 26 de abril de 2022",7960,4,2,R$ 6,R$ 12
7808,"terça-feira, 26 de abril de 2022",3917,18,2,R$ 45,R$ 90
7831,"quarta-feira, 27 de abril de 2022",4714,6,2,R$ 20,R$ 40
7839,"quarta-feira, 27 de abril de 2022",9037,6,2,R$ 20,R$ 40
7856,"quinta-feira, 28 de abril de 2022",1551,2,2,R$ 24,R$ 48
7872,"sexta-feira, 29 de abril de 2022",7146,18,2,R$ 45,R$ 90
7892,"sexta-feira, 29 de abril de 2022",9498,8,2,R$ 45,R$ 90
7903,"sexta-feira, 29 de abril de 2022",3259,14,2,"R$ 2,5",R$ 5
7921,"sábado, 30 de abril de 2022",5558,1,2,R$ 21,R$ 42
7929,"sábado, 30 de abril de 2022",9439,5,2,R$ 7,R$ 14
7950,"segunda-feira, 2 de maio de 2022",4709,5,2,R$ 7,R$ 14
7967,"segunda-feira, 2 de maio de 2022",7328,5,2,R$ 7,R$ 14
7974,"segunda-feira, 2 de maio de 2022",9480,6,2,R$ 20,R$ 40
7977,"terça-feira, 3 de maio de 2022",2531,3,2,R$ 27,R$ 54
7992,"terça-feira, 3 de maio de 2022",8919,6,2,R$ 20,R$ 40
8001,"quarta-feira, 4 de maio de 2022",511,15,2,R$ 7,R$ 14
8014,"quarta-feira, 4 de maio de 2022",5314,1,2,R$ 21,R$ 42
8054,"quinta-feira, 5 de maio de 2022",8370,4,2,R$ 6,R$ 12
8069,"sexta-feira, 6 de maio de 2022",8022,1,2,R$ 21,R$ 42
8102,"sábado, 7 de maio de 2022",8034,4,2,R$ 6,R$ 12
8112,"sábado, 7 de maio de 2022",1265,9,2,R$ 30,R$ 60
8126,"sábado, 7 de maio de 2022",4094,9,2,R$ 30,R$ 60
8166,"segunda-feira, 9 de maio de 2022",264,6,2,R$ 20,R$ 40
8169,"segunda-feira, 9 de maio de 2022",3608,15,2,R$ 7,R$ 14
8233,"quarta-feira, 11 de maio de 2022",3643,17,2,R$ 60,R$ 120
8251,"quinta-feira, 12 de maio de 2022",1478,5,2,R$ 7,R$ 14
8295,"sábado, 14 de maio de 2022",9498,4,2,R$ 6,R$ 12
8315,"domingo, 15 de maio de 2022",1767,9,2,R$ 30,R$ 60
8320,"domingo, 15 de maio de 2022",4425,11,2,R$ 42,R$ 84
8338,"segunda-feira, 16 de maio de 2022",7337,9,2,R$ 30,R$ 60
8339,"segunda-feira, 16 de maio de 2022",6934,5,2,R$ 7,R$ 14
8401,"quarta-feira, 18 de maio de 2022",8854,11,2,R$ 42,R$ 84
8408,"quarta-feira, 18 de maio de 2022",7703,9,2,R$ 30,R$ 60
8437,"quinta-feira, 19 de maio de 2022",8928,11,2,R$ 42,R$ 84
8444,"sexta-feira, 20 de maio de 2022",767,19,2,R$ 40,R$ 80
8477,"sábado, 21 de maio de 2022",64,3,2,R$ 27,R$ 54
8479,"sábado, 21 de maio de 2022",6544,19,2,R$ 40,R$ 80
8482,"sábado, 21 de maio de 2022",4453,12,2,R$ 46,R$ 92
8489,"sábado, 21 de maio de 2022",7530,1,2,R$ 21,R$ 42
8510,"domingo, 22 de maio de 2022",1962,9,2,R$ 30,R$ 60
8511,"domingo, 22 de maio de 2022",2130,19,2,R$ 40,R$ 80
8512,"domingo, 22 de maio de 2022",10253,2,2,R$ 24,R$ 48
8514,"domingo, 22 de maio de 2022",3946,8,2,R$ 45,R$ 90
8579,"terça-feira, 24 de maio de 2022",5099,8,2,R$ 45,R$ 90
8602,"quarta-feira, 25 de maio de 2022",9026,1,2,R$ 21,R$ 42
8614,"quarta-feira, 25 de maio de 2022",8625,19,2,R$ 40,R$ 80
8615,"quarta-feira, 25 de maio de 2022",5686,12,2,R$ 46,R$ 92
8619,"quinta-feira, 26 de maio de 2022",2568,12,2,R$ 46,R$ 92
8641,"quinta-feira, 26 de maio de 2022",372,19,2,R$ 40,R$ 80
8645,"sexta-feira, 27 de maio de 2022",3879,5,2,R$ 7,R$ 14
8668,"sexta-feira, 27 de maio de 2022",8773,14,2,"R$ 2,5",R$ 5
8673,"sexta-feira, 27 de maio de 2022",1599,5,2,R$ 7,R$ 14
8681,"sábado, 28 de maio de 2022",6187,17,2,R$ 60,R$ 120
8693,"sábado, 28 de maio de 2022",1636,12,2,R$ 46,R$ 92
8704,"sábado, 28 de maio de 2022",1796,11,2,R$ 42,R$ 84
8747,"segunda-feira, 30 de maio de 2022",6829,8,2,R$ 45,R$ 90
8763,"terça-feira, 31 de maio de 2022",4925,2,2,R$ 24,R$ 48
8771,"terça-feira, 31 de maio de 2022",6560,17,2,R$ 60,R$ 120
8819,"quinta-feira, 2 de junho de 2022",8853,11,2,R$ 42,R$ 84
8851,"sexta-feira, 3 de junho de 2022",6804,6,2,R$ 20,R$ 40
8862,"sexta-feira, 3 de junho de 2022",9791,11,2,R$ 42,R$ 84
8863,"sábado, 4 de junho de 2022",5271,15,2,R$ 7,R$ 14
8869,"sábado, 4 de junho de 2022",9527,15,2,R$ 7,R$ 14
8881,"sábado, 4 de junho de 2022",4467,17,2,R$ 60,R$ 120
8887,"sábado, 4 de junho de 2022",210,19,2,R$ 40,R$ 80
8908,"domingo, 5 de junho de 2022",6804,5,2,R$ 7,R$ 14
8932,"segunda-feira, 6 de junho de 2022",2759,12,2,R$ 46,R$ 92
8951,"terça-feira, 7 de junho de 2022",5014,17,2,R$ 60,R$ 120
8955,"terça-feira, 7 de junho de 2022",2391,8,2,R$ 45,R$ 90
8957,"terça-feira, 7 de junho de 2022",6216,18,2,R$ 45,R$ 90
8965,"terça-feira, 7 de junho de 2022",1498,1,2,R$ 21,R$ 42
8977,"quarta-feira, 8 de junho de 2022",2082,5,2,R$ 7,R$ 14
8978,"quarta-feira, 8 de junho de 2022",8592,4,2,R$ 6,R$ 12
8989,"quarta-feira, 8 de junho de 2022",3567,3,2,R$ 27,R$ 54
9045,"sexta-feira, 10 de junho de 2022",4225,5,2,R$ 7,R$ 14
9136,"terça-feira, 14 de junho de 2022",6034,17,2,R$ 60,R$ 120
9188,"quinta-feira, 16 de junho de 2022",1795,9,2,R$ 30,R$ 60
9189,"quinta-feira, 16 de junho de 2022",872,1,2,R$ 21,R$ 42
9224,"sexta-feira, 17 de junho de 2022",9870,14,2,"R$ 2,5",R$ 5
9234,"sexta-feira, 17 de junho de 2022",4175,14,2,"R$ 2,5",R$ 5
9236,"sexta-feira, 17 de junho de 2022",5124,2,2,R$ 24,R$ 48
9245,"sábado, 18 de junho de 2022",6004,5,2,R$ 7,R$ 14
9279,"domingo, 19 de junho de 2022",7039,12,2,R$ 46,R$ 92
9281,"domingo, 19 de junho de 2022",8786,12,2,R$ 46,R$ 92
9331,"terça-feira, 21 de junho de 2022",1853,5,2,R$ 7,R$ 14
9337,"terça-feira, 21 de junho de 2022",5290,12,2,R$ 46,R$ 92
9348,"terça-feira, 21 de junho de 2022",5223,1,2,R$ 21,R$ 42
9354,"quarta-feira, 22 de junho de 2022",7945,15,2,R$ 7,R$ 14
9358,"quarta-feira, 22 de junho de 2022",1701,19,2,R$ 40,R$ 80
9359,"quarta-feira, 22 de junho de 2022",3645,2,2,R$ 24,R$ 48
9361,"quarta-feira, 22 de junho de 2022",7915,15,2,R$ 7,R$ 14
9397,"quinta-feira, 23 de junho de 2022",6272,3,2,R$ 27,R$ 54
9411,"sexta-feira, 24 de junho de 2022",114,15,2,R$ 7,R$ 14
9460,"domingo, 26 de junho de 2022",365,19,2,R$ 40,R$ 80
9490,"segunda-feira, 27 de junho de 2022",6047,8,2,R$ 45,R$ 90
9519,"terça-feira, 28 de junho de 2022",1402,6,2,R$ 20,R$ 40
9533,"quarta-feira, 29 de junho de 2022",8970,19,2,R$ 40,R$ 80
9587,"sexta-feira, 1 de julho de 2022",497,15,2,R$ 7,R$ 14
9600,"sexta-feira, 1 de julho de 2022",7630,3,2,R$ 27,R$ 54
9613,"sábado, 2 de julho de 2022",5691,1,2,R$ 21,R$ 42
9647,"domingo, 3 de julho de 2022",3539,2,2,R$ 24,R$ 48
9654,"domingo, 3 de julho de 2022",6033,15,2,R$ 7,R$ 14
9669,"segunda-feira, 4 de julho de 2022",1503,2,2,R$ 24,R$ 48
9672,"segunda-feira, 4 de julho de 2022",9097,14,2,"R$ 2,5",R$ 5
9741,"quarta-feira, 6 de julho de 2022",3564,9,2,R$ 30,R$ 60
9751,"quarta-feira, 6 de julho de 2022",1593,2,2,R$ 24,R$ 48
9772,"quinta-feira, 7 de julho de 2022",10173,11,2,R$ 42,R$ 84
9778,"quinta-feira, 7 de julho de 2022",5453,15,2,R$ 7,R$ 14
9863,"domingo, 10 de julho de 2022",8270,11,2,R$ 42,R$ 84
9873,"segunda-feira, 11 de julho de 2022",322,8,2,R$ 45,R$ 90
9879,"segunda-feira, 11 de julho de 2022",5755,3,2,R$ 27,R$ 54
9892,"segunda-feira, 11 de julho de 2022",9359,18,2,R$ 45,R$ 90
9904,"terça-feira, 12 de julho de 2022",7868,15,2,R$ 7,R$ 14
9946,"quarta-feira, 13 de julho de 2022",7807,19,2,R$ 40,R$ 80
9953,"quarta-feira, 13 de julho de 2022",8731,15,2,R$ 7,R$ 14
9982,"quinta-feira, 14 de julho de 2022",1874,8,2,R$ 45,R$ 90
9984,"quinta-feira, 14 de julho de 2022",9610,11,2,R$ 42,R$ 84
9997,"sexta-feira, 15 de julho de 2022",3210,19,2,R$ 40,R$ 80
10046,"sábado, 16 de julho de 2022",6034,15,2,R$ 7,R$ 14
10070,"domingo, 17 de julho de 2022",5167,11,2,R$ 42,R$ 84
10082,"segunda-feira, 18 de julho de 2022",1744,4,2,R$ 6,R$ 12
10092,"segunda-feira, 18 de julho de 2022",3692,12,2,R$ 46,R$ 92
10109,"segunda-feira, 18 de julho de 2022",3439,9,2,R$ 30,R$ 60
10118,"terça-feira, 19 de julho de 2022",878,8,2,R$ 45,R$ 90
10162,"quarta-feira, 20 de julho de 2022",4780,12,2,R$ 46,R$ 92
10169,"quinta-feira, 21 de julho de 2022",8448,12,2,R$ 46,R$ 92
10217,"sexta-feira, 22 de julho de 2022",3583,18,2,R$ 45,R$ 90
10219,"sexta-feira, 22 de julho de 2022",7813,1,2,R$ 21,R$ 42
10235,"sábado, 23 de julho de 2022",8892,17,2,R$ 60,R$ 120
10237,"domingo, 24 de julho de 2022",4858,5,2,R$ 7,R$ 14
10238,"domingo, 24 de julho de 2022",2135,5,2,R$ 7,R$ 14
10282,"segunda-feira, 25 de julho de 2022",1097,12,2,R$ 46,R$ 92
10291,"terça-feira, 26 de julho de 2022",7656,4,2,R$ 6,R$ 12
10340,"quarta-feira, 27 de julho de 2022",6495,19,2,R$ 40,R$ 80
10392,"sexta-feira, 29 de julho de 2022",5981,2,2,R$ 24,R$ 48
10409,"sábado, 30 de julho de 2022",4048,9,2,R$ 30,R$ 60
10421,"domingo, 31 de julho de 2022",4225,6,2,R$ 20,R$ 40
10428,"domingo, 31 de julho de 2022",6044,17,2,R$ 60,R$ 120
10462,"terça-feira, 2 de agosto de 2022",3186,17,2,R$ 60,R$ 120
10498,"quarta-feira, 3 de agosto de 2022",5541,17,2,R$ 60,R$ 120
10500,"quarta-feira, 3 de agosto de 2022",2510,14,2,"R$ 2,5",R$ 5
10516,"quarta-feira, 3 de agosto de 2022",3810,2,2,R$ 24,R$ 48
10524,"quinta-feira, 4 de agosto de 2022",8670,12,2,R$ 46,R$ 92
10525,"quinta-feira, 4 de agosto de 2022",6429,9,2,R$ 30,R$ 60
10549,"sexta-feira, 5 de agosto de 2022",2618,6,2,R$ 20,R$ 40
10552,"sexta-feira, 5 de agosto de 2022",5804,8,2,R$ 45,R$ 90
10562,"sexta-feira, 5 de agosto de 2022",10033,1,2,R$ 21,R$ 42
10578,"sábado, 6 de agosto de 2022",1542,12,2,R$ 46,R$ 92
10609,"domingo, 7 de agosto de 2022",2316,2,2,R$ 24,R$ 48
10621,"segunda-feira, 8 de agosto de 2022",1438,14,2,"R$ 2,5",R$ 5
10645,"segunda-feira, 8 de agosto de 2022",7683,17,2,R$ 60,R$ 120
10654,"terça-feira, 9 de agosto de 2022",2551,17,2,R$ 60,R$ 120
10655,"terça-feira, 9 de agosto de 2022",2646,2,2,R$ 24,R$ 48
10681,"terça-feira, 9 de agosto de 2022",5317,9,2,R$ 30,R$ 60
10699,"quarta-feira, 10 de agosto de 2022",7793,19,2,R$ 40,R$ 80
10721,"quinta-feira, 11 de agosto de 2022",1643,2,2,R$ 24,R$ 48
10722,"quinta-feira, 11 de agosto de 2022",3410,11,2,R$ 42,R$ 84
10751,"sexta-feira, 12 de agosto de 2022",7227,15,2,R$ 7,R$ 14
10777,"sábado, 13 de agosto de 2022",5594,17,2,R$ 60,R$ 120
10778,"sábado, 13 de agosto de 2022",9488,19,2,R$ 40,R$ 80
10781,"sábado, 13 de agosto de 2022",4118,18,2,R$ 45,R$ 90
10799,"domingo, 14 de agosto de 2022",6970,15,2,R$ 7,R$ 14
10811,"domingo, 14 de agosto de 2022",9488,14,2,"R$ 2,5",R$ 5
10812,"domingo, 14 de agosto de 2022",6289,14,2,"R$ 2,5",R$ 5
10829,"segunda-feira, 15 de agosto de 2022",6995,2,2,R$ 24,R$ 48
10865,"terça-feira, 16 de agosto de 2022",518,3,2,R$ 27,R$ 54
10877,"quarta-feira, 17 de agosto de 2022",7133,19,2,R$ 40,R$ 80
10892,"quarta-feira, 17 de agosto de 2022",2162,18,2,R$ 45,R$ 90
10901,"quarta-feira, 17 de agosto de 2022",5348,6,2,R$ 20,R$ 40
10902,"quarta-feira, 17 de agosto de 2022",6644,2,2,R$ 24,R$ 48
10903,"quinta-feira, 18 de agosto de 2022",6677,12,2,R$ 46,R$ 92
10904,"quinta-feira, 18 de agosto de 2022",2022,9,2,R$ 30,R$ 60
10935,"sexta-feira, 19 de agosto de 2022",8857,11,2,R$ 42,R$ 84
10943,"sexta-feira, 19 de agosto de 2022",8975,11,2,R$ 42,R$ 84
10948,"sábado, 20 de agosto de 2022",3390,8,2,R$ 45,R$ 90
10949,"sábado, 20 de agosto de 2022",8270,8,2,R$ 45,R$ 90
10972,"domingo, 21 de agosto de 2022",5956,14,2,"R$ 2,5",R$ 5
10973,"domingo, 21 de agosto de 2022",680,5,2,R$ 7,R$ 14
10988,"domingo, 21 de agosto de 2022",7237,15,2,R$ 7,R$ 14
10992,"domingo, 21 de agosto de 2022",8279,5,2,R$ 7,R$ 14
11011,"segunda-feira, 22 de agosto de 2022",9149,1,2,R$ 21,R$ 42
11023,"terça-feira, 23 de agosto de 2022",3085,9,2,R$ 30,R$ 60
11025,"terça-feira, 23 de agosto de 2022",4443,17,2,R$ 60,R$ 120
11027,"terça-feira, 23 de agosto de 2022",9939,2,2,R$ 24,R$ 48
11048,"quarta-feira, 24 de agosto de 2022",2182,17,2,R$ 60,R$ 120
11084,"quinta-feira, 25 de agosto de 2022",7121,14,2,"R$ 2,5",R$ 5
11085,"quinta-feira, 25 de agosto de 2022",7016,12,2,R$ 46,R$ 92
11100,"quinta-feira, 25 de agosto de 2022",4334,2,2,R$ 24,R$ 48
11118,"sexta-feira, 26 de agosto de 2022",1090,6,2,R$ 20,R$ 40
11129,"sábado, 27 de agosto de 2022",7936,12,2,R$ 46,R$ 92
11130,"sábado, 27 de agosto de 2022",2258,18,2,R$ 45,R$ 90
11134,"sábado, 27 de agosto de 2022",9685,9,2,R$ 30,R$ 60
11139,"sábado, 27 de agosto de 2022",9766,11,2,R$ 42,R$ 84
11144,"sábado, 27 de agosto de 2022",6297,1,2,R$ 21,R$ 42
11202,"terça-feira, 30 de agosto de 2022",6347,15,2,R$ 7,R$ 14
11243,"quarta-feira, 31 de agosto de 2022",2446,11,2,R$ 42,R$ 84
11268,"quinta-feira, 1 de setembro de 2022",144,14,2,"R$ 2,5",R$ 5
11330,"sábado, 3 de setembro de 2022",4958,6,2,R$ 20,R$ 40
11374,"segunda-feira, 5 de setembro de 2022",2450,18,2,R$ 45,R$ 90
11397,"terça-feira, 6 de setembro de 2022",5040,3,2,R$ 27,R$ 54
11418,"quarta-feira, 7 de setembro de 2022",1074,11,2,R$ 42,R$ 84
11424,"quarta-feira, 7 de setembro de 2022",9304,11,2,R$ 42,R$ 84
11452,"quinta-feira, 8 de setembro de 2022",8151,19,2,R$ 40,R$ 80
11456,"sexta-feira, 9 de setembro de 2022",3104,14,2,"R$ 2,5",R$ 5
11457,"sexta-feira, 9 de setembro de 2022",4026,8,2,R$ 45,R$ 90
11489,"sábado, 10 de setembro de 2022",4325,17,2,R$ 60,R$ 120
11507,"sábado, 10 de setembro de 2022",9972,19,2,R$ 40,R$ 80
11515,"sábado, 10 de setembro de 2022",6749,4,2,R$ 6,R$ 12
11562,"segunda-feira, 12 de setembro de 2022",2880,11,2,R$ 42,R$ 84
11578,"terça-feira, 13 de setembro de 2022",9321,15,2,R$ 7,R$ 14
11607,"quarta-feira, 14 de setembro de 2022",1415,14,2,"R$ 2,5",R$ 5
11630,"quinta-feira, 15 de setembro de 2022",8966,5,2,R$ 7,R$ 14
11646,"quinta-feira, 15 de setembro de 2022",9144,4,2,R$ 6,R$ 12
11663,"sexta-feira, 16 de setembro de 2022",1090,12,2,R$ 46,R$ 92
11664,"sexta-feira, 16 de setembro de 2022",4780,8,2,R$ 45,R$ 90
11691,"sábado, 17 de setembro de 2022",6684,9,2,R$ 30,R$ 60
11692,"sábado, 17 de setembro de 2022",5221,5,2,R$ 7,R$ 14
11705,"sábado, 17 de setembro de 2022",3909,12,2,R$ 46,R$ 92
11706,"sábado, 17 de setembro de 2022",2601,5,2,R$ 7,R$ 14
11721,"domingo, 18 de setembro de 2022",6644,5,2,R$ 7,R$ 14
11722,"domingo, 18 de setembro de 2022",7934,14,2,"R$ 2,5",R$ 5
11745,"segunda-feira, 19 de setembro de 2022",6940,2,2,R$ 24,R$ 48
11748,"segunda-feira, 19 de setembro de 2022",6975,11,2,R$ 42,R$ 84
11756,"segunda-feira, 19 de setembro de 2022",3888,17,2,R$ 60,R$ 120
11766,"terça-feira, 20 de setembro de 2022",6348,18,2,R$ 45,R$ 90
11767,"terça-feira, 20 de setembro de 2022",9634,15,2,R$ 7,R$ 14
11776,"terça-feira, 20 de setembro de 2022",5077,17,2,R$ 60,R$ 120
11834,"quinta-feira, 22 de setembro de 2022",6175,6,2,R$ 20,R$ 40
11847,"quinta-feira, 22 de setembro de 2022",1788,9,2,R$ 30,R$ 60
11855,"sexta-feira, 23 de setembro de 2022",8454,17,2,R$ 60,R$ 120
11859,"sexta-feira, 23 de setembro de 2022",9037,3,2,R$ 27,R$ 54
11868,"sexta-feira, 23 de setembro de 2022",7929,11,2,R$ 42,R$ 84
11873,"sexta-feira, 23 de setembro de 2022",617,14,2,"R$ 2,5",R$ 5
11908,"sábado, 24 de setembro de 2022",1222,18,2,R$ 45,R$ 90
11925,"domingo, 25 de setembro de 2022",1742,19,2,R$ 40,R$ 80
11941,"domingo, 25 de setembro de 2022",4789,8,2,R$ 45,R$ 90
11952,"segunda-feira, 26 de setembro de 2022",10118,1,2,R$ 21,R$ 42
11965,"segunda-feira, 26 de setembro de 2022",7633,14,2,"R$ 2,5",R$ 5
11991,"terça-feira, 27 de setembro de 2022",9321,15,2,R$ 7,R$ 14
11996,"terça-feira, 27 de setembro de 2022",6744,8,2,R$ 45,R$ 90
12022,"quarta-feira, 28 de setembro de 2022",1634,17,2,R$ 60,R$ 120
12029,"quarta-feira, 28 de setembro de 2022",8668,17,2,R$ 60,R$ 120
12034,"quarta-feira, 28 de setembro de 2022",2378,3,2,R$ 27,R$ 54
12083,"sexta-feira, 30 de setembro de 2022",3179,17,2,R$ 60,R$ 120
12092,"sábado, 1 de outubro de 2022",6182,2,2,R$ 24,R$ 48
12116,"domingo, 2 de outubro de 2022",7185,15,2,R$ 7,R$ 14
12131,"domingo, 2 de outubro de 2022",6075,6,2,R$ 20,R$ 40
12142,"segunda-feira, 3 de outubro de 2022",4978,18,2,R$ 45,R$ 90
12151,"segunda-feira, 3 de outubro de 2022",9238,18,2,R$ 45,R$ 90
12159,"terça-feira, 4 de outubro de 2022",3882,19,2,R$ 40,R$ 80
12215,"quinta-feira, 6 de outubro de 2022",1610,14,2,"R$ 2,5",R$ 5
12267,"sexta-feira, 7 de outubro de 2022",866,11,2,R$ 42,R$ 84
12268,"sábado, 8 de outubro de 2022",4026,18,2,R$ 45,R$ 90
12273,"sábado, 8 de outubro de 2022",9263,11,2,R$ 42,R$ 84
12276,"sábado, 8 de outubro de 2022",7480,3,2,R$ 27,R$ 54
12278,"sábado, 8 de outubro de 2022",9387,2,2,R$ 24,R$ 48
12283,"sábado, 8 de outubro de 2022",4676,1,2,R$ 21,R$ 42
12286,"sábado, 8 de outubro de 2022",9584,14,2,"R$ 2,5",R$ 5
12324,"segunda-feira, 10 de outubro de 2022",1437,9,2,R$ 30,R$ 60
12339,"segunda-feira, 10 de outubro de 2022",4402,14,2,"R$ 2,5",R$ 5
12363,"terça-feira, 11 de outubro de 2022",9413,17,2,R$ 60,R$ 120
12364,"terça-feira, 11 de outubro de 2022",5991,19,2,R$ 40,R$ 80
12381,"quarta-feira, 12 de outubro de 2022",6693,6,2,R$ 20,R$ 40
12387,"quarta-feira, 12 de outubro de 2022",9610,14,2,"R$ 2,5",R$ 5
12399,"quarta-feira, 12 de outubro de 2022",866,9,2,R$ 30,R$ 60
12400,"quarta-feira, 12 de outubro de 2022",1183,4,2,R$ 6,R$ 12
12409,"quinta-feira, 13 de outubro de 2022",9037,8,2,R$ 45,R$ 90
12424,"quinta-feira, 13 de outubro de 2022",2070,2,2,R$ 24,R$ 48
12428,"quinta-feira, 13 de outubro de 2022",3761,8,2,R$ 45,R$ 90
12431,"quinta-feira, 13 de outubro de 2022",8751,15,2,R$ 7,R$ 14
12445,"sexta-feira, 14 de outubro de 2022",4890,18,2,R$ 45,R$ 90
12460,"sábado, 15 de outubro de 2022",7983,19,2,R$ 40,R$ 80
12517,"segunda-feira, 17 de outubro de 2022",1533,17,2,R$ 60,R$ 120
12527,"segunda-feira, 17 de outubro de 2022",5071,19,2,R$ 40,R$ 80
12545,"terça-feira, 18 de outubro de 2022",6227,9,2,R$ 30,R$ 60
12568,"quarta-feira, 19 de outubro de 2022",6151,17,2,R$ 60,R$ 120
12595,"quinta-feira, 20 de outubro de 2022",3039,3,2,R$ 27,R$ 54
12624,"quinta-feira, 20 de outubro de 2022",6982,2,2,R$ 24,R$ 48
12626,"sexta-feira, 21 de outubro de 2022",8622,11,2,R$ 42,R$ 84
12653,"sábado, 22 de outubro de 2022",7512,4,2,R$ 6,R$ 12
12689,"domingo, 23 de outubro de 2022",4049,6,2,R$ 20,R$ 40
12707,"domingo, 23 de outubro de 2022",3602,2,2,R$ 24,R$ 48
12768,"terça-feira, 25 de outubro de 2022",5700,1,2,R$ 21,R$ 42
12806,"quinta-feira, 27 de outubro de 2022",6814,9,2,R$ 30,R$ 60
12811,"quinta-feira, 27 de outubro de 2022",988,17,2,R$ 60,R$ 120
12830,"sexta-feira, 28 de outubro de 2022",5555,19,2,R$ 40,R$ 80
12845,"sexta-feira, 28 de outubro de 2022",9554,17,2,R$ 60,R$ 120
12878,"sábado, 29 de outubro de 2022",4049,17,2,R$ 60,R$ 120
12915,"segunda-feira, 31 de outubro de 2022",3643,12,2,R$ 46,R$ 92
12929,"segunda-feira, 31 de outubro de 2022",7782,9,2,R$ 30,R$ 60
12940,"terça-feira, 1 de novembro de 2022",1076,19,2,R$ 40,R$ 80
12962,"terça-feira, 1 de novembro de 2022",9306,1,2,R$ 21,R$ 42
12963,"terça-feira, 1 de novembro de 2022",3756,2,2,R$ 24,R$ 48
12965,"terça-feira, 1 de novembro de 2022",6597,12,2,R$ 46,R$ 92
12972,"terça-feira, 1 de novembro de 2022",817,4,2,R$ 6,R$ 12
13011,"quinta-feira, 3 de novembro de 2022",6964,8,2,R$ 45,R$ 90
13028,"quinta-feira, 3 de novembro de 2022",7448,17,2,R$ 60,R$ 120
13032,"quinta-feira, 3 de novembro de 2022",1646,5,2,R$ 7,R$ 14
13038,"sexta-feira, 4 de novembro de 2022",9234,6,2,R$ 20,R$ 40
13045,"sexta-feira, 4 de novembro de 2022",3571,2,2,R$ 24,R$ 48
13064,"sábado, 5 de novembro de 2022",2153,5,2,R$ 7,R$ 14
13100,"domingo, 6 de novembro de 2022",6897,18,2,R$ 45,R$ 90
13129,"segunda-feira, 7 de novembro de 2022",5366,11,2,R$ 42,R$ 84
13141,"terça-feira, 8 de novembro de 2022",3285,17,2,R$ 60,R$ 120
13158,"terça-feira, 8 de novembro de 2022",7104,2,2,R$ 24,R$ 48
13159,"terça-feira, 8 de novembro de 2022",4913,14,2,"R$ 2,5",R$ 5
13171,"quarta-feira, 9 de novembro de 2022",3986,12,2,R$ 46,R$ 92
13179,"quarta-feira, 9 de novembro de 2022",1339,3,2,R$ 27,R$ 54
13200,"quinta-feira, 10 de novembro de 2022",1466,15,2,R$ 7,R$ 14
13219,"quinta-feira, 10 de novembro de 2022",1589,6,2,R$ 20,R$ 40
13230,"sexta-feira, 11 de novembro de 2022",1390,19,2,R$ 40,R$ 80
13255,"sexta-feira, 11 de novembro de 2022",8973,11,2,R$ 42,R$ 84
13267,"sábado, 12 de novembro de 2022",5172,4,2,R$ 6,R$ 12
13292,"domingo, 13 de novembro de 2022",8140,9,2,R$ 30,R$ 60
13299,"domingo, 13 de novembro de 2022",3808,1,2,R$ 21,R$ 42
13323,"segunda-feira, 14 de novembro de 2022",7917,11,2,R$ 42,R$ 84
13344,"segunda-feira, 14 de novembro de 2022",4660,12,2,R$ 46,R$ 92
13368,"terça-feira, 15 de novembro de 2022",7702,4,2,R$ 6,R$ 12
13374,"quarta-feira, 16 de novembro de 2022",6837,9,2,R$ 30,R$ 60
13430,"sexta-feira, 18 de novembro de 2022",1162,14,2,"R$ 2,5",R$ 5
13448,"sábado, 19 de novembro de 2022",753,1,2,R$ 21,R$ 42
13453,"sábado, 19 de novembro de 2022",7874,8,2,R$ 45,R$ 90
13459,"sábado, 19 de novembro de 2022",3776,5,2,R$ 7,R$ 14
13526,"terça-feira, 22 de novembro de 2022",3125,17,2,R$ 60,R$ 120
13550,"quarta-feira, 23 de novembro de 2022",5318,17,2,R$ 60,R$ 120
13569,"quarta-feira, 23 de novembro de 2022",7243,3,2,R$ 27,R$ 54
13586,"quinta-feira, 24 de novembro de 2022",2175,4,2,R$ 6,R$ 12
13616,"sábado, 26 de novembro de 2022",6592,11,2,R$ 42,R$ 84
13632,"sábado, 26 de novembro de 2022",6934,19,2,R$ 40,R$ 80
13695,"terça-feira, 29 de novembro de 2022",8639,3,2,R$ 27,R$ 54
13739,"quarta-feira, 30 de novembro de 2022",8849,19,2,R$ 40,R$ 80
13740,"quinta-feira, 1 de dezembro de 2022",10209,1,2,R$ 21,R$ 42
13744,"quinta-feira, 1 de dezembro de 2022",4231,6,2,R$ 20,R$ 40
13746,"quinta-feira, 1 de dezembro de 2022",1367,18,2,R$ 45,R$ 90
13781,"sábado, 3 de dezembro de 2022",6897,5,2,R$ 7,R$ 14
13806,"domingo, 4 de dezembro de 2022",4843,4,2,R$ 6,R$ 12
13810,"domingo, 4 de dezembro de 2022",863,12,2,R$ 46,R$ 92
13837,"terça-feira, 6 de dezembro de 2022",7746,19,2,R$ 40,R$ 80
13867,"sexta-feira, 9 de dezembro de 2022",5114,12,2,R$ 46,R$ 92
13903,"sábado, 10 de dezembro de 2022",2862,8,2,R$ 45,R$ 90
13905,"domingo, 11 de dezembro de 2022",2725,14,2,"R$ 2,5",R$ 5
13934,"terça-feira, 13 de dezembro de 2022",2518,18,2,R$ 45,R$ 90
13974,"sábado, 17 de dezembro de 2022",6812,12,2,R$ 46,R$ 92
13999,"terça-feira, 20 de dezembro de 2022",5712,1,2,R$ 21,R$ 42
14042,"segunda-feira, 26 de dezembro de 2022",7758,17,2,R$ 60,R$ 120
14048,"terça-feira, 27 de dezembro de 2022",8338,4,2,R$ 6,R$ 12
14058,"sábado, 31 de dezembro de 2022",6153,8,2,R$ 45,R$ 90
300,"segunda-feira, 1 de fevereiro de 2021",1379,2,7,R$ 24,R$ 168
327,"terça-feira, 2 de fevereiro de 2021",9753,15,7,R$ 7,R$ 49
440,"sexta-feira, 12 de fevereiro de 2021",924,18,7,R$ 45,R$ 315
442,"sexta-feira, 12 de fevereiro de 2021",3552,12,7,R$ 46,R$ 322
485,"terça-feira, 16 de fevereiro de 2021",2775,4,7,R$ 6,R$ 42
496,"quarta-feira, 17 de fevereiro de 2021",2389,17,7,R$ 60,R$ 420
1006,"quinta-feira, 25 de março de 2021",8367,16,7,R$ 25,R$ 175
1081,"terça-feira, 30 de março de 2021",3476,1,7,R$ 21,R$ 147
1095,"quarta-feira, 31 de março de 2021",1261,8,7,R$ 45,R$ 315
1197,"quarta-feira, 7 de abril de 2021",5910,5,7,R$ 7,R$ 49
1302,"quarta-feira, 14 de abril de 2021",4231,8,7,R$ 45,R$ 315
1340,"sábado, 17 de abril de 2021",1330,4,7,R$ 6,R$ 42
1413,"quarta-feira, 21 de abril de 2021",9535,16,7,R$ 25,R$ 175
1497,"quarta-feira, 28 de abril de 2021",7514,20,7,R$ 80,R$ 560
1610,"quarta-feira, 5 de maio de 2021",1428,3,7,R$ 27,R$ 189
2013,"domingo, 6 de junho de 2021",6353,6,7,R$ 20,R$ 140
2103,"quarta-feira, 16 de junho de 2021",7310,17,7,R$ 60,R$ 420
2164,"segunda-feira, 21 de junho de 2021",2658,3,7,R$ 27,R$ 189
2233,"sexta-feira, 25 de junho de 2021",4019,9,7,R$ 30,R$ 210
2646,"sexta-feira, 30 de julho de 2021",2716,17,7,R$ 60,R$ 420
2697,"terça-feira, 3 de agosto de 2021",10192,16,7,R$ 25,R$ 175
2701,"quarta-feira, 4 de agosto de 2021",7241,17,7,R$ 60,R$ 420
2747,"sábado, 7 de agosto de 2021",5590,10,7,R$ 70,R$ 490
2861,"segunda-feira, 16 de agosto de 2021",1567,16,7,R$ 25,R$ 175
3099,"domingo, 5 de setembro de 2021",5256,15,7,R$ 7,R$ 49
3208,"quarta-feira, 15 de setembro de 2021",7241,6,7,R$ 20,R$ 140
3254,"sábado, 18 de setembro de 2021",6560,9,7,R$ 30,R$ 210
3293,"terça-feira, 21 de setembro de 2021",9176,2,7,R$ 24,R$ 168
3370,"quarta-feira, 29 de setembro de 2021",4204,16,7,R$ 25,R$ 175
3391,"sexta-feira, 1 de outubro de 2021",9745,9,7,R$ 30,R$ 210
3484,"quarta-feira, 6 de outubro de 2021",1352,14,7,"R$ 2,5","R$ 17,5"
3505,"sexta-feira, 8 de outubro de 2021",9025,12,7,R$ 46,R$ 322
3515,"sábado, 9 de outubro de 2021",296,16,7,R$ 25,R$ 175
3658,"sexta-feira, 22 de outubro de 2021",2762,7,7,R$ 60,R$ 420
3775,"domingo, 31 de outubro de 2021",1089,16,7,R$ 25,R$ 175
3829,"quinta-feira, 4 de novembro de 2021",3236,17,7,R$ 60,R$ 420
3988,"quarta-feira, 17 de novembro de 2021",5543,10,7,R$ 70,R$ 490
4005,"quinta-feira, 18 de novembro de 2021",3233,17,7,R$ 60,R$ 420
4052,"domingo, 21 de novembro de 2021",8296,1,7,R$ 21,R$ 147
4109,"quinta-feira, 25 de novembro de 2021",1285,7,7,R$ 60,R$ 420
4321,"quinta-feira, 9 de dezembro de 2021",9928,17,7,R$ 60,R$ 420
4349,"sábado, 11 de dezembro de 2021",7234,16,7,R$ 25,R$ 175
4371,"domingo, 12 de dezembro de 2021",7823,4,7,R$ 6,R$ 42
4487,"domingo, 19 de dezembro de 2021",2204,10,7,R$ 70,R$ 490
4520,"terça-feira, 21 de dezembro de 2021",7595,20,7,R$ 80,R$ 560
4521,"terça-feira, 21 de dezembro de 2021",6423,19,7,R$ 40,R$ 280
4532,"quarta-feira, 22 de dezembro de 2021",3180,10,7,R$ 70,R$ 490
4876,"sexta-feira, 7 de janeiro de 2022",6916,11,7,R$ 42,R$ 294
4886,"sexta-feira, 7 de janeiro de 2022",9929,14,7,"R$ 2,5","R$ 17,5"
4966,"terça-feira, 11 de janeiro de 2022",3691,17,7,R$ 60,R$ 420
5051,"sexta-feira, 14 de janeiro de 2022",9929,5,7,R$ 7,R$ 49
5103,"domingo, 16 de janeiro de 2022",4350,2,7,R$ 24,R$ 168
5213,"quinta-feira, 20 de janeiro de 2022",7242,20,7,R$ 80,R$ 560
5271,"domingo, 23 de janeiro de 2022",5466,11,7,R$ 42,R$ 294
5272,"domingo, 23 de janeiro de 2022",732,1,7,R$ 21,R$ 147
5297,"segunda-feira, 24 de janeiro de 2022",927,4,7,R$ 6,R$ 42
5503,"terça-feira, 1 de fevereiro de 2022",10226,18,7,R$ 45,R$ 315
5552,"quarta-feira, 2 de fevereiro de 2022",3808,12,7,R$ 46,R$ 322
5557,"quarta-feira, 2 de fevereiro de 2022",5985,16,7,R$ 25,R$ 175
5594,"sexta-feira, 4 de fevereiro de 2022",7321,12,7,R$ 46,R$ 322
5599,"sexta-feira, 4 de fevereiro de 2022",9179,10,7,R$ 70,R$ 490
5686,"segunda-feira, 7 de fevereiro de 2022",4337,2,7,R$ 24,R$ 168
5700,"segunda-feira, 7 de fevereiro de 2022",6821,10,7,R$ 70,R$ 490
5729,"terça-feira, 8 de fevereiro de 2022",9143,3,7,R$ 27,R$ 189
5816,"sábado, 12 de fevereiro de 2022",9449,4,7,R$ 6,R$ 42
5897,"segunda-feira, 14 de fevereiro de 2022",10134,11,7,R$ 42,R$ 294
5942,"quarta-feira, 16 de fevereiro de 2022",6527,7,7,R$ 60,R$ 420
5963,"quinta-feira, 17 de fevereiro de 2022",7018,5,7,R$ 7,R$ 49
5997,"sexta-feira, 18 de fevereiro de 2022",8237,20,7,R$ 80,R$ 560
6094,"segunda-feira, 21 de fevereiro de 2022",484,6,7,R$ 20,R$ 140
6434,"sábado, 5 de março de 2022",4244,15,7,R$ 7,R$ 49
6446,"domingo, 6 de março de 2022",1693,8,7,R$ 45,R$ 315
6557,"quinta-feira, 10 de março de 2022",9510,1,7,R$ 21,R$ 147
6575,"quinta-feira, 10 de março de 2022",10080,19,7,R$ 40,R$ 280
6615,"sábado, 12 de março de 2022",9307,10,7,R$ 70,R$ 490
6651,"segunda-feira, 14 de março de 2022",4804,19,7,R$ 40,R$ 280
6727,"quarta-feira, 16 de março de 2022",8106,1,7,R$ 21,R$ 147
6770,"sexta-feira, 18 de março de 2022",3495,11,7,R$ 42,R$ 294
6903,"quinta-feira, 24 de março de 2022",7155,6,7,R$ 20,R$ 140
6904,"quinta-feira, 24 de março de 2022",2582,19,7,R$ 40,R$ 280
6912,"quinta-feira, 24 de março de 2022",2378,18,7,R$ 45,R$ 315
6952,"sábado, 26 de março de 2022",3210,17,7,R$ 60,R$ 420
7046,"terça-feira, 29 de março de 2022",9300,20,7,R$ 80,R$ 560
7057,"terça-feira, 29 de março de 2022",7550,20,7,R$ 80,R$ 560
7069,"quarta-feira, 30 de março de 2022",9307,7,7,R$ 60,R$ 420
7088,"quarta-feira, 30 de março de 2022",57,9,7,R$ 30,R$ 210
7288,"quinta-feira, 7 de abril de 2022",7851,5,7,R$ 7,R$ 49
7305,"sexta-feira, 8 de abril de 2022",5985,19,7,R$ 40,R$ 280
7418,"terça-feira, 12 de abril de 2022",2970,1,7,R$ 21,R$ 147
7453,"quarta-feira, 13 de abril de 2022",4956,10,7,R$ 70,R$ 490
7462,"quinta-feira, 14 de abril de 2022",4211,6,7,R$ 20,R$ 140
7580,"segunda-feira, 18 de abril de 2022",5664,19,7,R$ 40,R$ 280
7600,"terça-feira, 19 de abril de 2022",4823,6,7,R$ 20,R$ 140
7655,"quinta-feira, 21 de abril de 2022",3748,8,7,R$ 45,R$ 315
7679,"sexta-feira, 22 de abril de 2022",6861,4,7,R$ 6,R$ 42
7693,"sexta-feira, 22 de abril de 2022",5020,13,7,R$ 50,R$ 350
7730,"sábado, 23 de abril de 2022",1062,12,7,R$ 46,R$ 322
7756,"domingo, 24 de abril de 2022",5055,5,7,R$ 7,R$ 49
7772,"segunda-feira, 25 de abril de 2022",7862,19,7,R$ 40,R$ 280
7873,"sexta-feira, 29 de abril de 2022",8118,7,7,R$ 60,R$ 420
8040,"quinta-feira, 5 de maio de 2022",6527,7,7,R$ 60,R$ 420
8379,"terça-feira, 17 de maio de 2022",5466,14,7,"R$ 2,5","R$ 17,5"
8566,"terça-feira, 24 de maio de 2022",8115,15,7,R$ 7,R$ 49
8625,"quinta-feira, 26 de maio de 2022",1770,2,7,R$ 24,R$ 168
8699,"sábado, 28 de maio de 2022",7857,8,7,R$ 45,R$ 315
8986,"quarta-feira, 8 de junho de 2022",297,20,7,R$ 80,R$ 560
9041,"sexta-feira, 10 de junho de 2022",8242,9,7,R$ 30,R$ 210
9061,"sábado, 11 de junho de 2022",5543,11,7,R$ 42,R$ 294
9148,"terça-feira, 14 de junho de 2022",670,11,7,R$ 42,R$ 294
9218,"sexta-feira, 17 de junho de 2022",4437,18,7,R$ 45,R$ 315
9220,"sexta-feira, 17 de junho de 2022",6666,12,7,R$ 46,R$ 322
9396,"quinta-feira, 23 de junho de 2022",3961,10,7,R$ 70,R$ 490
9409,"sexta-feira, 24 de junho de 2022",9243,18,7,R$ 45,R$ 315
9439,"sábado, 25 de junho de 2022",5975,19,7,R$ 40,R$ 280
9492,"segunda-feira, 27 de junho de 2022",2198,8,7,R$ 45,R$ 315
9701,"terça-feira, 5 de julho de 2022",9319,18,7,R$ 45,R$ 315
9788,"sexta-feira, 8 de julho de 2022",1408,11,7,R$ 42,R$ 294
10113,"terça-feira, 19 de julho de 2022",8522,20,7,R$ 80,R$ 560
10152,"quarta-feira, 20 de julho de 2022",2787,19,7,R$ 40,R$ 280
10264,"segunda-feira, 25 de julho de 2022",924,14,7,"R$ 2,5","R$ 17,5"
10314,"terça-feira, 26 de julho de 2022",2229,16,7,R$ 25,R$ 175
10602,"domingo, 7 de agosto de 2022",3753,10,7,R$ 70,R$ 490
10741,"sexta-feira, 12 de agosto de 2022",8337,1,7,R$ 21,R$ 147
10858,"terça-feira, 16 de agosto de 2022",8191,7,7,R$ 60,R$ 420
10908,"quinta-feira, 18 de agosto de 2022",1352,12,7,R$ 46,R$ 322
10984,"domingo, 21 de agosto de 2022",3762,13,7,R$ 50,R$ 350
11006,"segunda-feira, 22 de agosto de 2022",8173,14,7,"R$ 2,5","R$ 17,5"
11116,"sexta-feira, 26 de agosto de 2022",6945,2,7,R$ 24,R$ 168
11162,"domingo, 28 de agosto de 2022",4727,5,7,R$ 7,R$ 49
11182,"segunda-feira, 29 de agosto de 2022",5295,6,7,R$ 20,R$ 140
11209,"terça-feira, 30 de agosto de 2022",5055,9,7,R$ 30,R$ 210
11226,"terça-feira, 30 de agosto de 2022",3168,19,7,R$ 40,R$ 280
11361,"segunda-feira, 5 de setembro de 2022",1681,9,7,R$ 30,R$ 210
11552,"segunda-feira, 12 de setembro de 2022",895,12,7,R$ 46,R$ 322
11662,"sexta-feira, 16 de setembro de 2022",4947,1,7,R$ 21,R$ 147
11783,"terça-feira, 20 de setembro de 2022",2435,18,7,R$ 45,R$ 315
11808,"quarta-feira, 21 de setembro de 2022",1127,15,7,R$ 7,R$ 49
11809,"quarta-feira, 21 de setembro de 2022",3039,19,7,R$ 40,R$ 280
11886,"sexta-feira, 23 de setembro de 2022",2066,12,7,R$ 46,R$ 322
11998,"terça-feira, 27 de setembro de 2022",8304,3,7,R$ 27,R$ 189
12016,"quarta-feira, 28 de setembro de 2022",7836,1,7,R$ 21,R$ 147
12143,"segunda-feira, 3 de outubro de 2022",8376,7,7,R$ 60,R$ 420
12171,"terça-feira, 4 de outubro de 2022",9715,10,7,R$ 70,R$ 490
12310,"domingo, 9 de outubro de 2022",8388,20,7,R$ 80,R$ 560
12328,"segunda-feira, 10 de outubro de 2022",7633,8,7,R$ 45,R$ 315
12619,"quinta-feira, 20 de outubro de 2022",6895,18,7,R$ 45,R$ 315
12650,"sexta-feira, 21 de outubro de 2022",8281,14,7,"R$ 2,5","R$ 17,5"
12736,"segunda-feira, 24 de outubro de 2022",211,1,7,R$ 21,R$ 147
12746,"terça-feira, 25 de outubro de 2022",9167,4,7,R$ 6,R$ 42
12819,"quinta-feira, 27 de outubro de 2022",5642,3,7,R$ 27,R$ 189
12821,"quinta-feira, 27 de outubro de 2022",5185,7,7,R$ 60,R$ 420
12876,"sábado, 29 de outubro de 2022",4226,8,7,R$ 45,R$ 315
12888,"domingo, 30 de outubro de 2022",2918,12,7,R$ 46,R$ 322
13053,"sexta-feira, 4 de novembro de 2022",2001,5,7,R$ 7,R$ 49
13072,"sábado, 5 de novembro de 2022",8163,13,7,R$ 50,R$ 350
13176,"quarta-feira, 9 de novembro de 2022",2516,11,7,R$ 42,R$ 294
13270,"sábado, 12 de novembro de 2022",7541,8,7,R$ 45,R$ 315
13367,"terça-feira, 15 de novembro de 2022",7523,4,7,R$ 6,R$ 42
13384,"quarta-feira, 16 de novembro de 2022",6387,9,7,R$ 30,R$ 210
13414,"quinta-feira, 17 de novembro de 2022",606,9,7,R$ 30,R$ 210
13441,"sexta-feira, 18 de novembro de 2022",4426,1,7,R$ 21,R$ 147
13471,"sábado, 19 de novembro de 2022",7452,8,7,R$ 45,R$ 315
13504,"segunda-feira, 21 de novembro de 2022",8279,20,7,R$ 80,R$ 560
13519,"terça-feira, 22 de novembro de 2022",5114,8,7,R$ 45,R$ 315
13562,"quarta-feira, 23 de novembro de 2022",3916,19,7,R$ 40,R$ 280
13671,"segunda-feira, 28 de novembro de 2022",3125,1,7,R$ 21,R$ 147
13842,"terça-feira, 6 de dezembro de 2022",208,2,7,R$ 24,R$ 168
13912,"domingo, 11 de dezembro de 2022",3239,2,7,R$ 24,R$ 168
9,"domingo, 27 de dezembro de 2020",1293,3,1,R$ 27,R$ 27
170,"quarta-feira, 20 de janeiro de 2021",8830,9,1,R$ 30,R$ 30
190,"sexta-feira, 22 de janeiro de 2021",8060,6,1,R$ 20,R$ 20
329,"quarta-feira, 3 de fevereiro de 2021",3861,11,1,R$ 42,R$ 42
516,"quinta-feira, 18 de fevereiro de 2021",8587,11,1,R$ 42,R$ 42
726,"sábado, 6 de março de 2021",3211,4,1,R$ 6,R$ 6
895,"quinta-feira, 18 de março de 2021",7456,16,1,R$ 25,R$ 25
913,"sexta-feira, 19 de março de 2021",5847,14,1,"R$ 2,5","R$ 2,5"
964,"terça-feira, 23 de março de 2021",9542,1,1,R$ 21,R$ 21
1008,"sexta-feira, 26 de março de 2021",5057,2,1,R$ 24,R$ 24
1015,"sexta-feira, 26 de março de 2021",1066,15,1,R$ 7,R$ 7
1243,"sábado, 10 de abril de 2021",1974,7,1,R$ 60,R$ 60
1306,"quarta-feira, 14 de abril de 2021",1115,12,1,R$ 46,R$ 46
1350,"domingo, 18 de abril de 2021",3504,8,1,R$ 45,R$ 45
1379,"segunda-feira, 19 de abril de 2021",4163,20,1,R$ 80,R$ 80
1457,"domingo, 25 de abril de 2021",5650,6,1,R$ 20,R$ 20
1520,"sexta-feira, 30 de abril de 2021",8492,3,1,R$ 27,R$ 27
1571,"terça-feira, 4 de maio de 2021",5720,15,1,R$ 7,R$ 7
1589,"terça-feira, 4 de maio de 2021",8908,2,1,R$ 24,R$ 24
1711,"quinta-feira, 13 de maio de 2021",9794,15,1,R$ 7,R$ 7
1719,"sexta-feira, 14 de maio de 2021",3605,18,1,R$ 45,R$ 45
1745,"segunda-feira, 17 de maio de 2021",8418,15,1,R$ 7,R$ 7
1747,"segunda-feira, 17 de maio de 2021",1934,14,1,"R$ 2,5","R$ 2,5"
1784,"quinta-feira, 20 de maio de 2021",6425,4,1,R$ 6,R$ 6
2073,"domingo, 13 de junho de 2021",9302,7,1,R$ 60,R$ 60
2259,"segunda-feira, 28 de junho de 2021",2135,2,1,R$ 24,R$ 24
2425,"segunda-feira, 12 de julho de 2021",3549,12,1,R$ 46,R$ 46
2527,"terça-feira, 20 de julho de 2021",7461,16,1,R$ 25,R$ 25
2592,"segunda-feira, 26 de julho de 2021",2815,14,1,"R$ 2,5","R$ 2,5"
2598,"segunda-feira, 26 de julho de 2021",492,12,1,R$ 46,R$ 46
2847,"segunda-feira, 16 de agosto de 2021",8970,1,1,R$ 21,R$ 21
2909,"sexta-feira, 20 de agosto de 2021",6504,17,1,R$ 60,R$ 60
2970,"quarta-feira, 25 de agosto de 2021",1603,6,1,R$ 20,R$ 20
3050,"quarta-feira, 1 de setembro de 2021",8441,6,1,R$ 20,R$ 20
3074,"sábado, 4 de setembro de 2021",1896,19,1,R$ 40,R$ 40
3294,"terça-feira, 21 de setembro de 2021",5555,3,1,R$ 27,R$ 27
3322,"sábado, 25 de setembro de 2021",1925,1,1,R$ 21,R$ 21
3517,"sábado, 9 de outubro de 2021",4394,17,1,R$ 60,R$ 60
3533,"domingo, 10 de outubro de 2021",1728,13,1,R$ 50,R$ 50
3536,"segunda-feira, 11 de outubro de 2021",1417,19,1,R$ 40,R$ 40
3710,"terça-feira, 26 de outubro de 2021",4117,13,1,R$ 50,R$ 50
4080,"terça-feira, 23 de novembro de 2021",8770,2,1,R$ 24,R$ 24
4328,"sexta-feira, 10 de dezembro de 2021",5822,10,1,R$ 70,R$ 70
4366,"sábado, 11 de dezembro de 2021",4076,4,1,R$ 6,R$ 6
4451,"sexta-feira, 17 de dezembro de 2021",9439,18,1,R$ 45,R$ 45
4529,"terça-feira, 21 de dezembro de 2021",736,3,1,R$ 27,R$ 27
4530,"quarta-feira, 22 de dezembro de 2021",1184,12,1,R$ 46,R$ 46
4702,"quinta-feira, 30 de dezembro de 2021",6684,14,1,"R$ 2,5","R$ 2,5"
4901,"sábado, 8 de janeiro de 2022",2320,18,1,R$ 45,R$ 45
5159,"quarta-feira, 19 de janeiro de 2022",3721,9,1,R$ 30,R$ 30
5478,"segunda-feira, 31 de janeiro de 2022",5162,8,1,R$ 45,R$ 45
5520,"terça-feira, 1 de fevereiro de 2022",4979,11,1,R$ 42,R$ 42
5783,"quinta-feira, 10 de fevereiro de 2022",3636,8,1,R$ 45,R$ 45
5841,"sábado, 12 de fevereiro de 2022",394,14,1,"R$ 2,5","R$ 2,5"
5861,"domingo, 13 de fevereiro de 2022",8626,3,1,R$ 27,R$ 27
5975,"quinta-feira, 17 de fevereiro de 2022",1107,7,1,R$ 60,R$ 60
6234,"sábado, 26 de fevereiro de 2022",1985,5,1,R$ 7,R$ 7
7152,"sábado, 2 de abril de 2022",3247,10,1,R$ 70,R$ 70
7293,"quinta-feira, 7 de abril de 2022",6751,12,1,R$ 46,R$ 46
7330,"sexta-feira, 8 de abril de 2022",8830,7,1,R$ 60,R$ 60
7738,"domingo, 24 de abril de 2022",468,16,1,R$ 25,R$ 25
8208,"terça-feira, 10 de maio de 2022",5045,20,1,R$ 80,R$ 80
8389,"quarta-feira, 18 de maio de 2022",443,8,1,R$ 45,R$ 45
8578,"terça-feira, 24 de maio de 2022",4622,14,1,"R$ 2,5","R$ 2,5"
8612,"quarta-feira, 25 de maio de 2022",3703,13,1,R$ 50,R$ 50
8778,"terça-feira, 31 de maio de 2022",9421,5,1,R$ 7,R$ 7
8877,"sábado, 4 de junho de 2022",7683,9,1,R$ 30,R$ 30
9129,"segunda-feira, 13 de junho de 2022",4494,8,1,R$ 45,R$ 45
9256,"sábado, 18 de junho de 2022",4154,8,1,R$ 45,R$ 45
9285,"domingo, 19 de junho de 2022",2660,5,1,R$ 7,R$ 7
10037,"sábado, 16 de julho de 2022",10028,9,1,R$ 30,R$ 30
10407,"sábado, 30 de julho de 2022",3757,1,1,R$ 21,R$ 21
11210,"terça-feira, 30 de agosto de 2022",3504,5,1,R$ 7,R$ 7
11213,"terça-feira, 30 de agosto de 2022",6074,18,1,R$ 45,R$ 45
11355,"segunda-feira, 5 de setembro de 2022",2984,2,1,R$ 24,R$ 24
11933,"domingo, 25 de setembro de 2022",6383,20,1,R$ 80,R$ 80
12030,"quarta-feira, 28 de setembro de 2022",1639,17,1,R$ 60,R$ 60
12147,"segunda-feira, 3 de outubro de 2022",4651,5,1,R$ 7,R$ 7
12157,"terça-feira, 4 de outubro de 2022",9018,11,1,R$ 42,R$ 42
12207,"quarta-feira, 5 de outubro de 2022",1494,20,1,R$ 80,R$ 80
12331,"segunda-feira, 10 de outubro de 2022",10063,14,1,"R$ 2,5","R$ 2,5"
12515,"segunda-feira, 17 de outubro de 2022",7173,7,1,R$ 60,R$ 60
12546,"terça-feira, 18 de outubro de 2022",8480,2,1,R$ 24,R$ 24
12578,"quarta-feira, 19 de outubro de 2022",10023,1,1,R$ 21,R$ 21
12612,"quinta-feira, 20 de outubro de 2022",3673,13,1,R$ 50,R$ 50
12924,"segunda-feira, 31 de outubro de 2022",6629,15,1,R$ 7,R$ 7
13272,"sábado, 12 de novembro de 2022",1586,3,1,R$ 27,R$ 27
13435,"sexta-feira, 18 de novembro de 2022",1740,9,1,R$ 30,R$ 30
13530,"terça-feira, 22 de novembro de 2022",9326,3,1,R$ 27,R$ 27
13964,"sexta-feira, 16 de dezembro de 2022",5549,6,1,R$ 20,R$ 20
3712,"quarta-feira, 27 de outubro de 2021",4351,2,8,R$ 24,R$ 192
8898,"domingo, 5 de junho de 2022",9533,11,8,R$ 42,R$ 336
